datetime,vpin_slope3_p0.7,vpin_slope3_p0.8,vpin_slope3_p0.9,vpin_slope5_p0.7,vpin_slope5_p0.8,vpin_slope5_p0.9,vpin_slope10_p0.7,vpin_slope10_p0.8,vpin_slope10_p0.9
2023-06-07,0.0016482950448131,0.0016482950448131,0.0016482950448131,0.0016482950448131,0.0016482950448131,0.0016482950448131,0.0016482950448131,0.0016482950448131,0.0016482950448131
2023-06-08,-0.0008227913195515,-0.0008227913195515,-0.0008227913195515,-0.0008227913195515,-0.0008227913195515,-0.0008227913195515,-0.0008227913195515,-0.0008227913195515,-0.0008227913195515
2023-06-09,0.0038085434894492,0.0038085434894492,0.0038085434894492,0.0038085434894492,0.0038085434894492,0.0038085434894492,0.0038085434894492,0.0038085434894492,0.0038085434894492
2023-06-12,0.0010254306808861,0.0010254306808861,0.0010254306808861,0.0010254306808861,0.0010254306808861,0.0010254306808861,0.0010254306808861,0.0010254306808861,0.0010254306808861
2023-06-13,-0.0001,-0.0001,0.0043023970497848,-0.0001,-0.0001,0.0043023970497848,-0.0001,-0.0001,0.0043023970497848
2023-06-14,0.0028579763361893003,0.0028579763361893003,0.0029579763361893,0.0028579763361893003,0.0028579763361893003,0.0029579763361893,0.0028579763361893003,0.0028579763361893003,0.0029579763361893
2023-06-15,-0.0057968066714124,-0.0057968066714124,-0.0057968066714124,-0.0057968066714124,-0.0057968066714124,-0.0057968066714124,-0.0057968066714124,-0.0057968066714124,-0.0057968066714124
2023-06-16,-0.0038870703764322,-0.0038870703764322,-0.0038870703764322,-0.0038870703764322,-0.0038870703764322,-0.0038870703764322,-0.0038870703764322,-0.0038870703764322,-0.0038870703764322
2023-06-19,-0.0023618812897924,-0.0023618812897924,-0.0023618812897924,-0.0023618812897924,-0.0023618812897924,-0.0023618812897924,-0.0023618812897924,-0.0023618812897924,-0.0023618812897924
2023-06-20,-0.0001,-0.0001,0.0021616057642819,-0.0001,-0.0001,0.0021616057642819,-0.0001,-0.0001,0.0021616057642819
2023-06-21,0.0013379622021363,0.0013379622021363,0.0014379622021363,0.0013379622021363,0.0013379622021363,0.0014379622021363,0.0013379622021363,0.0013379622021363,0.0014379622021363
2023-06-26,0.0020512820512821,0.0020512820512821,0.0020512820512821,0.0020512820512821,0.0020512820512821,0.0020512820512821,0.0020512820512821,0.0020512820512821,0.0020512820512821
2023-06-27,-0.0001,-0.0001,-0.0014329580348003,-0.0014329580348003,-0.0014329580348003,-0.0014329580348003,-0.0001,-0.0001,-0.0014329580348003
2023-06-28,0.0021550225502255,0.0021550225502255,0.0022550225502255,0.0022550225502255,0.0022550225502255,0.0022550225502255,0.0021550225502255,0.0021550225502255,0.0022550225502255
2023-06-29,0.0004090816117814,0.0004090816117814,0.0004090816117814,0.0004090816117814,0.0004090816117814,0.0004090816117814,0.0004090816117814,0.0004090816117814,0.0004090816117814
2023-06-30,0.0028624003271315,0.0028624003271315,0.0028624003271315,0.0028624003271315,0.0028624003271315,0.0028624003271315,0.0028624003271315,0.0028624003271315,0.0028624003271315
2023-07-03,-0.0001,-0.0001,-0.0001,-0.0001,-0.0001,-0.0001,-0.0001,-0.0001,-0.0001
2023-07-04,-0.0022446078431373,-0.0022446078431373,-0.0022446078431373,-0.0022446078431373,-0.0022446078431373,-0.0022446078431373,-0.0022446078431373,-0.0022446078431373,-0.0022446078431373
2023-07-05,0.0033773411114523,0.0033773411114523,0.0033773411114523,0.0033773411114523,0.0033773411114523,0.0033773411114523,0.0033773411114523,0.0033773411114523,0.0033773411114523
2023-07-06,-0.0001,-0.0001,-0.0007139942880457,-0.0001,-0.0001,-0.0007139942880457,-0.0001,-0.0001,-0.0007139942880457
2023-07-07,0.0013290088802694999,0.0013290088802694999,0.0014290088802695,0.0013290088802694999,0.0013290088802694999,0.0014290088802695,0.0013290088802694999,0.0013290088802694999,0.0014290088802695
2023-07-10,-0.0001,-0.0001,-0.0001,-0.0001,-0.0001,-0.0001,-0.0001,-0.0001,-0.0001
2023-07-11,0.0006122507122505,0.0006122507122505,0.0006122507122505,0.0006122507122505,0.0006122507122505,0.0006122507122505,0.0006122507122505,0.0006122507122505,0.0006122507122505
2023-07-12,0.001423487544484,0.001423487544484,0.001423487544484,0.001423487544484,0.001423487544484,0.001423487544484,0.001423487544484,0.001423487544484,0.001423487544484
2023-07-13,-0.0001,-0.0001,-0.0009137983551628,-0.0001,-0.0001,-0.0009137983551628,-0.0001,-0.0001,-0.0009137983551628
2023-07-14,-0.0004048780487805,-0.0004048780487805,-0.0003048780487805,-0.0004048780487805,-0.0004048780487805,-0.0003048780487805,-0.0004048780487805,-0.0004048780487805,-0.0003048780487805
2023-07-17,-0.0001,-0.0001,-0.0001,-0.0001,-0.0001,-0.0001,-0.0001,-0.0001,-0.0001
2023-07-18,0.0014206812652068,0.0014206812652068,0.0014206812652068,0.0014206812652068,0.0014206812652068,0.0014206812652068,0.0014206812652068,0.0014206812652068,0.0014206812652068
2023-07-19,-0.0005061241016298,-0.0005061241016298,-0.0005061241016298,-0.0005061241016298,-0.0005061241016298,-0.0005061241016298,-0.0005061241016298,-0.0005061241016298,-0.0005061241016298
2023-07-20,0.0012153129430829,0.0012153129430829,0.0012153129430829,0.0012153129430829,0.0012153129430829,0.0012153129430829,0.0012153129430829,0.0012153129430829,0.0012153129430829
2023-07-21,-0.0001,-0.0001,0.0041472789803762,0.0041472789803762,0.0041472789803762,0.0041472789803762,0.0041472789803762,0.0041472789803762,0.0041472789803762
2023-07-24,0.0026198549410698002,0.0026198549410698002,0.0027198549410698,0.0027198549410698,0.0027198549410698,0.0027198549410698,0.0027198549410698,0.0027198549410698,0.0027198549410698
2023-07-25,-0.0089411291942937,-0.0089411291942937,-0.0089411291942937,-0.0089411291942937,-0.0089411291942937,-0.0089411291942937,-0.0089411291942937,-0.0089411291942937,-0.0089411291942937
2023-07-26,0.0045615813482005,0.0045615813482005,0.0045615813482005,0.0045615813482005,0.0045615813482005,0.0045615813482005,0.0045615813482005,0.0045615813482005,0.0045615813482005
2023-07-27,0.001614530776993,0.001614530776993,0.001614530776993,0.001614530776993,0.001614530776993,0.001614530776993,0.001614530776993,0.001614530776993,0.001614530776993
2023-07-28,-0.001611928269192,-0.001611928269192,-0.001611928269192,-0.001611928269192,-0.001611928269192,-0.001611928269192,-0.001611928269192,-0.001611928269192,-0.001611928269192
2023-07-31,-0.0001,-0.0012108980827446,-0.0012108980827446,-0.0001,-0.0012108980827446,-0.0012108980827446,-0.0012108980827446,-0.0012108980827446,-0.0012108980827446
2023-08-01,0.0006072135785006,0.0007072135785006,0.0007072135785006,0.0006072135785006,0.0007072135785006,0.0007072135785006,0.0007072135785006,0.0007072135785006,0.0007072135785006
2023-08-02,0.0015143866733973,0.0015143866733973,0.0015143866733973,0.0015143866733973,0.0015143866733973,0.0015143866733973,0.0015143866733973,0.0015143866733973,0.0015143866733973
2023-08-03,0.0017137096774193,0.0017137096774193,0.0017137096774193,0.0017137096774193,0.0017137096774193,0.0017137096774193,0.0017137096774193,0.0017137096774193,0.0017137096774193
2023-08-04,0.0010063399416322,0.0010063399416322,0.0010063399416322,0.0010063399416322,0.0010063399416322,0.0010063399416322,0.0010063399416322,0.0010063399416322,0.0010063399416322
2023-08-07,0.0007037297677692,0.0007037297677692,0.0007037297677692,0.0007037297677692,0.0007037297677692,0.0007037297677692,0.0007037297677692,0.0007037297677692,0.0007037297677692
2023-08-08,-0.0006027727546714,-0.0006027727546714,-0.0006027727546714,-0.0006027727546714,-0.0006027727546714,-0.0006027727546714,-0.0006027727546714,-0.0006027727546714,-0.0006027727546714
2023-08-09,0.0005026135906713,0.0005026135906713,0.0005026135906713,0.0005026135906713,0.0005026135906713,0.0005026135906713,0.0005026135906713,0.0005026135906713,0.0005026135906713
2023-08-10,-0.000904249974882,-0.000904249974882,-0.000904249974882,-0.000904249974882,-0.000904249974882,-0.000904249974882,-0.000904249974882,-0.000904249974882,-0.000904249974882
2023-08-11,0.0011061946902655,0.0011061946902655,0.0011061946902655,0.0011061946902655,0.0011061946902655,0.0011061946902655,0.0011061946902655,0.0011061946902655,0.0011061946902655
2023-08-14,0.0031140130587643,0.0031140130587643,0.0031140130587643,0.0031140130587643,0.0031140130587643,0.0031140130587643,0.0031140130587643,0.0031140130587643,0.0031140130587643
2023-08-15,0.0070098137392349,0.0070098137392349,0.0070098137392349,0.0070098137392349,0.0070098137392349,0.0070098137392349,0.0070098137392349,0.0070098137392349,0.0070098137392349
2023-08-16,0.0022871917263325,0.0022871917263325,0.0022871917263325,0.0022871917263325,0.0022871917263325,0.0022871917263325,0.0022871917263325,0.0022871917263325,0.0022871917263325
2023-08-17,-0.0029764857624765,-0.0029764857624765,-0.0029764857624765,-0.0029764857624765,-0.0029764857624765,-0.0029764857624765,-0.0029764857624765,-0.0029764857624765,-0.0029764857624765
2023-08-18,0.0026868345108967,0.0026868345108967,0.0026868345108967,0.0026868345108967,0.0026868345108967,0.0026868345108967,0.0026868345108967,0.0026868345108967,0.0026868345108967
2023-08-22,-0.0001,-0.0001,-0.0001,-0.0001,-0.0001,-0.0001,-0.0001,-0.0001,-0.0001
2023-08-23,0.0,0.0,0.0,0.0,0.0,0.0,0.0,0.0,0.0
2023-08-24,0.0012831258644536,0.0012831258644536,0.0012831258644536,0.0012831258644536,0.0012831258644536,0.0012831258644536,0.0012831258644536,0.0012831258644536,0.0012831258644536
2023-08-25,-0.0024664561957379,-0.0024664561957379,-0.0024664561957379,-0.0024664561957379,-0.0024664561957379,-0.0024664561957379,-0.0024664561957379,-0.0024664561957379,-0.0024664561957379
2023-08-28,-0.0007912174859063,-0.0007912174859063,-0.0007912174859063,-0.0007912174859063,-0.0007912174859063,-0.0007912174859063,-0.0007912174859063,-0.0007912174859063,-0.0007912174859063
2023-08-29,-0.0024745125210333,-0.0024745125210333,-0.0024745125210333,-0.0024745125210333,-0.0024745125210333,-0.0024745125210333,-0.0024745125210333,-0.0024745125210333,-0.0024745125210333
2023-08-30,0.000198452073824,0.000198452073824,0.000198452073824,0.000198452073824,0.000198452073824,0.000198452073824,0.000198452073824,0.000198452073824,0.000198452073824
2023-08-31,-0.0001,-0.0001,0.0006944444444445,-0.0001,-0.0001,0.0006944444444445,0.0006944444444445,0.0006944444444445,0.0006944444444445
2023-09-01,-0.0048586001784475,-0.0048586001784475,-0.0047586001784475,-0.0048586001784475,-0.0048586001784475,-0.0047586001784475,-0.0047586001784475,-0.0047586001784475,-0.0047586001784475
2023-09-04,-0.0061759139356509,-0.0061759139356509,-0.0061759139356509,-0.0061759139356509,-0.0061759139356509,-0.0061759139356509,-0.0061759139356509,-0.0061759139356509,-0.0061759139356509
2023-09-05,-0.001804149543951,-0.001804149543951,-0.001804149543951,-0.001804149543951,-0.001804149543951,-0.001804149543951,-0.001804149543951,-0.001804149543951,-0.001804149543951
2023-09-06,-0.003614820765137,-0.003614820765137,-0.003614820765137,-0.003614820765137,-0.003614820765137,-0.003614820765137,-0.003614820765137,-0.003614820765137,-0.003614820765137
2023-09-07,-0.0001,-0.0001,-0.0001,-0.0001,-0.0001,-0.0001,-0.0001,-0.0001,-0.0001
2023-09-08,0.0,0.0,0.0,0.0,0.0,0.0,0.0,0.0,0.0
2023-09-11,-0.0012085357250831,-0.0012085357250831,-0.0012085357250831,-0.0,-0.0012085357250831,-0.0012085357250831,-0.0,-0.0012085357250831,-0.0012085357250831
2023-09-12,0.0002017756255043,0.0002017756255043,0.0002017756255043,0.0001017756255043,0.0002017756255043,0.0002017756255043,0.0001017756255043,0.0002017756255043,0.0002017756255043
2023-09-13,0.001714746822675,0.001714746822675,0.001714746822675,0.001714746822675,0.001714746822675,0.001714746822675,0.001714746822675,0.001714746822675,0.001714746822675
2023-09-14,0.0053368240861948,0.0053368240861948,0.0053368240861948,0.0053368240861948,0.0053368240861948,0.0053368240861948,0.0053368240861948,0.0053368240861948,0.0053368240861948
2023-09-15,-0.0001,-0.0001,-0.0070112179487179,-0.0001,-0.0001,-0.0070112179487179,-0.0001,-0.0001,-0.0070112179487179
2023-09-18,-0.0,-0.0,-0.0001,-0.0,-0.0,-0.0001,-0.0,-0.0,-0.0001
2023-09-19,0.0008097341554633,0.0008097341554633,0.0008097341554633,0.0008097341554633,0.0008097341554633,0.0008097341554633,0.0008097341554633,0.0008097341554633,0.0008097341554633
2023-09-20,-0.0008079175924055,-0.0008079175924055,-0.0008079175924055,-0.0001,-0.0008079175924055,-0.0008079175924055,-0.0008079175924055,-0.0008079175924055,-0.0008079175924055
2023-09-21,0.002021427127552,0.002021427127552,0.002021427127552,0.0019214271275519999,0.002021427127552,0.002021427127552,0.002021427127552,0.002021427127552,0.002021427127552
2023-09-22,-0.0059511801492838,-0.0059511801492838,-0.0059511801492838,-0.0059511801492838,-0.0059511801492838,-0.0059511801492838,-0.0059511801492838,-0.0059511801492838,-0.0059511801492838
2023-09-25,-0.0001,-0.0001,-0.0001,-0.0001,-0.0001,-0.0001,-0.0001,-0.0001,-0.0001
2023-09-26,0.0,0.0,0.0,0.0,0.0,0.0,0.0,0.0,0.0
2023-09-27,0.0006118885385945999,0.0006118885385945999,0.0006118885385945999,0.0,0.0,0.0,0.0,0.0,0.0
2023-09-28,0.0042682926829267,0.0042682926829267,0.0042682926829267,0.0,0.0041682926829267,0.0041682926829267,0.0,0.0041682926829267,0.0041682926829267
2023-10-09,0.0011131349929165,0.0011131349929165,0.0011131349929165,0.0010131349929165,0.0011131349929165,0.0011131349929165,0.0,0.0011131349929165,0.0011131349929165
2023-10-10,-0.0001,-0.0001,-0.0001,-0.0016173051652684,-0.0016173051652684,-0.0016173051652684,-0.0,-0.0001,-0.0001
2023-10-11,-0.0032386048395262,-0.0032386048395262,-0.0032386048395262,-0.0031386048395262,-0.0031386048395262,-0.0031386048395262,-0.0032386048395262,-0.0032386048395262,-0.0032386048395262
2023-10-12,0.0006093845216332,0.0006093845216332,0.0006093845216332,0.0006093845216332,0.0006093845216332,0.0006093845216332,0.0006093845216332,0.0006093845216332,0.0006093845216332
2023-10-13,-0.0001,0.0019285424279333,0.0019285424279333,0.0019285424279333,0.0019285424279333,0.0019285424279333,0.0019285424279333,0.0019285424279333,0.0019285424279333
2023-10-16,0.0016222165940633,0.0017222165940633,0.0017222165940633,0.0017222165940633,0.0017222165940633,0.0017222165940633,0.0017222165940633,0.0017222165940633,0.0017222165940633
2023-10-17,-0.0020226537216827,-0.0020226537216827,-0.0020226537216827,-0.0020226537216827,-0.0020226537216827,-0.0020226537216827,-0.0020226537216827,-0.0020226537216827,-0.0020226537216827
2023-10-18,-0.0017227401702473,-0.0017227401702473,-0.0017227401702473,-0.0017227401702473,-0.0017227401702473,-0.0017227401702473,-0.0017227401702473,-0.0017227401702473,-0.0017227401702473
2023-10-19,-0.0044665516191251,-0.0044665516191251,-0.0044665516191251,-0.0044665516191251,-0.0044665516191251,-0.0044665516191251,-0.0044665516191251,-0.0044665516191251,-0.0044665516191251
2023-10-20,-0.0001,-0.0001,0.003670847353931,-0.0001,-0.0001,0.003670847353931,0.003670847353931,0.003670847353931,0.003670847353931
2023-10-23,0.0,0.0022366859697244,0.0023366859697244,0.0,0.0022366859697244,0.0023366859697244,0.0023366859697244,0.0023366859697244,0.0023366859697244
2023-10-24,-0.0034448205959861,-0.0033448205959861,-0.0033448205959861,-0.0,-0.0033448205959861,-0.0033448205959861,-0.0001,-0.0033448205959861,-0.0033448205959861
2023-10-25,0.0008135869012508,0.0008135869012508,0.0008135869012508,0.0007135869012508,0.0008135869012508,0.0008135869012508,0.0007135869012508,0.0008135869012508,0.0008135869012508
2023-10-26,-0.0001,-0.0001,-0.0001,-0.0001,-0.0001,-0.0001,-0.0001,-0.0001,-0.0001
2023-10-27,-0.0017275048316549,-0.0017275048316549,-0.0017275048316549,-0.0017275048316549,-0.0017275048316549,-0.0017275048316549,-0.0017275048316549,-0.0017275048316549,-0.0017275048316549
2023-10-30,0.0007131940906774,0.0007131940906774,0.0007131940906774,-0.0001,-0.0001,0.0007131940906774,-0.0001,-0.0001,0.0007131940906774
2023-10-31,-0.0001,-0.0001,0.0026471187130931,0.0,0.0,0.0026471187130931,0.0,0.0,0.0026471187130931
2023-11-01,0.0007123476848088999,0.0007123476848088999,0.0008123476848089,0.0007123476848088999,0.0007123476848088999,0.0008123476848089,0.0007123476848088999,0.0007123476848088999,0.0008123476848089
2023-11-02,0.0041599025974026,0.0041599025974026,0.0041599025974026,0.0041599025974026,0.0041599025974026,0.0041599025974026,0.0041599025974026,0.0041599025974026,0.0041599025974026
2023-11-03,-0.0003031221582298,-0.0003031221582298,-0.0003031221582298,-0.0003031221582298,-0.0003031221582298,-0.0003031221582298,-0.0003031221582298,-0.0003031221582298,-0.0003031221582298
2023-11-06,-0.0001,0.0003032140691328,0.0003032140691328,0.0003032140691328,0.0003032140691328,0.0003032140691328,0.0003032140691328,0.0003032140691328,0.0003032140691328
2023-11-07,-0.0007062443164595001,-0.0006062443164595,-0.0006062443164595,-0.0006062443164595,-0.0006062443164595,-0.0006062443164595,-0.0006062443164595,-0.0006062443164595,-0.0006062443164595
2023-11-08,0.0022242442624607,0.0022242442624607,0.0022242442624607,0.0022242442624607,0.0022242442624607,0.0022242442624607,0.0022242442624607,0.0022242442624607,0.0022242442624607
2023-11-09,-0.0001,-0.000100877635428,-0.000100877635428,-0.0001,-0.000100877635428,-0.000100877635428,-0.0001,-0.000100877635428,-0.000100877635428
2023-11-10,0.0022204196933008,0.0023204196933008,0.0023204196933008,0.0022204196933008,0.0023204196933008,0.0023204196933008,0.0022204196933008,0.0023204196933008,0.0023204196933008
2023-11-13,0.0015098137896327,0.0015098137896327,0.0015098137896327,0.0015098137896327,0.0015098137896327,0.0015098137896327,0.0015098137896327,0.0015098137896327,0.0015098137896327
2023-11-14,-0.0001,-0.0020100502512563,-0.0020100502512563,-0.0001,-0.0020100502512563,-0.0020100502512563,-0.0001,-0.0020100502512563,-0.0020100502512563
2023-11-15,0.0006049345417925999,0.0007049345417926,0.0007049345417926,0.0006049345417925999,0.0007049345417926,0.0007049345417926,0.0006049345417925999,0.0007049345417926,0.0007049345417926
2023-11-16,0.0021133138774276,0.0021133138774276,0.0021133138774276,0.0021133138774276,0.0021133138774276,0.0021133138774276,0.0021133138774276,0.0021133138774276,0.0021133138774276
2023-11-17,0.0015063265716008,0.0015063265716008,0.0015063265716008,0.0015063265716008,0.0015063265716008,0.0015063265716008,0.0015063265716008,0.0015063265716008,0.0015063265716008
2023-11-20,-0.0004010829238946,-0.0004010829238946,-0.0004010829238946,-0.0004010829238946,-0.0004010829238946,-0.0004010829238946,-0.0004010829238946,-0.0004010829238946,-0.0004010829238946
2023-11-21,-0.0001,-0.0001,-0.0009027986758952,-0.0001,-0.0001,-0.0009027986758952,-0.0001,-0.0001,-0.0009027986758952
2023-11-22,-0.0024092369477909997,-0.0024092369477909997,-0.002309236947791,-0.0024092369477909997,-0.0024092369477909997,-0.002309236947791,-0.0024092369477909997,-0.0024092369477909997,-0.002309236947791
2023-11-24,0.0007086454747924,0.0007086454747924,0.0007086454747924,0.0007086454747924,0.0007086454747924,0.0007086454747924,0.0007086454747924,0.0007086454747924,0.0007086454747924
2023-11-27,-0.0019221041982802,-0.0019221041982802,-0.0019221041982802,-0.0019221041982802,-0.0019221041982802,-0.0019221041982802,-0.0019221041982802,-0.0019221041982802,-0.0019221041982802
2023-11-28,0.0042570443948914,0.0042570443948914,0.0042570443948914,0.0042570443948914,0.0042570443948914,0.0042570443948914,0.0042570443948914,0.0042570443948914,0.0042570443948914
2023-11-29,0.0020185708518369,0.0020185708518369,0.0020185708518369,0.0020185708518369,0.0020185708518369,0.0020185708518369,0.0020185708518369,0.0020185708518369,0.0020185708518369
2023-11-30,0.0013094278807412,0.0013094278807412,0.0013094278807412,0.0013094278807412,0.0013094278807412,0.0013094278807412,0.0013094278807412,0.0013094278807412,0.0013094278807412
2023-12-01,-0.0001,-0.0001,-0.0001005935016596,-0.0001,-0.0001,-0.0001005935016596,-0.0001005935016596,-0.0001005935016596,-0.0001005935016596
2023-12-04,-0.0010054325955735,-0.0010054325955735,-0.0009054325955735,-0.0010054325955735,-0.0010054325955735,-0.0009054325955735,-0.0009054325955735,-0.0009054325955735,-0.0009054325955735
2023-12-05,0.0021145906756621,0.0021145906756621,0.0021145906756621,0.0021145906756621,0.0021145906756621,0.0021145906756621,0.0021145906756621,0.0021145906756621,0.0021145906756621
2023-12-06,-0.0001,-0.0011053054662378,-0.0011053054662378,-0.0001,-0.0011053054662378,-0.0011053054662378,-0.0011053054662378,-0.0011053054662378,-0.0011053054662378
2023-12-07,0.0,0.0007041545116186,0.0007041545116186,0.0,0.0007041545116186,0.0007041545116186,-0.0001,0.0007041545116186,0.0007041545116186
2023-12-08,0.0006036590269399999,0.00070365902694,0.00070365902694,0.0,0.00070365902694,0.00070365902694,0.0,0.00070365902694,0.00070365902694
2023-12-11,-0.0001,-0.0001,0.002611752887996,0.0,-0.0001,0.002611752887996,0.0,-0.0001,0.002611752887996
2023-12-12,-0.0012020939785592,-0.0012020939785592,-0.0011020939785592,-0.0012020939785592,-0.0012020939785592,-0.0011020939785592,-0.0,-0.0012020939785592,-0.0011020939785592
2023-12-13,0.0056168505516549,0.0056168505516549,0.0056168505516549,0.0056168505516549,0.0056168505516549,0.0056168505516549,0.0055168505516549,0.0056168505516549,0.0056168505516549
2023-12-14,-0.0013963694394574,-0.0013963694394574,-0.0013963694394574,-0.0013963694394574,-0.0013963694394574,-0.0013963694394574,-0.0013963694394574,-0.0013963694394574,-0.0013963694394574
2023-12-15,0.0047942469037154,0.0047942469037154,0.0047942469037154,0.0047942469037154,0.0047942469037154,0.0047942469037154,0.0047942469037154,0.0047942469037154,0.0047942469037154
2023-12-18,-0.0001,-0.0001,0.0008946322067595,-0.0001,-0.0001,0.0008946322067595,0.0008946322067595,0.0008946322067595,0.0008946322067595
2023-12-19,0.0006945178269936,0.0006945178269936,0.0007945178269936,0.0006945178269936,0.0006945178269936,0.0007945178269936,0.0007945178269936,0.0007945178269936,0.0007945178269936
2023-12-20,0.0009923588369555,0.0009923588369555,0.0009923588369555,0.0009923588369555,0.0009923588369555,0.0009923588369555,0.0009923588369555,0.0009923588369555,0.0009923588369555
2023-12-21,-0.0001,-0.0001,-0.0001,-0.0001,-0.0001,-0.0001,-0.0001,-0.0001,-0.0001
2023-12-22,0.0014793110255649999,0.0014793110255649999,0.0014793110255649999,0.0014793110255649999,0.0014793110255649999,0.0014793110255649999,0.0014793110255649999,0.0014793110255649999,0.0014793110255649999
2023-12-25,0.007095693308367,0.007095693308367,0.007095693308367,0.007095693308367,0.007095693308367,0.007095693308367,0.007095693308367,0.007095693308367,0.007095693308367
2023-12-26,-0.0036207065270574,-0.0036207065270574,-0.0036207065270574,-0.0036207065270574,-0.0036207065270574,-0.0036207065270574,-0.0036207065270574,-0.0036207065270574,-0.0036207065270574
2023-12-27,-0.0001,-0.0001,-0.0001,-0.0001,-0.0001,-0.0001,-0.0001,-0.0001,-0.0001
2023-12-28,-0.0,-0.0,-0.0,-0.0,-0.0,-0.0,-0.0,-0.0,-0.0
2023-12-29,-0.0004932363350372,-0.0004932363350372,-0.0004932363350372,-0.0004932363350372,-0.0004932363350372,-0.0004932363350372,-0.0004932363350372,-0.0004932363350372,-0.0004932363350372
2024-01-02,-0.0006884343036979,-0.0006884343036979,-0.0006884343036979,-0.0006884343036979,-0.0006884343036979,-0.0006884343036979,-0.0006884343036979,-0.0006884343036979,-0.0006884343036979
2024-01-03,0.0001968310205688,0.0001968310205688,0.0001968310205688,0.0001968310205688,0.0001968310205688,0.0001968310205688,0.0001968310205688,0.0001968310205688,0.0001968310205688
2024-01-04,-0.0001,-0.0001,0.0012791498573256,0.0012791498573256,0.0012791498573256,0.0012791498573256,0.0012791498573256,0.0012791498573256,0.0012791498573256
2024-01-05,0.0,0.0,0.0039308176100627,-0.0001,-0.0001,0.0039308176100627,-0.0001,-0.0001,0.0039308176100627
2024-01-08,-0.00019788566953794486,-0.00019788566953794486,-9.788566953794486e-05,-0.00019788566953794486,-0.00019788566953794486,-9.788566953794486e-05,-0.00019788566953794486,-0.00019788566953794486,-9.788566953794486e-05
2024-01-09,0.0063631913852177,0.0063631913852177,0.0063631913852177,0.0063631913852177,0.0063631913852177,0.0063631913852177,0.0063631913852177,0.0063631913852177,0.0063631913852177
2024-01-10,-0.0018482490272373,-0.0018482490272373,-0.0018482490272373,-0.0018482490272373,-0.0018482490272373,-0.0018482490272373,-0.0018482490272373,-0.0018482490272373,-0.0018482490272373
2024-01-11,-0.0008771074943962,-0.0008771074943962,-0.0008771074943962,-0.0008771074943962,-0.0008771074943962,-0.0008771074943962,-0.0008771074943962,-0.0008771074943962,-0.0008771074943962
2024-01-12,-0.0043893874365977,-0.0043893874365977,-0.0043893874365977,-0.0043893874365977,-0.0043893874365977,-0.0043893874365977,-0.0043893874365977,-0.0043893874365977,-0.0043893874365977
2024-01-15,0.0024492995003428,0.0024492995003428,0.0024492995003428,0.0024492995003428,0.0024492995003428,0.0024492995003428,0.0024492995003428,0.0024492995003428,0.0024492995003428
2024-01-16,-0.0001,-0.0001,-0.0001,-0.0001,-0.0001,-0.0001,-0.0001,-0.0001,-0.0001
2024-01-17,0.0027342455043002003,0.0027342455043002003,0.0027342455043002003,0.0027342455043002003,0.0027342455043002003,0.0027342455043002003,0.0027342455043002003,0.0027342455043002003,0.0027342455043002003
2024-01-18,0.0,0.0,0.0,0.0,0.0,0.0,0.0,0.0,0.0
2024-01-19,-0.0001,0.0035084299775849,0.0035084299775849,-0.0001,0.0035084299775849,0.0035084299775849,-0.0001,0.0035084299775849,0.0035084299775849
2024-01-22,0.0,0.0068952121977274,0.0068952121977274,0.0067952121977274,0.0068952121977274,0.0068952121977274,0.0,0.0068952121977274,0.0068952121977274
2024-01-23,-0.0012574074074074,-0.0011574074074074,-0.0011574074074074,-0.0011574074074074,-0.0011574074074074,-0.0011574074074074,-0.0012574074074074,-0.0011574074074074,-0.0011574074074074
2024-01-24,0.0010621861722672,0.0010621861722672,0.0010621861722672,0.0010621861722672,0.0010621861722672,0.0010621861722672,0.0010621861722672,0.0010621861722672,0.0010621861722672
2024-01-25,-0.0011575190508343,-0.0011575190508343,-0.0011575190508343,-0.0011575190508343,-0.0011575190508343,-0.0011575190508343,-0.0011575190508343,-0.0011575190508343,-0.0011575190508343
2024-01-26,-0.0001,-0.0001,-0.0001,-0.0001,-0.0001,-0.0001,-0.0001,-0.0001,-0.0001
2024-01-29,0.0022177209077740003,0.0022177209077740003,0.0022177209077740003,0.0022177209077740003,0.0022177209077740003,0.0022177209077740003,0.0022177209077740003,0.0022177209077740003,0.0022177209077740003
2024-01-30,0.0078042200597359,0.0078042200597359,0.0078042200597359,0.0078042200597359,0.0078042200597359,0.0078042200597359,0.0078042200597359,0.0078042200597359,0.0078042200597359
2024-01-31,0.0079349904397707,0.0079349904397707,0.0079349904397707,0.0079349904397707,0.0079349904397707,0.0079349904397707,0.0079349904397707,0.0079349904397707,0.0079349904397707
2024-02-01,-0.0027506402352271,-0.0027506402352271,-0.0027506402352271,-0.0027506402352271,-0.0027506402352271,-0.0027506402352271,-0.0027506402352271,-0.0027506402352271,-0.0027506402352271
2024-02-02,0.0,0.0,0.0,0.0,0.0,0.0,0.0,0.0,0.0
2024-02-05,0.0047555640098915,0.0047555640098915,0.0047555640098915,0.0047555640098915,0.0047555640098915,0.0047555640098915,0.0047555640098915,0.0047555640098915,0.0047555640098915
2024-02-06,-0.0093714502082543,-0.0093714502082543,-0.0093714502082543,-0.0093714502082543,-0.0093714502082543,-0.0093714502082543,-0.0093714502082543,-0.0093714502082543,-0.0093714502082543
2024-02-07,0.0050645007166747,0.0050645007166747,0.0050645007166747,0.0050645007166747,0.0050645007166747,0.0050645007166747,0.0050645007166747,0.0050645007166747,0.0050645007166747
2024-02-08,-0.0037079292641186,-0.0037079292641186,-0.0037079292641186,-0.0037079292641186,-0.0037079292641186,-0.0037079292641186,-0.0037079292641186,-0.0037079292641186,-0.0037079292641186
2024-02-19,0.0035308712663422,0.0035308712663422,0.0035308712663422,0.0035308712663422,0.0035308712663422,0.0035308712663422,0.0035308712663422,0.0035308712663422,0.0035308712663422
2024-02-21,0.0,0.0,0.0,0.0,0.0,0.0,0.0,0.0,0.0
2024-02-22,0.0019937339789235,0.0019937339789235,0.0019937339789235,0.0019937339789235,0.0019937339789235,0.0019937339789235,0.0019937339789235,0.0019937339789235,0.0019937339789235
2024-02-23,0.0027477733560734,0.0027477733560734,0.0027477733560734,0.0027477733560734,0.0027477733560734,0.0027477733560734,0.0027477733560734,0.0027477733560734,0.0027477733560734
2024-02-26,-0.0001,-0.0001,-0.0001,-0.0001,-0.0001,-0.0001,-0.0001,-0.0001,-0.0001
2024-02-27,0.0021571240477757003,0.0021571240477757003,0.0021571240477757003,0.0021571240477757003,0.0021571240477757003,0.0021571240477757003,0.0021571240477757003,0.0021571240477757003,0.0021571240477757003
2024-02-28,0.0031903912921085,0.0031903912921085,0.0031903912921085,0.0031903912921085,0.0031903912921085,0.0031903912921085,0.0031903912921085,0.0031903912921085,0.0031903912921085
2024-02-29,0.0040220746422225,0.0040220746422225,0.0040220746422225,0.0040220746422225,0.0040220746422225,0.0040220746422225,0.0040220746422225,0.0040220746422225,0.0040220746422225
2024-03-01,-0.0110862679336687,-0.0110862679336687,-0.0110862679336687,-0.0110862679336687,-0.0110862679336687,-0.0110862679336687,-0.0110862679336687,-0.0110862679336687,-0.0110862679336687
2024-03-04,0.0084785680640602,0.0084785680640602,0.0084785680640602,0.0084785680640602,0.0084785680640602,0.0084785680640602,0.0084785680640602,0.0084785680640602,0.0084785680640602
2024-03-05,-0.0036431574030826,-0.0036431574030826,-0.0036431574030826,-0.0036431574030826,-0.0036431574030826,-0.0036431574030826,-0.0036431574030826,-0.0036431574030826,-0.0036431574030826
2024-03-06,0.0058128633039564,0.0058128633039564,0.0058128633039564,0.0058128633039564,0.0058128633039564,0.0058128633039564,0.0058128633039564,0.0058128633039564,0.0058128633039564
2024-03-07,-0.0001,-0.0001,-0.0008389261744966,-0.0001,-0.0001,-0.0008389261744966,-0.0008389261744966,-0.0008389261744966,-0.0008389261744966
2024-03-08,-0.0,-0.0,-0.0027987685418415,-0.0,-0.0,-0.0027987685418415,-0.0001,-0.0001,-0.0027987685418415
2024-03-11,-0.0061810178688371,-0.0061810178688371,-0.0060810178688371,-0.0061810178688371,-0.0061810178688371,-0.0060810178688371,-0.0061810178688371,-0.0061810178688371,-0.0060810178688371
2024-03-12,-0.0112951807228914,-0.0112951807228914,-0.0112951807228914,-0.0112951807228914,-0.0112951807228914,-0.0112951807228914,-0.0112951807228914,-0.0112951807228914,-0.0112951807228914
2024-03-13,-0.0001,-0.0001,-0.0001,-0.0001,-0.0001,-0.0001,-0.0001,-0.0001,-0.0001
2024-03-14,-0.0,-0.0,-0.0,-0.0,-0.0,-0.0,-0.0,-0.0,-0.0
2024-03-15,0.0030247040999904,0.0030247040999904,0.0030247040999904,0.0,0.0030247040999904,0.0030247040999904,0.0,0.0030247040999904,0.0030247040999904
2024-03-18,0.003775722106853,0.003775722106853,0.003775722106853,0.003675722106853,0.003775722106853,0.003775722106853,0.003675722106853,0.003775722106853,0.003775722106853
2024-03-19,0.0064886214030468,0.0064886214030468,0.0064886214030468,0.0064886214030468,0.0064886214030468,0.0064886214030468,0.0064886214030468,0.0064886214030468,0.0064886214030468
2024-03-20,-0.0044847239091844,-0.0044847239091844,-0.0044847239091844,-0.0044847239091844,-0.0044847239091844,-0.0044847239091844,-0.0044847239091844,-0.0044847239091844,-0.0044847239091844
2024-03-21,-0.0015016424213983,-0.0015016424213983,-0.0015016424213983,-0.0015016424213983,-0.0015016424213983,-0.0015016424213983,-0.0015016424213983,-0.0015016424213983,-0.0015016424213983
2024-03-22,-0.0084594416768494,-0.0084594416768494,-0.0084594416768494,-0.0084594416768494,-0.0084594416768494,-0.0084594416768494,-0.0084594416768494,-0.0084594416768494,-0.0084594416768494
2024-03-25,0.0004739785761684,0.0004739785761684,0.0004739785761684,0.0004739785761684,0.0004739785761684,0.0004739785761684,0.0004739785761684,0.0004739785761684,0.0004739785761684
2024-03-26,-0.0001,-0.0001,-0.0017055144968732,-0.0001,-0.0001,-0.0017055144968732,-0.0017055144968732,-0.0017055144968732,-0.0017055144968732
2024-03-27,0.0042659832953681,0.0042659832953681,0.0043659832953681,0.0042659832953681,0.0042659832953681,0.0043659832953681,0.0043659832953681,0.0043659832953681,0.0043659832953681
2024-03-28,9.45000945000718e-05,9.45000945000718e-05,9.45000945000718e-05,9.45000945000718e-05,9.45000945000718e-05,9.45000945000718e-05,9.45000945000718e-05,9.45000945000718e-05,9.45000945000718e-05
2024-03-29,-0.0001,0.007370310875933,0.007370310875933,-0.0001,0.007370310875933,0.007370310875933,-0.0001,0.007370310875933,0.007370310875933
2024-04-01,-0.0076977863239846,-0.0075977863239846,-0.0075977863239846,-0.0076977863239846,-0.0075977863239846,-0.0075977863239846,-0.0076977863239846,-0.0075977863239846,-0.0075977863239846
2024-04-02,0.0023629489603025,0.0023629489603025,0.0023629489603025,0.0023629489603025,0.0023629489603025,0.0023629489603025,0.0023629489603025,0.0023629489603025,0.0023629489603025
2024-04-03,0.0032060348892033,0.0032060348892033,0.0032060348892033,0.0032060348892033,0.0032060348892033,0.0032060348892033,0.0032060348892033,0.0032060348892033,0.0032060348892033
2024-04-08,0.0023498449102359,0.0023498449102359,0.0023498449102359,0.0023498449102359,0.0023498449102359,0.0023498449102359,0.0023498449102359,0.0023498449102359,0.0023498449102359
2024-04-09,-0.0001,-0.0001,0.0022505626406601,-0.0001,-0.0001,0.0022505626406601,0.0022505626406601,0.0022505626406601,0.0022505626406601
2024-04-10,-0.0042167664670658,-0.0042167664670658,-0.0041167664670658,-0.0042167664670658,-0.0042167664670658,-0.0041167664670658,-0.0041167664670658,-0.0041167664670658,-0.0041167664670658
2024-04-11,-0.0054490792934986,-0.0054490792934986,-0.0054490792934986,-0.0054490792934986,-0.0054490792934986,-0.0054490792934986,-0.0054490792934986,-0.0054490792934986,-0.0054490792934986
2024-04-12,0.0029283959947099,0.0029283959947099,0.0029283959947099,0.0029283959947099,0.0029283959947099,0.0029283959947099,0.0029283959947099,0.0029283959947099,0.0029283959947099
2024-04-15,0.0,0.0,0.0,0.0,0.0,0.0,0.0,0.0,0.0
2024-04-16,-0.0001,0.0040501083168502,0.0040501083168502,-0.0001,0.0040501083168502,0.0040501083168502,-0.0001,0.0040501083168502,0.0040501083168502
2024-04-17,0.0,-0.0001,0.000656660412758,0.0,-0.0001,0.000656660412758,0.0,-0.0001,0.000656660412758
2024-04-18,0.0070247773507079,0.0070247773507079,0.0071247773507079,0.0,0.0070247773507079,0.0071247773507079,0.0,0.0070247773507079,0.0071247773507079
2024-04-19,-0.0001,-0.0001,-0.0001,0.0,-0.0001,-0.0001,0.0,-0.0001,-0.0001
2024-04-22,0.003436857781087,0.003436857781087,0.003436857781087,0.003436857781087,0.003436857781087,0.003436857781087,0.003436857781087,0.003436857781087,0.003436857781087
2024-04-23,0.0049156000741976,0.0049156000741976,0.0049156000741976,0.0049156000741976,0.0049156000741976,0.0049156000741976,0.0049156000741976,0.0049156000741976,0.0049156000741976
2024-04-24,-0.0115366866635902,-0.0115366866635902,-0.0115366866635902,-0.0115366866635902,-0.0115366866635902,-0.0115366866635902,-0.0115366866635902,-0.0115366866635902,-0.0115366866635902
2024-04-25,-0.0001,-0.0001,-0.003174603174603,-0.003174603174603,-0.003174603174603,-0.003174603174603,-0.0001,-0.0001,-0.003174603174603
2024-04-26,-0.0047834020232296005,-0.0047834020232296005,-0.0046834020232296,-0.0046834020232296,-0.0046834020232296,-0.0046834020232296,-0.0047834020232296005,-0.0047834020232296005,-0.0046834020232296
2024-04-29,-0.0081874647092038,-0.0081874647092038,-0.0081874647092038,-0.0001,-0.0081874647092038,-0.0081874647092038,-0.0081874647092038,-0.0081874647092038,-0.0081874647092038
2024-04-30,-0.0001,-0.0001,0.0076857386848847,0.0,-0.0001,0.0076857386848847,0.0076857386848847,0.0076857386848847,0.0076857386848847
2024-05-06,-0.0036781544256120997,-0.0036781544256120997,-0.0035781544256121,-0.0036781544256120997,-0.0036781544256120997,-0.0035781544256121,-0.0035781544256121,-0.0035781544256121,-0.0035781544256121
2024-05-07,0.003874503874504,0.003874503874504,0.003874503874504,0.003874503874504,0.003874503874504,0.003874503874504,0.003874503874504,0.003874503874504,0.003874503874504
2024-05-08,0.001506165866516,0.001506165866516,0.001506165866516,0.001506165866516,0.001506165866516,0.001506165866516,0.001506165866516,0.001506165866516,0.001506165866516
2024-05-09,-0.0050756650061096,-0.0050756650061096,-0.0050756650061096,-0.0050756650061096,-0.0050756650061096,-0.0050756650061096,-0.0050756650061096,-0.0050756650061096,-0.0050756650061096
2024-05-10,-0.0014170996693433,-0.0014170996693433,-0.0014170996693433,-0.0014170996693433,-0.0014170996693433,-0.0014170996693433,-0.0014170996693433,-0.0014170996693433,-0.0014170996693433
2024-05-13,-0.0001,-0.0001,0.0069063386944181,-0.0001,-0.0001,0.0069063386944181,0.0069063386944181,0.0069063386944181,0.0069063386944181
2024-05-14,0.0,0.0,0.0012214601146292,0.0,0.0,0.0012214601146292,-0.0001,-0.0001,0.0012214601146292
2024-05-15,-0.0013199699699699,-0.0013199699699699,-0.0012199699699699,-0.0013199699699699,-0.0013199699699699,-0.0012199699699699,-0.0013199699699699,-0.0013199699699699,-0.0012199699699699
2024-05-17,-0.0001,-0.0001,-0.0001,-0.0028376844494891,-0.0028376844494891,-0.0028376844494891,-0.0001,-0.0001,-0.0001
2024-05-20,0.0,0.0,0.0,-0.0001,-0.0001,-0.0001,0.0,0.0,0.0
2024-05-21,-0.000762001134859,-0.000762001134859,-0.000762001134859,-0.000762001134859,-0.000762001134859,-0.000762001134859,-0.000762001134859,-0.000762001134859,-0.000762001134859
2024-05-22,0.0028390271600264,0.0028390271600264,0.0028390271600264,0.0028390271600264,0.0028390271600264,0.0028390271600264,0.0028390271600264,0.0028390271600264,0.0028390271600264
2024-05-23,-0.0001,0.0041521185241106,0.0041521185241106,0.0041521185241106,0.0041521185241106,0.0041521185241106,0.0041521185241106,0.0041521185241106,0.0041521185241106
2024-05-24,-0.0016975942110704,-0.0015975942110704,-0.0015975942110704,-0.0015975942110704,-0.0015975942110704,-0.0015975942110704,-0.0015975942110704,-0.0015975942110704,-0.0015975942110704
2024-05-27,0.0015060240963855,0.0015060240963855,0.0015060240963855,0.0015060240963855,0.0015060240963855,0.0015060240963855,0.0015060240963855,0.0015060240963855,0.0015060240963855
2024-05-28,-0.0001,0.0047932330827067,0.0047932330827067,-0.0001,0.0047932330827067,0.0047932330827067,-0.0001,0.0047932330827067,0.0047932330827067
2024-05-29,0.0016771957721448,0.0017771957721448,0.0017771957721448,0.0016771957721448,0.0017771957721448,0.0017771957721448,0.0016771957721448,0.0017771957721448,0.0017771957721448
2024-05-30,-0.0018674136321193,-0.0018674136321193,-0.0018674136321193,-0.0018674136321193,-0.0018674136321193,-0.0018674136321193,-0.0018674136321193,-0.0018674136321193,-0.0018674136321193
2024-05-31,-0.0041159962581853,-0.0041159962581853,-0.0041159962581853,-0.0041159962581853,-0.0041159962581853,-0.0041159962581853,-0.0041159962581853,-0.0041159962581853,-0.0041159962581853
2024-06-03,-0.0001,-0.0001,-0.0001,0.0028179597971069,0.0028179597971069,0.0028179597971069,-0.0001,-0.0001,-0.0001
2024-06-04,0.0011176845260396,0.0011176845260396,0.0011176845260396,0.0012176845260396,0.0012176845260396,0.0012176845260396,0.0011176845260396,0.0011176845260396,0.0011176845260396
2024-06-05,0.0011226494527083,0.0011226494527083,0.0011226494527083,0.0011226494527083,0.0011226494527083,0.0011226494527083,0.0011226494527083,0.0011226494527083,0.0011226494527083
2024-06-06,0.0004672460517707,0.0004672460517707,0.0004672460517707,0.0004672460517707,0.0004672460517707,0.0004672460517707,0.0004672460517707,0.0004672460517707,0.0004672460517707
2024-06-07,0.0014944890715486,0.0014944890715486,0.0014944890715486,0.0014944890715486,0.0014944890715486,0.0014944890715486,0.0014944890715486,0.0014944890715486,0.0014944890715486
2024-06-11,0.0020518559970155,0.0020518559970155,0.0020518559970155,0.0020518559970155,0.0020518559970155,0.0020518559970155,0.0020518559970155,0.0020518559970155,0.0020518559970155
2024-06-12,-0.0001,-0.0001,-0.0001,-0.0001,-0.0001,-0.0001,-0.0001,-0.0001,-0.0001
2024-06-13,0.0029757759343833003,0.0029757759343833003,0.0029757759343833003,0.0029757759343833003,0.0029757759343833003,0.0029757759343833003,0.0029757759343833003,0.0029757759343833003,0.0029757759343833003
2024-06-14,0.0022300687604535,0.0022300687604535,0.0022300687604535,0.0022300687604535,0.0022300687604535,0.0022300687604535,0.0022300687604535,0.0022300687604535,0.0022300687604535
2024-06-17,0.0016688299647691,0.0016688299647691,0.0016688299647691,0.0016688299647691,0.0016688299647691,0.0016688299647691,0.0016688299647691,0.0016688299647691,0.0016688299647691
2024-06-18,0.0025916327286188,0.0025916327286188,0.0025916327286188,0.0025916327286188,0.0025916327286188,0.0025916327286188,0.0025916327286188,0.0025916327286188,0.0025916327286188
2024-06-19,0.0006462333825703,0.0006462333825703,0.0006462333825703,0.0006462333825703,0.0006462333825703,0.0006462333825703,0.0006462333825703,0.0006462333825703,0.0006462333825703
2024-06-20,-0.0001,0.0035058584740288,0.0035058584740288,-0.0001,0.0035058584740288,0.0035058584740288,0.0035058584740288,0.0035058584740288,0.0035058584740288
2024-06-21,-0.0042371701755998005,-0.0041371701755998,-0.0041371701755998,-0.0042371701755998005,-0.0041371701755998,-0.0041371701755998,-0.0041371701755998,-0.0041371701755998,-0.0041371701755998
2024-06-24,0.0037850812407682,0.0037850812407682,0.0037850812407682,0.0037850812407682,0.0037850812407682,0.0037850812407682,0.0037850812407682,0.0037850812407682,0.0037850812407682
2024-06-25,-0.0001,-0.0001,-0.0001,-0.0001,-0.0001,-0.0001,0.0028510990526993,0.0028510990526993,0.0028510990526993
2024-06-26,-0.0006502567865003001,-0.0006502567865003001,-0.0006502567865003001,-0.0006502567865003001,-0.0006502567865003001,-0.0006502567865003001,-0.0005502567865003,-0.0005502567865003,-0.0005502567865003
2024-06-27,0.0044962378418058,0.0044962378418058,0.0044962378418058,-0.0001,-0.0001,0.0044962378418058,-0.0001,-0.0001,0.0044962378418058
2024-06-28,-0.0001,-0.0001,-0.0001,0.0,0.0,-0.0001,0.0,0.0,-0.0001
2024-07-01,-0.0096899168873869,-0.0096899168873869,-0.0096899168873869,-0.0,-0.0096899168873869,-0.0096899168873869,-0.0,-0.0096899168873869,-0.0096899168873869
2024-07-02,0.0028587237181851,0.0028587237181851,0.0028587237181851,0.0,-0.0001,-0.0001,0.0,-0.0001,-0.0001
2024-07-03,0.0023908045977012,0.0023908045977012,0.0023908045977012,0.0022908045977012,0.0022908045977012,0.0022908045977012,0.0022908045977012,0.0022908045977012,0.0022908045977012
2024-07-04,-0.0022016328777176,-0.0022016328777176,-0.0022016328777176,-0.0022016328777176,-0.0022016328777176,-0.0022016328777176,-0.0022016328777176,-0.0022016328777176,-0.0022016328777176
2024-07-05,-0.0033097361404799,-0.0033097361404799,-0.0033097361404799,-0.0033097361404799,-0.0033097361404799,-0.0033097361404799,-0.0033097361404799,-0.0033097361404799,-0.0033097361404799
2024-07-08,-0.0001,-0.0030439996310303,-0.0030439996310303,-0.0030439996310303,-0.0030439996310303,-0.0030439996310303,-0.0030439996310303,-0.0030439996310303,-0.0030439996310303
2024-07-09,0.0027682457438933,0.0028682457438933,0.0028682457438933,0.0028682457438933,0.0028682457438933,0.0028682457438933,0.0028682457438933,0.0028682457438933,0.0028682457438933
2024-07-10,0.0006458160346893,0.0006458160346893,0.0006458160346893,0.0006458160346893,0.0006458160346893,0.0006458160346893,0.0006458160346893,0.0006458160346893,0.0006458160346893
2024-07-11,0.0005531993361607,0.0005531993361607,0.0005531993361607,0.0005531993361607,0.0005531993361607,0.0005531993361607,0.0005531993361607,0.0005531993361607,0.0005531993361607
2024-07-12,0.003317360855142,0.003317360855142,0.003317360855142,0.003317360855142,0.003317360855142,0.003317360855142,0.003317360855142,0.003317360855142,0.003317360855142
2024-07-15,0.0018368846436445,0.0018368846436445,0.0018368846436445,0.0018368846436445,0.0018368846436445,0.0018368846436445,0.0018368846436445,0.0018368846436445,0.0018368846436445
2024-07-16,-9.167583425018222e-05,-9.167583425018222e-05,-9.167583425018222e-05,-9.167583425018222e-05,-9.167583425018222e-05,-9.167583425018222e-05,-9.167583425018222e-05,-9.167583425018222e-05,-9.167583425018222e-05
2024-07-17,-0.0001,-0.0001,0.0001833684789585,-0.0001,-0.0001,0.0001833684789585,-0.0001,-0.0001,0.0001833684789585
2024-07-18,-0.002575020625172,-0.002575020625172,-0.002475020625172,-0.002575020625172,-0.002575020625172,-0.002475020625172,-0.002575020625172,-0.002575020625172,-0.002475020625172
2024-07-19,0.0024811615511854,0.0024811615511854,0.0024811615511854,0.0024811615511854,0.0024811615511854,0.0024811615511854,0.0024811615511854,0.0024811615511854,0.0024811615511854
2024-07-22,-0.0001,-0.0001,-0.0001,-0.0001,-0.0001,-0.0001,-0.0001,-0.0001,-0.0001
2024-07-23,0.0,0.0,0.00136238917832,0.0,0.0,0.00136238917832,0.0,0.0,0.00136238917832
2024-07-24,0.0009039244318701999,0.0009039244318701999,0.0010039244318702,0.0009039244318701999,0.0009039244318701999,0.0010039244318702,0.0009039244318701999,0.0009039244318701999,0.0010039244318702
2024-07-25,-0.0001,-0.0001,-0.0001,-0.0001,-0.0001,-0.0001,-0.0001,-0.0001,-0.0001
2024-07-26,0.0026243007628041003,0.0026243007628041003,0.0026243007628041003,0.0026243007628041003,0.0026243007628041003,0.0026243007628041003,0.0026243007628041003,0.0026243007628041003,0.0026243007628041003
2024-07-29,0.0046187284912153,0.0046187284912153,0.0046187284912153,0.0046187284912153,0.0046187284912153,0.0046187284912153,0.0046187284912153,0.0046187284912153,0.0046187284912153
2024-07-30,0.0038763183989902,0.0038763183989902,0.0038763183989902,0.0038763183989902,0.0038763183989902,0.0038763183989902,0.0038763183989902,0.0038763183989902,0.0038763183989902
2024-07-31,-0.0024245689655172,-0.0024245689655172,-0.0024245689655172,-0.0024245689655172,-0.0024245689655172,-0.0024245689655172,-0.0024245689655172,-0.0024245689655172,-0.0024245689655172
2024-08-01,-0.0001,-0.0001,0.0041407867494822,-0.0001,-0.0001,0.0041407867494822,0.0041407867494822,0.0041407867494822,0.0041407867494822
2024-08-02,0.0030376064545047004,0.0030376064545047004,0.0031376064545047,0.0030376064545047004,0.0030376064545047004,0.0031376064545047,0.0031376064545047,0.0031376064545047,0.0031376064545047
2024-08-05,0.0095621090259159,0.0095621090259159,0.0095621090259159,0.0095621090259159,0.0095621090259159,0.0095621090259159,0.0095621090259159,0.0095621090259159,0.0095621090259159
2024-08-06,-0.0089404266619457,-0.0089404266619457,-0.0089404266619457,-0.0089404266619457,-0.0089404266619457,-0.0089404266619457,-0.0089404266619457,-0.0089404266619457,-0.0089404266619457
2024-08-07,0.0049124687388353,0.0049124687388353,0.0049124687388353,0.0049124687388353,0.0049124687388353,0.0049124687388353,0.0049124687388353,0.0049124687388353,0.0049124687388353
2024-08-08,-0.0062216691849613,-0.0062216691849613,-0.0062216691849613,-0.0062216691849613,-0.0062216691849613,-0.0062216691849613,-0.0062216691849613,-0.0062216691849613,-0.0062216691849613
2024-08-09,-0.0032197477864234,-0.0032197477864234,-0.0032197477864234,-0.0032197477864234,-0.0032197477864234,-0.0032197477864234,-0.0032197477864234,-0.0032197477864234,-0.0032197477864234
2024-08-12,-0.0117541498429789,-0.0117541498429789,-0.0117541498429789,-0.0117541498429789,-0.0117541498429789,-0.0117541498429789,-0.0117541498429789,-0.0117541498429789,-0.0117541498429789
2024-08-13,0.0068095151625204,0.0068095151625204,0.0068095151625204,0.0068095151625204,0.0068095151625204,0.0068095151625204,0.0068095151625204,0.0068095151625204,0.0068095151625204
2024-08-14,0.0058616647127784,0.0058616647127784,0.0058616647127784,0.0058616647127784,0.0058616647127784,0.0058616647127784,0.0058616647127784,0.0058616647127784,0.0058616647127784
2024-08-15,-0.004124081047158,-0.004124081047158,-0.004124081047158,-0.004124081047158,-0.004124081047158,-0.004124081047158,-0.004124081047158,-0.004124081047158,-0.004124081047158
2024-08-19,-0.0001,-0.0001,0.0055113841705818,-0.0001,-0.0001,0.0055113841705818,-0.0001,-0.0001,0.0055113841705818
2024-08-20,0.0,0.0014275406595379999,0.001527540659538,0.0,0.0014275406595379999,0.001527540659538,0.0,0.0014275406595379999,0.001527540659538
2024-08-21,-0.004944787367665401,-0.0048447873676654,-0.0048447873676654,-0.004944787367665401,-0.0048447873676654,-0.0048447873676654,-0.004944787367665401,-0.0048447873676654,-0.0048447873676654
2024-08-22,-0.0001,-0.0001,-0.0001,-0.0001,-0.0001,-0.0001,-0.0001,-0.0001,-0.0001
2024-08-23,0.0015127587133769,0.0015127587133769,0.0015127587133769,0.0015127587133769,0.0015127587133769,0.0015127587133769,0.0015127587133769,0.0015127587133769,0.0015127587133769
2024-08-26,-0.000357813757939,-0.000357813757939,-0.000357813757939,-0.000357813757939,-0.000357813757939,-0.000357813757939,-0.000357813757939,-0.000357813757939,-0.000357813757939
2024-08-27,-0.0001,-0.0001,-0.0001,-0.0058165548098434,-0.0058165548098434,-0.0058165548098434,-0.0001,-0.0001,-0.0001
2024-08-28,0.0,0.0,0.0031403240324032002,-0.0001,-0.0001,0.0032403240324032,0.0,0.0,0.0031403240324032002
2024-08-29,-0.0,-0.0,-0.0001,-0.0,-0.0,-0.0001,-0.0,-0.0,-0.0001
2024-08-30,-0.0006389867049945001,-0.0006389867049945001,-0.0006389867049945001,-0.0006389867049945001,-0.0006389867049945001,-0.0006389867049945001,-0.0006389867049945001,-0.0006389867049945001,-0.0006389867049945001
2024-09-02,0.0053028941218766,0.0053028941218766,0.0053028941218766,0.0053028941218766,0.0053028941218766,0.0053028941218766,0.0053028941218766,0.0053028941218766,0.0053028941218766
2024-09-03,0.0004470272686634,0.0004470272686634,0.0004470272686634,0.0004470272686634,0.0004470272686634,0.0004470272686634,0.0004470272686634,0.0004470272686634,0.0004470272686634
2024-09-04,0.0020554066130473,0.0020554066130473,0.0020554066130473,0.0020554066130473,0.0020554066130473,0.0020554066130473,0.0020554066130473,0.0020554066130473,0.0020554066130473
2024-09-05,-0.0001,-0.0001,0.0008918219923303,-0.0001,-0.0001,0.0008918219923303,-0.0001,-0.0001,0.0008918219923303
2024-09-06,0.0028403902699811003,0.0028403902699811003,0.0029403902699811,0.0028403902699811003,0.0028403902699811003,0.0029403902699811,0.0028403902699811003,0.0028403902699811003,0.0029403902699811
2024-09-09,-0.0001,-0.0001,0.0034648187633261,-0.0001,-0.0001,0.0034648187633261,0.0034648187633261,0.0034648187633261,0.0034648187633261
2024-09-10,0.0,0.0028216467463479003,0.0029216467463479,0.0,0.0028216467463479003,0.0029216467463479,-0.0001,0.0029216467463479,0.0029216467463479
2024-09-11,0.0019303672316383998,0.0020303672316384,0.0020303672316384,0.0019303672316383998,0.0020303672316384,0.0020303672316384,0.0019303672316383998,0.0020303672316384,0.0020303672316384
2024-09-12,-0.0001,-0.0001,0.000704783719496,-0.0001,-0.0001,0.000704783719496,-0.0001,-0.0001,0.000704783719496
2024-09-13,0.006414657980456,0.006414657980456,0.006514657980456,0.006414657980456,0.006414657980456,0.006514657980456,0.006414657980456,0.006414657980456,0.006514657980456
2024-09-18,0.0069972885506865,0.0069972885506865,0.0069972885506865,0.0069972885506865,0.0069972885506865,0.0069972885506865,0.0069972885506865,0.0069972885506865,0.0069972885506865
2024-09-19,-0.0037349083644575,-0.0037349083644575,-0.0037349083644575,-0.0037349083644575,-0.0037349083644575,-0.0037349083644575,-0.0037349083644575,-0.0037349083644575,-0.0037349083644575
2024-09-20,-0.0001,-0.0001,-0.0001,0.0064516129032257,0.0064516129032257,0.0064516129032257,0.0064516129032257,0.0064516129032257,0.0064516129032257
2024-09-23,0.0015458766458765999,0.0015458766458765999,0.0015458766458765999,0.0016458766458766,0.0016458766458766,0.0016458766458766,0.0016458766458766,0.0016458766458766,0.0016458766458766
2024-09-24,-0.01020496410966,-0.01020496410966,-0.01020496410966,-0.01020496410966,-0.01020496410966,-0.01020496410966,-0.01020496410966,-0.01020496410966,-0.01020496410966
2024-09-25,-0.0001,-0.0001,-0.0001,-0.0001,-0.0001,-0.0001,-0.0001,-0.0001,-0.0001
2024-09-26,-0.011157901610796599,-0.011157901610796599,-0.011157901610796599,-0.011157901610796599,-0.011157901610796599,-0.011157901610796599,-0.011157901610796599,-0.011157901610796599,-0.011157901610796599
2024-09-27,-0.0228033104419792,-0.0228033104419792,-0.0228033104419792,-0.0228033104419792,-0.0228033104419792,-0.0228033104419792,-0.0228033104419792,-0.0228033104419792,-0.0228033104419792
2024-09-30,-0.0001,-0.0001,-0.0061266780791061,-0.0001,-0.0001,-0.0061266780791061,-0.0001,-0.0001,-0.0061266780791061
2024-10-08,0.0021663403136615,0.0021663403136615,0.0022663403136615,0.0021663403136615,0.0021663403136615,0.0022663403136615,0.0021663403136615,0.0021663403136615,0.0022663403136615
2024-10-09,0.0103111432706222,0.0103111432706222,0.0103111432706222,0.0103111432706222,0.0103111432706222,0.0103111432706222,0.0103111432706222,0.0103111432706222,0.0103111432706222
2024-10-10,0.0065353625783348,0.0065353625783348,0.0065353625783348,0.0065353625783348,0.0065353625783348,0.0065353625783348,0.0065353625783348,0.0065353625783348,0.0065353625783348
2024-10-11,0.0001778884639331,0.0001778884639331,0.0001778884639331,0.0001778884639331,0.0001778884639331,0.0001778884639331,0.0001778884639331,0.0001778884639331,0.0001778884639331
2024-10-14,-0.0016007114273011,-0.0016007114273011,-0.0016007114273011,-0.0016007114273011,-0.0016007114273011,-0.0016007114273011,-0.0016007114273011,-0.0016007114273011,-0.0016007114273011
2024-10-15,0.0030284136456757,0.0030284136456757,0.0030284136456757,0.0030284136456757,0.0030284136456757,0.0030284136456757,0.0030284136456757,0.0030284136456757,0.0030284136456757
2024-10-16,-0.0047065091910132,-0.0047065091910132,-0.0047065091910132,-0.0047065091910132,-0.0047065091910132,-0.0047065091910132,-0.0047065091910132,-0.0047065091910132,-0.0047065091910132
2024-10-17,0.0066916488222699,0.0066916488222699,0.0066916488222699,0.0066916488222699,0.0066916488222699,0.0066916488222699,0.0066916488222699,0.0066916488222699,0.0066916488222699
2024-10-18,-0.0001,-0.0034565275192768,-0.0034565275192768,-0.0001,-0.0034565275192768,-0.0034565275192768,-0.0001,-0.0034565275192768,-0.0034565275192768
2024-10-21,0.0,0.0012451085023124,0.0012451085023124,0.0,0.0012451085023124,0.0012451085023124,0.0,0.0012451085023124,0.0012451085023124
2024-10-22,-0.0,-0.0058624977793568,-0.0058624977793568,-0.0,-0.0058624977793568,-0.0058624977793568,-0.0,-0.0058624977793568,-0.0058624977793568
2024-10-23,-0.0035846318799141997,-0.0034846318799142,-0.0034846318799142,-0.0035846318799141997,-0.0034846318799142,-0.0034846318799142,-0.0035846318799141997,-0.0034846318799142,-0.0034846318799142
2024-10-24,-0.0001,-0.0001,-0.0001,-0.0001,-0.0001,-0.0001,-0.0001,-0.0001,-0.0001
2024-10-25,-0.0021640761015884,-0.0021640761015884,-0.0021640761015884,-0.0021640761015884,-0.0021640761015884,-0.0021640761015884,-0.0021640761015884,-0.0021640761015884,-0.0021640761015884
2024-10-28,-0.0031474820143885,-0.0031474820143885,-0.0031474820143885,-0.0001,-0.0001,-0.0031474820143885,-0.0001,-0.0001,-0.0031474820143885
2024-10-29,-0.0001,-0.0001,0.0053225078935499,0.0,0.0,0.0053225078935499,0.0,0.0,0.0053225078935499
2024-10-30,-0.0008178750897344001,-0.0008178750897344001,-0.0007178750897344,-0.0008178750897344001,-0.0008178750897344001,-0.0007178750897344,-0.0008178750897344001,-0.0008178750897344001,-0.0007178750897344
2024-10-31,0.0018857758620689,0.0018857758620689,0.0018857758620689,-0.0001,0.0018857758620689,0.0018857758620689,0.0018857758620689,0.0018857758620689,0.0018857758620689
2024-11-01,0.0058259388724568,0.0058259388724568,0.0058259388724568,0.005725938872456799,0.0058259388724568,0.0058259388724568,0.0058259388724568,0.0058259388724568,0.0058259388724568
2024-11-04,-0.0008019960791303,-0.0008019960791303,-0.0008019960791303,-0.0008019960791303,-0.0008019960791303,-0.0008019960791303,-0.0008019960791303,-0.0008019960791303,-0.0008019960791303
2024-11-05,0.0047266565593506,0.0047266565593506,0.0047266565593506,0.0047266565593506,0.0047266565593506,0.0047266565593506,0.0047266565593506,0.0047266565593506,0.0047266565593506
2024-11-06,-0.0011539144328066,-0.0011539144328066,-0.0011539144328066,-0.0011539144328066,-0.0011539144328066,-0.0011539144328066,-0.0011539144328066,-0.0011539144328066,-0.0011539144328066
2024-11-07,0.0009775171065493,0.0009775171065493,0.0009775171065493,0.0009775171065493,0.0009775171065493,0.0009775171065493,0.0009775171065493,0.0009775171065493,0.0009775171065493
2024-11-08,-0.0001,-0.0001,0.0015092329545454,-0.0001,-0.0001,0.0015092329545454,0.0015092329545454,0.0015092329545454,0.0015092329545454
2024-11-11,0.0015842478503678,0.0015842478503678,0.0016842478503678,0.0015842478503678,0.0015842478503678,0.0016842478503678,0.0016842478503678,0.0016842478503678,0.0016842478503678
2024-11-12,0.0066371681415928,0.0066371681415928,0.0066371681415928,-0.0001,0.0066371681415928,0.0066371681415928,-0.0001,0.0066371681415928,0.0066371681415928
2024-11-13,-0.0028131868131867,-0.0028131868131867,-0.0028131868131867,-0.0029131868131866997,-0.0028131868131867,-0.0028131868131867,-0.0029131868131866997,-0.0028131868131867,-0.0028131868131867
2024-11-14,-0.0001,-0.0001,-0.0001,-0.0019395221722648,-0.0019395221722648,-0.0019395221722648,-0.0001,-0.0001,-0.0001
2024-11-15,-0.001071645614345,-0.001071645614345,-0.001071645614345,-0.000971645614345,-0.000971645614345,-0.000971645614345,-0.001071645614345,-0.001071645614345,-0.001071645614345
2024-11-18,-0.0103448275862068,-0.0103448275862068,-0.0103448275862068,-0.0103448275862068,-0.0103448275862068,-0.0103448275862068,-0.0103448275862068,-0.0103448275862068,-0.0103448275862068
2024-11-19,-0.0001,-0.0001,-0.0001,-0.0001,-0.0001,-0.0001,-0.0001,-0.0001,-0.0001
2024-11-20,-0.001788588695343,-0.001788588695343,-0.001788588695343,-0.001788588695343,-0.001788588695343,-0.001788588695343,-0.001788588695343,-0.001788588695343,-0.001788588695343
2024-11-21,0.0052523813763019,0.0052523813763019,0.0052523813763019,0.0052523813763019,0.0052523813763019,0.0052523813763019,0.0052523813763019,0.0052523813763019,0.0052523813763019
2024-11-25,-0.0001,-0.0001,-0.0001,-0.0001,-0.0001,-0.0001,-0.0001,-0.0001,-0.0001
2024-11-26,0.0,0.0,0.0,0.0,0.0,0.0,0.0,0.0,0.0
2024-11-27,-0.0029038202050292996,-0.0029038202050292996,-0.0029038202050292996,-0.0029038202050292996,-0.0029038202050292996,-0.0029038202050292996,-0.0029038202050292996,-0.0029038202050292996,-0.0029038202050292996
2024-11-28,0.0054476759511465,0.0054476759511465,0.0054476759511465,0.0054476759511465,0.0054476759511465,0.0054476759511465,-0.0001,-0.0001,0.0054476759511465
2024-11-29,0.0009612863759502,0.0009612863759502,0.0009612863759502,0.0009612863759502,0.0009612863759502,0.0009612863759502,0.0008612863759502,0.0008612863759502,0.0009612863759502
2024-12-02,0.0078575170246202,0.0078575170246202,0.0078575170246202,0.0078575170246202,0.0078575170246202,0.0078575170246202,0.0078575170246202,0.0078575170246202,0.0078575170246202
2024-12-03,-0.0042446292446292,-0.0042446292446292,-0.0042446292446292,-0.0042446292446292,-0.0042446292446292,-0.0042446292446292,-0.0042446292446292,-0.0042446292446292,-0.0042446292446292
2024-12-04,0.0073075250108742,0.0073075250108742,0.0073075250108742,0.0073075250108742,0.0073075250108742,0.0073075250108742,0.0073075250108742,0.0073075250108742,0.0073075250108742
2024-12-05,-0.0006909059504276,-0.0006909059504276,-0.0006909059504276,-0.0006909059504276,-0.0006909059504276,-0.0006909059504276,-0.0006909059504276,-0.0006909059504276,-0.0006909059504276
2024-12-06,-0.0028519574799066,-0.0028519574799066,-0.0028519574799066,-0.0028519574799066,-0.0028519574799066,-0.0028519574799066,-0.0028519574799066,-0.0028519574799066,-0.0028519574799066
2024-12-09,0.0004333506673601,0.0004333506673601,0.0004333506673601,0.0004333506673601,0.0004333506673601,0.0004333506673601,0.0004333506673601,0.0004333506673601,0.0004333506673601
2024-12-10,-0.0001,-0.0001,-0.0001,-0.0001,-0.0001,-0.0001,-0.0001,-0.0001,-0.0001
2024-12-11,0.0004130397605814,0.0004130397605814,0.0004130397605814,0.0004130397605814,0.0004130397605814,0.0004130397605814,0.0004130397605814,0.0004130397605814,0.0004130397605814
2024-12-12,0.0006837022476711,0.0006837022476711,0.0006837022476711,0.0006837022476711,0.0006837022476711,0.0006837022476711,0.0006837022476711,0.0006837022476711,0.0006837022476711
2024-12-13,0.0056366897258519,0.0056366897258519,0.0056366897258519,0.0056366897258519,0.0056366897258519,0.0056366897258519,0.0056366897258519,0.0056366897258519,0.0056366897258519
2024-12-16,0.004755838641189,0.004755838641189,0.004755838641189,0.004755838641189,0.004755838641189,0.004755838641189,0.004755838641189,0.004755838641189,0.004755838641189
2024-12-17,-0.0008452370890035,-0.0008452370890035,-0.0008452370890035,-0.0008452370890035,-0.0008452370890035,-0.0008452370890035,-0.0008452370890035,-0.0008452370890035,-0.0008452370890035
2024-12-18,-0.0001,-0.0001,-0.0055832839861263,-0.0001,-0.0001,-0.0055832839861263,-0.0001,-0.0001,-0.0055832839861263
2024-12-19,-0.0035878774989365997,-0.0035878774989365997,-0.0034878774989366,-0.0035878774989365997,-0.0035878774989365997,-0.0034878774989366,-0.0035878774989365997,-0.0035878774989365997,-0.0034878774989366
2024-12-20,0.0107563599112174,0.0107563599112174,0.0107563599112174,0.0107563599112174,0.0107563599112174,0.0107563599112174,0.0107563599112174,0.0107563599112174,0.0107563599112174
2024-12-23,-0.0026182432432432,-0.0026182432432432,-0.0026182432432432,-0.0026182432432432,-0.0026182432432432,-0.0026182432432432,-0.0026182432432432,-0.0026182432432432,-0.0026182432432432
2024-12-24,-0.0054195952239817,-0.0054195952239817,-0.0054195952239817,-0.0054195952239817,-0.0054195952239817,-0.0054195952239817,-0.0054195952239817,-0.0054195952239817,-0.0054195952239817
2024-12-25,-0.0011068539804173,-0.0011068539804173,-0.0011068539804173,-0.0011068539804173,-0.0011068539804173,-0.0011068539804173,-0.0011068539804173,-0.0011068539804173,-0.0011068539804173
2024-12-26,-0.0001,-0.0012785543811796,-0.0012785543811796,-0.0001,-0.0012785543811796,-0.0012785543811796,-0.0001,-0.0012785543811796,-0.0012785543811796
2024-12-27,0.011507066655287201,0.0116070666552872,0.0116070666552872,0.011507066655287201,0.0116070666552872,0.0116070666552872,0.011507066655287201,0.0116070666552872,0.0116070666552872
2024-12-30,-0.0043870750021091,-0.0043870750021091,-0.0043870750021091,-0.0043870750021091,-0.0043870750021091,-0.0043870750021091,-0.0043870750021091,-0.0043870750021091,-0.0043870750021091
2024-12-31,0.006948563681044,0.006948563681044,0.006948563681044,0.006948563681044,0.006948563681044,0.006948563681044,0.006948563681044,0.006948563681044,0.006948563681044
2025-01-02,0.0096776908188167,0.0096776908188167,0.0096776908188167,0.0096776908188167,0.0096776908188167,0.0096776908188167,0.0096776908188167,0.0096776908188167,0.0096776908188167
2025-01-03,0.0015002500416736,0.0015002500416736,0.0015002500416736,0.0015002500416736,0.0015002500416736,0.0015002500416736,0.0015002500416736,0.0015002500416736,0.0015002500416736
2025-01-06,0.0043275632490014,0.0043275632490014,0.0043275632490014,0.0043275632490014,0.0043275632490014,0.0043275632490014,0.0043275632490014,0.0043275632490014,0.0043275632490014
2025-01-07,-0.003314550878356,-0.003314550878356,-0.003314550878356,-0.003314550878356,-0.003314550878356,-0.003314550878356,-0.003314550878356,-0.003314550878356,-0.003314550878356
2025-01-08,8.31393415363646e-05,8.31393415363646e-05,8.31393415363646e-05,8.31393415363646e-05,8.31393415363646e-05,8.31393415363646e-05,8.31393415363646e-05,8.31393415363646e-05,8.31393415363646e-05
2025-01-09,-0.0055698728073821,-0.0055698728073821,-0.0055698728073821,-0.0055698728073821,-0.0055698728073821,-0.0055698728073821,-0.0055698728073821,-0.0055698728073821,-0.0055698728073821
2025-01-10,0.0011703728473499,0.0011703728473499,0.0011703728473499,0.0011703728473499,0.0011703728473499,0.0011703728473499,0.0011703728473499,0.0011703728473499,0.0011703728473499
2025-01-13,0.0015865063460254,0.0015865063460254,0.0015865063460254,0.0015865063460254,0.0015865063460254,0.0015865063460254,0.0015865063460254,0.0015865063460254,0.0015865063460254
2025-01-14,0.0,0.0,0.0,0.0,0.0,0.0,0.0,0.0,0.0
2025-01-15,0.0054189245518965,0.0054189245518965,0.0054189245518965,0.0054189245518965,0.0054189245518965,0.0054189245518965,0.0054189245518965,0.0054189245518965,0.0054189245518965
2025-01-16,-0.0003316749585405,-0.0003316749585405,-0.0003316749585405,-0.0003316749585405,-0.0003316749585405,-0.0003316749585405,-0.0003316749585405,-0.0003316749585405,-0.0003316749585405
2025-01-17,-0.0049767750497677,-0.0049767750497677,-0.0049767750497677,-0.0049767750497677,-0.0049767750497677,-0.0049767750497677,-0.0049767750497677,-0.0049767750497677,-0.0049767750497677
2025-01-20,-0.0013337779259753,-0.0013337779259753,-0.0013337779259753,-0.0013337779259753,-0.0013337779259753,-0.0013337779259753,-0.0013337779259753,-0.0013337779259753,-0.0013337779259753
2025-01-21,-0.0001,-0.0001,0.0054257095158598,-0.0001,-0.0001,0.0054257095158598,-0.0001,-0.0001,0.0054257095158598
2025-01-22,-0.0,-0.0007641760066417001,-0.0006641760066417,-0.0,-0.0007641760066417001,-0.0006641760066417,-0.0,-0.0007641760066417001,-0.0006641760066417
2025-01-23,-0.0012630805017861,-0.0011630805017861,-0.0011630805017861,-0.0012630805017861,-0.0011630805017861,-0.0011630805017861,-0.0012630805017861,-0.0011630805017861,-0.0011630805017861
2025-01-24,-0.0001,-0.0001,-0.0001,-0.0001,-0.0001,-0.0001,-0.0001,-0.0001,-0.0001
2025-01-27,0.0,0.0,0.0,0.0,0.0,0.0,0.0,0.0,0.0
2025-02-05,0.003611646321346,0.003611646321346,0.003611646321346,0.003611646321346,0.003611646321346,0.003611646321346,0.003611646321346,0.003611646321346,0.003611646321346
2025-02-06,0.0033692168625194,0.0033692168625194,0.0033692168625194,0.0033692168625194,0.0033692168625194,0.0033692168625194,0.0033692168625194,0.0033692168625194,0.0033692168625194
2025-02-07,-0.0023751023751023,-0.0023751023751023,-0.0023751023751023,-0.0023751023751023,-0.0023751023751023,-0.0023751023751023,-0.0023751023751023,-0.0023751023751023,-0.0023751023751023
2025-02-10,-0.0001,-0.0001,-0.0039405631721534,-0.0039405631721534,-0.0039405631721534,-0.0039405631721534,-0.0039405631721534,-0.0039405631721534,-0.0039405631721534
2025-02-11,0.0,0.0,0.0039561526415561,-0.0001,-0.0001,0.0039561526415561,0.0039561526415561,0.0039561526415561,0.0039561526415561
2025-02-12,-0.0015777111895575,-0.0015777111895575,-0.0014777111895575,-0.0015777111895575,-0.0015777111895575,-0.0014777111895575,-0.0014777111895575,-0.0014777111895575,-0.0014777111895575
2025-02-13,0.0021376305187865,0.0021376305187865,0.0021376305187865,0.0021376305187865,0.0021376305187865,0.0021376305187865,0.0021376305187865,0.0021376305187865,0.0021376305187865
2025-02-14,-0.0001,-0.0051685946345064,-0.0051685946345064,-0.0051685946345064,-0.0051685946345064,-0.0051685946345064,-0.0051685946345064,-0.0051685946345064,-0.0051685946345064
2025-02-17,-0.0076045357083952,-0.0075045357083952,-0.0075045357083952,-0.0075045357083952,-0.0075045357083952,-0.0075045357083952,-0.0075045357083952,-0.0075045357083952,-0.0075045357083952
2025-02-18,-0.0001,-0.0001,-0.0001,-0.0001,-0.0001,-0.0001,-0.0001,-0.0001,-0.0001
2025-02-20,-0.0067727833847693,-0.0066727833847693,-0.0066727833847693,-0.0,-0.0001,-0.0066727833847693,-0.0,-0.0001,-0.0066727833847693
2025-02-21,-0.0001,-0.0090687715173397,-0.0090687715173397,-0.0,-0.0091687715173397,-0.0090687715173397,-0.0,-0.0091687715173397,-0.0090687715173397
2025-02-24,-0.0,-0.0001,-0.0001,-0.0,-0.0001,-0.0001,-0.0,-0.0001,-0.0001
2025-02-25,0.0063151911726968,0.0063151911726968,0.0063151911726968,0.0,0.0063151911726968,0.0063151911726968,0.0,0.0063151911726968,0.0063151911726968
2025-02-26,0.0005949345571987,0.0005949345571987,0.0005949345571987,0.0,-0.0001,0.0005949345571987,0.0,-0.0001,0.0005949345571987
2025-02-27,-0.0029729041026077,-0.0029729041026077,-0.0029729041026077,-0.0030729041026076997,-0.0030729041026076997,-0.0029729041026077,-0.0030729041026076997,-0.0030729041026076997,-0.0029729041026077
2025-02-28,0.00536718350656,0.00536718350656,0.00536718350656,0.00536718350656,0.00536718350656,0.00536718350656,0.00536718350656,0.00536718350656,0.00536718350656
2025-03-03,-0.0001,-0.0001,-0.0001,0.0056774849589018,0.0056774849589018,0.0056774849589018,0.0056774849589018,0.0056774849589018,0.0056774849589018
2025-03-04,-0.0,-0.0,-0.0006055611729019001,-0.0001,-0.0001,-0.0005055611729019,-0.0005055611729019,-0.0005055611729019,-0.0005055611729019
2025-03-05,0.002007570392851,0.002007570392851,0.002107570392851,0.0,0.0,-0.0001,0.002107570392851,0.002107570392851,0.002107570392851
2025-03-06,-0.006141162614621,-0.006141162614621,-0.006141162614621,-0.0062411626146210005,-0.0062411626146210005,-0.0062411626146210005,-0.006141162614621,-0.006141162614621,-0.006141162614621
2025-03-07,-0.0133739630946334,-0.0133739630946334,-0.0133739630946334,-0.0133739630946334,-0.0133739630946334,-0.0133739630946334,-0.0133739630946334,-0.0133739630946334,-0.0133739630946334
2025-03-10,0.0004289636238845,0.0004289636238845,0.0004289636238845,0.0004289636238845,0.0004289636238845,0.0004289636238845,0.0004289636238845,0.0004289636238845,0.0004289636238845
2025-03-11,-0.010547980447646,-0.010547980447646,-0.010547980447646,-0.010547980447646,-0.010547980447646,-0.010547980447646,-0.010547980447646,-0.010547980447646,-0.010547980447646
2025-03-12,-0.0001,-0.0001,0.0069336106777604,-0.0001,-0.0001,0.0069336106777604,-0.0001,-0.0001,0.0069336106777604
2025-03-13,-0.0,-0.0025100533654673998,-0.0024100533654674,-0.0,-0.0025100533654673998,-0.0024100533654674,-0.0,-0.0025100533654673998,-0.0024100533654674
2025-03-14,-0.0048454702329595,-0.0047454702329595,-0.0047454702329595,-0.0048454702329595,-0.0047454702329595,-0.0047454702329595,-0.0048454702329595,-0.0047454702329595,-0.0047454702329595
2025-03-17,-0.0149978326831381,-0.0149978326831381,-0.0149978326831381,-0.0149978326831381,-0.0149978326831381,-0.0149978326831381,-0.0149978326831381,-0.0149978326831381,-0.0149978326831381
2025-03-18,0.0007041013906001,0.0007041013906001,0.0007041013906001,0.0007041013906001,0.0007041013906001,0.0007041013906001,0.0007041013906001,0.0007041013906001,0.0007041013906001
2025-03-19,0.0033421284080914,0.0033421284080914,0.0033421284080914,0.0033421284080914,0.0033421284080914,0.0033421284080914,0.0033421284080914,0.0033421284080914,0.0033421284080914
2025-03-20,0.0108695652173913,0.0108695652173913,0.0108695652173913,0.0108695652173913,0.0108695652173913,0.0108695652173913,0.0108695652173913,0.0108695652173913,0.0108695652173913
2025-03-21,-0.0019944502254595,-0.0019944502254595,-0.0019944502254595,-0.0019944502254595,-0.0019944502254595,-0.0019944502254595,-0.0019944502254595,-0.0019944502254595,-0.0019944502254595
2025-03-24,0.0043444261013119,0.0043444261013119,0.0043444261013119,0.0043444261013119,0.0043444261013119,0.0043444261013119,0.0043444261013119,0.0043444261013119,0.0043444261013119
2025-03-25,-0.0001,0.0025953802232026,0.0025953802232026,-0.0001,0.0025953802232026,0.0025953802232026,0.0025953802232026,0.0025953802232026,0.0025953802232026
2025-03-26,0.0074934075416341,0.0075934075416341,0.0075934075416341,0.0074934075416341,0.0075934075416341,0.0075934075416341,0.0075934075416341,0.0075934075416341,0.0075934075416341
2025-03-27,-0.0038537295538237,-0.0038537295538237,-0.0038537295538237,-0.0038537295538237,-0.0038537295538237,-0.0038537295538237,-0.0038537295538237,-0.0038537295538237,-0.0038537295538237
2025-03-28,-0.0001,-0.0001,-0.0001,-0.0001,-0.0001,-0.0001,-0.0001,-0.0001,-0.0001
2025-03-31,0.0,0.0011068965517242,0.0011068965517242,0.0,0.0011068965517242,0.0011068965517242,0.0,0.0011068965517242,0.0011068965517242
2025-04-01,0.0,-0.0001,-0.0001,0.0,-0.0001,-0.0001,0.0,-0.0001,-0.0001
2025-04-02,0.0082469580931074,0.0082469580931074,0.0082469580931074,0.0082469580931074,0.0082469580931074,0.0082469580931074,0.0082469580931074,0.0082469580931074,0.0082469580931074
2025-04-03,0.0133981908175455,0.0133981908175455,0.0133981908175455,0.0133981908175455,0.0133981908175455,0.0133981908175455,0.0133981908175455,0.0133981908175455,0.0133981908175455
2025-04-07,0.0172631578947368,0.0172631578947368,0.0172631578947368,0.0172631578947368,0.0172631578947368,0.0172631578947368,0.0172631578947368,0.0172631578947368,0.0172631578947368
2025-04-08,-0.006456953642384,-0.006456953642384,-0.006456953642384,-0.006456953642384,-0.006456953642384,-0.006456953642384,-0.006456953642384,-0.006456953642384,-0.006456953642384
2025-04-09,0.002582902849525,0.002582902849525,0.002582902849525,0.002582902849525,0.002582902849525,0.002582902849525,0.002582902849525,0.002582902849525,0.002582902849525
2025-04-10,-0.0038228205767472,-0.0038228205767472,-0.0038228205767472,-0.0038228205767472,-0.0038228205767472,-0.0038228205767472,-0.0038228205767472,-0.0038228205767472,-0.0038228205767472
2025-04-11,-0.0028364061066155,-0.0028364061066155,-0.0028364061066155,-0.0028364061066155,-0.0028364061066155,-0.0028364061066155,-0.0028364061066155,-0.0028364061066155,-0.0028364061066155
2025-04-14,0.0036810842466326,0.0036810842466326,0.0036810842466326,0.0036810842466326,0.0036810842466326,0.0036810842466326,0.0036810842466326,0.0036810842466326,0.0036810842466326
2025-04-15,-0.0015837292656497,-0.0015837292656497,-0.0015837292656497,-0.0015837292656497,-0.0015837292656497,-0.0015837292656497,-0.0015837292656497,-0.0015837292656497,-0.0015837292656497
2025-04-16,0.0021706461846719,0.0021706461846719,0.0021706461846719,0.0021706461846719,0.0021706461846719,0.0021706461846719,0.0021706461846719,0.0021706461846719,0.0021706461846719
2025-04-17,-0.0049983338887038,-0.0049983338887038,-0.0049983338887038,-0.0049983338887038,-0.0049983338887038,-0.0049983338887038,-0.0049983338887038,-0.0049983338887038,-0.0049983338887038
2025-04-18,0.0021768251841929,0.0021768251841929,0.0021768251841929,0.0021768251841929,0.0021768251841929,0.0021768251841929,0.0021768251841929,0.0021768251841929,0.0021768251841929
2025-04-21,-0.0030910609857978,-0.0030910609857978,-0.0030910609857978,-0.0030910609857978,-0.0030910609857978,-0.0030910609857978,-0.0030910609857978,-0.0030910609857978,-0.0030910609857978
2025-04-22,0.0049442721863739,0.0049442721863739,0.0049442721863739,0.0049442721863739,0.0049442721863739,0.0049442721863739,0.0049442721863739,0.0049442721863739,0.0049442721863739
2025-04-23,-0.0043362241494329,-0.0043362241494329,-0.0043362241494329,-0.0043362241494329,-0.0043362241494329,-0.0043362241494329,-0.0043362241494329,-0.0043362241494329,-0.0043362241494329
2025-04-24,-0.0011725293132328,-0.0011725293132328,-0.0011725293132328,-0.0011725293132328,-0.0011725293132328,-0.0011725293132328,-0.0011725293132328,-0.0011725293132328,-0.0011725293132328
2025-04-25,0.0035217172564145,0.0035217172564145,0.0035217172564145,0.0035217172564145,0.0035217172564145,0.0035217172564145,0.0035217172564145,0.0035217172564145,0.0035217172564145
2025-04-28,0.0041778074866309,0.0041778074866309,0.0041778074866309,0.0041778074866309,0.0041778074866309,0.0041778074866309,0.0041778074866309,0.0041778074866309,0.0041778074866309
2025-04-29,-0.0001,-0.0001,0.0066566816442004,-0.0001,-0.0001,0.0066566816442004,-0.0001,-0.0001,0.0066566816442004
2025-04-30,-0.0019184823937841,-0.0019184823937841,-0.0018184823937841,-0.0019184823937841,-0.0019184823937841,-0.0018184823937841,-0.0019184823937841,-0.0019184823937841,-0.0018184823937841
2025-05-06,-0.0001,-0.0001,-0.0001,-0.0001,-0.0001,-0.0001,-0.0001,-0.0001,-0.0001
2025-05-07,-0.0,-0.0069612052575018,-0.0069612052575018,-0.0,-0.0069612052575018,-0.0069612052575018,-0.0,-0.0069612052575018,-0.0069612052575018
2025-05-08,0.0,-0.0001,-0.0001,0.0,-0.0001,-0.0001,0.0,-0.0001,-0.0001
2025-05-09,-0.0005982147305488001,-0.0005982147305488001,-0.0005982147305488001,-0.0005982147305488001,-0.0005982147305488001,-0.0005982147305488001,-0.0005982147305488001,-0.0005982147305488001,-0.0005982147305488001
2025-05-12,-0.0135415801279389,-0.0135415801279389,-0.0135415801279389,-0.0135415801279389,-0.0135415801279389,-0.0135415801279389,-0.0135415801279389,-0.0135415801279389,-0.0135415801279389
2025-05-13,0.0047161866262421,0.0047161866262421,0.0047161866262421,0.0047161866262421,0.0047161866262421,0.0047161866262421,0.0047161866262421,0.0047161866262421,0.0047161866262421
2025-05-14,-0.0031014249790443,-0.0031014249790443,-0.0031014249790443,-0.0031014249790443,-0.0031014249790443,-0.0031014249790443,-0.0031014249790443,-0.0031014249790443,-0.0031014249790443
2025-05-15,0.0015134953333892,0.0015134953333892,0.0015134953333892,0.0015134953333892,0.0015134953333892,0.0015134953333892,0.0015134953333892,0.0015134953333892,0.0015134953333892
2025-05-16,-0.0001,-0.0001,-0.001679120141046,-0.0001,-0.0001,-0.001679120141046,-0.001679120141046,-0.001679120141046,-0.001679120141046
2025-05-19,0.0,0.0033479858716676,0.0034479858716676,0.0,0.0033479858716676,0.0034479858716676,0.0034479858716676,0.0034479858716676,0.0034479858716676
2025-05-20,-0.0006028494803888001,-0.0005028494803888,-0.0005028494803888,-0.0006028494803888001,-0.0005028494803888,-0.0005028494803888,-0.0005028494803888,-0.0005028494803888,-0.0005028494803888
2025-05-22,-0.0001,-0.0001,-0.0001,-0.0001,-0.0001,-0.0001,-0.0001,-0.0001,-0.0001
2025-05-23,0.0,0.0,0.0005693440428379999,0.0,0.0,0.0005693440428379999,0.0,0.0,0.0005693440428379999
2025-05-26,0.0012377926421405,0.0012377926421405,0.0013377926421405,0.0,0.0,-0.0001,0.0,0.0,-0.0001
2025-05-27,-0.0001,-0.0001,-0.0001,-0.0,-0.0,-0.0,-0.0,-0.0,-0.0
2025-05-28,-0.0006022601707683001,-0.0006022601707683001,-0.0006022601707683001,-0.0006022601707683001,-0.0006022601707683001,-0.0006022601707683001,-0.0006022601707683001,-0.0006022601707683001,-0.0006022601707683001
2025-05-29,-0.0059463986599666,-0.0059463986599666,-0.0059463986599666,-0.0059463986599666,-0.0059463986599666,-0.0059463986599666,-0.0001,-0.0059463986599666,-0.0059463986599666
2025-05-30,0.0060662229336927,0.0060662229336927,0.0060662229336927,0.0060662229336927,0.0060662229336927,0.0060662229336927,0.0059662229336927,0.0060662229336927,0.0060662229336927
2025-06-03,0.0003349803199061,0.0003349803199061,0.0003349803199061,0.0003349803199061,0.0003349803199061,0.0003349803199061,0.0003349803199061,0.0003349803199061,0.0003349803199061
2025-06-04,0.0010046044370028,0.0010046044370028,0.0010046044370028,0.0010046044370028,0.0010046044370028,0.0010046044370028,0.0010046044370028,0.0010046044370028,0.0010046044370028
2025-06-05,-0.0021744584762063,-0.0021744584762063,-0.0021744584762063,-0.0021744584762063,-0.0021744584762063,-0.0021744584762063,-0.0021744584762063,-0.0021744584762063,-0.0021744584762063
2025-06-06,-0.0001,0.0039393177436928,0.0039393177436928,-0.0001,0.0039393177436928,0.0039393177436928,0.0039393177436928,0.0039393177436928,0.0039393177436928
2025-06-09,0.0029055101018533,0.0030055101018533,0.0030055101018533,0.0029055101018533,0.0030055101018533,0.0030055101018533,0.0030055101018533,0.0030055101018533,0.0030055101018533
2025-06-10,-0.0001,-0.0001,0.0001664724488097,-0.0001,-0.0001,0.0001664724488097,0.0001664724488097,0.0001664724488097,0.0001664724488097
2025-06-11,0.0022302263648468,0.0022302263648468,0.0023302263648468,0.0022302263648468,0.0022302263648468,0.0023302263648468,0.0023302263648468,0.0023302263648468,0.0023302263648468
2025-06-12,0.0004151444702755,0.0004151444702755,0.0004151444702755,0.0004151444702755,0.0004151444702755,0.0004151444702755,0.0004151444702755,0.0004151444702755,0.0004151444702755
2025-06-13,8.299443937254125e-05,8.299443937254125e-05,8.299443937254125e-05,8.299443937254125e-05,8.299443937254125e-05,8.299443937254125e-05,8.299443937254125e-05,8.299443937254125e-05,8.299443937254125e-05
2025-06-16,0.0001659751037343,0.0001659751037343,0.0001659751037343,0.0001659751037343,0.0001659751037343,0.0001659751037343,0.0001659751037343,0.0001659751037343,0.0001659751037343
2025-06-17,0.0024892134085627,0.0024892134085627,0.0024892134085627,0.0024892134085627,0.0024892134085627,0.0024892134085627,0.0024892134085627,0.0024892134085627,0.0024892134085627
2025-06-18,-0.0001,-0.0001,0.0006621420294654,-0.0001,-0.0001,0.0006621420294654,-0.0001,-0.0001,0.0006621420294654
2025-06-19,0.0012234077750206,0.0012234077750206,0.0013234077750206,0.0012234077750206,0.0012234077750206,0.0013234077750206,0.0012234077750206,0.0012234077750206,0.0013234077750206
2025-06-20,0.0021476953576737,0.0021476953576737,0.0021476953576737,0.0021476953576737,0.0021476953576737,0.0021476953576737,0.0021476953576737,0.0021476953576737,0.0021476953576737
2025-06-23,-0.0002472799208703,-0.0002472799208703,-0.0002472799208703,-0.0002472799208703,-0.0002472799208703,-0.0002472799208703,-0.0002472799208703,-0.0002472799208703,-0.0002472799208703
2025-06-24,-0.0029680930002473,-0.0029680930002473,-0.0029680930002473,-0.0029680930002473,-0.0029680930002473,-0.0029680930002473,-0.0029680930002473,-0.0029680930002473,-0.0029680930002473
2025-06-25,-0.0001,-0.0001,-0.0021500041346234,-0.0001,-0.0001,-0.0021500041346234,-0.0001,-0.0001,-0.0021500041346234
2025-06-26,0.0,0.0,-0.0001,0.0,0.0,-0.0001,0.0,0.0,-0.0001
2025-06-27,0.0013082173624915999,0.0013082173624915999,0.0013082173624915999,0.0013082173624915999,0.0013082173624915999,0.0013082173624915999,0.0013082173624915999,0.0013082173624915999,0.0013082173624915999
2025-06-30,-0.0038878319133096,-0.0038878319133096,-0.0038878319133096,-0.0038878319133096,-0.0038878319133096,-0.0038878319133096,-0.0038878319133096,-0.0038878319133096,-0.0038878319133096
2025-07-01,-0.0001,-0.0001,-0.0001,-0.0001,-0.0001,-0.0001,-0.0001,-0.0001,-0.0001
2025-07-02,0.0035441941361604003,0.0035441941361604003,0.0035441941361604003,0.0035441941361604003,0.0035441941361604003,0.0035441941361604003,0.0035441941361604003,0.0035441941361604003,0.0035441941361604003
2025-07-03,-0.0004126093414755,-0.0004126093414755,-0.0004126093414755,-0.0004126093414755,-0.0004126093414755,-0.0004126093414755,-0.0004126093414755,-0.0004126093414755,-0.0004126093414755
2025-07-04,0.0005778915215057,0.0005778915215057,0.0005778915215057,0.0005778915215057,0.0005778915215057,0.0005778915215057,0.0005778915215057,0.0005778915215057,0.0005778915215057
2025-07-07,-0.0004125412541253,-0.0004125412541253,-0.0004125412541253,-0.0004125412541253,-0.0004125412541253,-0.0004125412541253,-0.0004125412541253,-0.0004125412541253,-0.0004125412541253
2025-07-08,-0.0018984729673958,-0.0018984729673958,-0.0018984729673958,-0.0018984729673958,-0.0018984729673958,-0.0018984729673958,-0.0018984729673958,-0.0018984729673958,-0.0018984729673958
2025-07-09,0.0014058881905392,0.0014058881905392,0.0014058881905392,0.0014058881905392,0.0014058881905392,0.0014058881905392,0.0014058881905392,0.0014058881905392,0.0014058881905392
2025-07-10,-0.0046246593442893,-0.0046246593442893,-0.0046246593442893,-0.0046246593442893,-0.0046246593442893,-0.0046246593442893,-0.0046246593442893,-0.0046246593442893,-0.0046246593442893
2025-07-11,-0.0001,0.0006637351696672,0.0006637351696672,-0.0001,0.0006637351696672,0.0006637351696672,0.0006637351696672,0.0006637351696672,0.0006637351696672
2025-07-14,-0.0,-0.0001,-0.0026531796700107,-0.0,-0.0001,-0.0026531796700107,-0.0001,-0.0001,-0.0026531796700107
2025-07-15,0.0038072242081636,0.0038072242081636,0.0039072242081636,0.0038072242081636,0.0038072242081636,0.0039072242081636,0.0038072242081636,0.0038072242081636,0.0039072242081636
2025-07-16,-0.0004140443855582,-0.0004140443855582,-0.0004140443855582,-0.0004140443855582,-0.0004140443855582,-0.0004140443855582,-0.0004140443855582,-0.0004140443855582,-0.0004140443855582
2025-07-17,0.0001656863557286,0.0001656863557286,0.0001656863557286,0.0001656863557286,0.0001656863557286,0.0001656863557286,0.0001656863557286,0.0001656863557286,0.0001656863557286
2025-07-18,-0.0022363952621553,-0.0022363952621553,-0.0022363952621553,-0.0022363952621553,-0.0022363952621553,-0.0022363952621553,-0.0022363952621553,-0.0022363952621553,-0.0022363952621553
2025-07-21,-0.0040677403287397,-0.0040677403287397,-0.0040677403287397,-0.0040677403287397,-0.0040677403287397,-0.0040677403287397,-0.0040677403287397,-0.0040677403287397,-0.0040677403287397
2025-07-22,-0.0001,-0.0001,-0.0001,-0.0001,-0.0001,-0.0001,-0.0001,-0.0001,-0.0001
2025-07-23,-0.0016069066555044,-0.0016069066555044,-0.0016069066555044,-0.0016069066555044,-0.0016069066555044,-0.0016069066555044,-0.0016069066555044,-0.0016069066555044,-0.0016069066555044
2025-07-24,-0.0085520248176406,-0.0085520248176406,-0.0085520248176406,-0.0085520248176406,-0.0085520248176406,-0.0085520248176406,-0.0085520248176406,-0.0085520248176406,-0.0085520248176406
2025-07-25,-0.002536997885835,-0.002536997885835,-0.002536997885835,-0.002536997885835,-0.002536997885835,-0.002536997885835,-0.002536997885835,-0.002536997885835,-0.002536997885835
2025-07-28,0.0070368800339126,0.0070368800339126,0.0070368800339126,0.0070368800339126,0.0070368800339126,0.0070368800339126,0.0070368800339126,0.0070368800339126,0.0070368800339126
2025-07-29,-0.0076612224280181,-0.0076612224280181,-0.0076612224280181,-0.0076612224280181,-0.0076612224280181,-0.0076612224280181,-0.0076612224280181,-0.0076612224280181,-0.0076612224280181
2025-07-30,0.0041571222533298,0.0041571222533298,0.0041571222533298,0.0041571222533298,0.0041571222533298,0.0041571222533298,0.0041571222533298,0.0041571222533298,0.0041571222533298
2025-07-31,-0.0001,-0.0001,-0.0001,-0.0001,-0.0001,-0.0001,0.0064210882054749,0.0064210882054749,0.0064210882054749
2025-08-01,-0.0007715916722632,-0.0007715916722632,-0.0007715916722632,-0.0007715916722632,-0.0007715916722632,-0.0007715916722632,-0.0006715916722632,-0.0006715916722632,-0.0006715916722632
2025-08-04,0.0012600806451612,0.0012600806451612,0.0012600806451612,0.0012600806451612,0.0012600806451612,0.0012600806451612,0.0012600806451612,0.0012600806451612,0.0012600806451612
2025-08-05,0.0010906955281482,0.0010906955281482,0.0010906955281482,0.0010906955281482,0.0010906955281482,0.0010906955281482,0.0010906955281482,0.0010906955281482,0.0010906955281482
2025-08-06,8.380824673159815e-05,8.380824673159815e-05,8.380824673159815e-05,8.380824673159815e-05,8.380824673159815e-05,8.380824673159815e-05,8.380824673159815e-05,8.380824673159815e-05,8.380824673159815e-05
2025-08-07,0.0004190061174893,0.0004190061174893,0.0004190061174893,0.0004190061174893,0.0004190061174893,0.0004190061174893,0.0004190061174893,0.0004190061174893,0.0004190061174893
2025-08-08,-0.0005025967498744,-0.0005025967498744,-0.0005025967498744,-0.0005025967498744,-0.0005025967498744,-0.0005025967498744,-0.0005025967498744,-0.0005025967498744,-0.0005025967498744
2025-08-11,-0.0060341937646664,-0.0060341937646664,-0.0060341937646664,-0.0060341937646664,-0.0060341937646664,-0.0060341937646664,-0.0060341937646664,-0.0060341937646664,-0.0060341937646664
2025-08-12,-0.0001,-0.0038785834738617,-0.0038785834738617,-0.0001,-0.0038785834738617,-0.0038785834738617,-0.0001,-0.0038785834738617,-0.0038785834738617
2025-08-13,0.0,0.0011003893685457,0.0011003893685457,0.0,0.0011003893685457,0.0011003893685457,0.0,0.0011003893685457,0.0011003893685457
2025-08-14,-0.0033975395281982,-0.0032975395281982,-0.0032975395281982,-0.0033975395281982,-0.0032975395281982,-0.0032975395281982,-0.0033975395281982,-0.0032975395281982,-0.0032975395281982
2025-08-15,-0.0001,-0.0001,-0.0001,-0.0001,-0.0001,-0.0001,-0.0001,-0.0001,-0.0001
2025-08-18,-0.0119318011576438,-0.0119318011576438,-0.0119318011576438,-0.0119318011576438,-0.0119318011576438,-0.0119318011576438,-0.0119318011576438,-0.0119318011576438,-0.0119318011576438
2025-08-19,0.003876302868464,0.003876302868464,0.003876302868464,0.003876302868464,0.003876302868464,0.003876302868464,0.003876302868464,0.003876302868464,0.003876302868464
2025-08-20,-0.0042045649562383,-0.0042045649562383,-0.0042045649562383,-0.0042045649562383,-0.0042045649562383,-0.0042045649562383,-0.0042045649562383,-0.0042045649562383,-0.0042045649562383
2025-08-22,-0.0011196279390233,-0.0011196279390233,-0.0011196279390233,-0.0011196279390233,-0.0011196279390233,-0.0011196279390233,-0.0011196279390233,-0.0011196279390233,-0.0011196279390233
2025-08-25,-0.0001,0.0070701845145713,0.0070701845145713,-0.0001,0.0070701845145713,0.0070701845145713,0.0070701845145713,0.0070701845145713,0.0070701845145713
2025-08-26,0.0,0.0040239726027397,0.0040239726027397,0.0,0.0040239726027397,0.0040239726027397,-0.0001,0.0040239726027397,0.0040239726027397
2025-08-27,0.0010085529120833,0.0011085529120833,0.0011085529120833,0.0010085529120833,0.0011085529120833,0.0011085529120833,0.0010085529120833,0.0011085529120833,0.0011085529120833
2025-08-28,-0.0080068143100512,-0.0080068143100512,-0.0080068143100512,-0.0080068143100512,-0.0080068143100512,-0.0080068143100512,-0.0001,-0.0080068143100512,-0.0080068143100512
2025-08-29,-0.0001,0.0007727975270479,0.0007727975270479,0.0007727975270479,0.0007727975270479,0.0007727975270479,0.0,0.0007727975270479,0.0007727975270479
2025-09-01,0.0,-0.0001,0.0030888030888029,-0.0001,-0.0001,0.0030888030888029,0.0,-0.0001,0.0030888030888029
2025-09-02,-0.0,-0.0,-0.0019673252929602,-0.0,-0.0,-0.0019673252929602,-0.0,-0.0,-0.0019673252929602
2025-09-03,0.0039281110730202,0.0039281110730202,0.0040281110730202,0.0039281110730202,0.0039281110730202,0.0040281110730202,0.0039281110730202,0.0039281110730202,0.0040281110730202
2025-09-04,0.0015364916773366,0.0015364916773366,0.0015364916773366,0.0015364916773366,0.0015364916773366,0.0015364916773366,-0.0001,0.0015364916773366,0.0015364916773366
2025-09-05,-0.0083525100144891,-0.0083525100144891,-0.0083525100144891,-0.0083525100144891,-0.0083525100144891,-0.0083525100144891,-0.008452510014489099,-0.0083525100144891,-0.0083525100144891
2025-09-08,-0.0024924795874515,-0.0024924795874515,-0.0024924795874515,-0.0024924795874515,-0.0024924795874515,-0.0024924795874515,-0.0024924795874515,-0.0024924795874515,-0.0024924795874515
2025-09-09,-0.0001,-0.0001,-0.0029295192141995,-0.0001,-0.0001,-0.0029295192141995,-0.0029295192141995,-0.0029295192141995,-0.0029295192141995
2025-09-10,-0.0083958866228827,-0.0083958866228827,-0.0082958866228827,-0.0083958866228827,-0.0083958866228827,-0.0082958866228827,-0.0082958866228827,-0.0082958866228827,-0.0082958866228827
2025-09-11,-0.0001,-0.0001,-0.0001,-0.0001,-0.0001,-0.0001,-0.0001742767514814,-0.0001742767514814,-0.0001742767514814
2025-09-12,0.0,0.0,0.0,0.0,0.0,0.0,-0.0001,-0.0001,-0.0001
2025-09-15,0.0010277869350221,0.0010277869350221,0.0010277869350221,0.0010277869350221,0.0010277869350221,0.0010277869350221,0.0010277869350221,0.0010277869350221,0.0010277869350221
2025-09-16,0.0006932409012132,0.0006932409012132,0.0006932409012132,0.0006932409012132,0.0006932409012132,0.0006932409012132,0.0006932409012132,0.0006932409012132,0.0006932409012132
2025-09-17,0.003463803255975,0.003463803255975,0.003463803255975,0.003463803255975,0.003463803255975,0.003463803255975,0.003463803255975,0.003463803255975,0.003463803255975
2025-09-18,-0.0022437003797031,-0.0022437003797031,-0.0022437003797031,-0.0022437003797031,-0.0022437003797031,-0.0022437003797031,-0.0022437003797031,-0.0022437003797031,-0.0022437003797031
2025-09-19,-0.0001,-0.0070921985815602,-0.0070921985815602,-0.0001,-0.0070921985815602,-0.0070921985815602,-0.0070921985815602,-0.0070921985815602,-0.0070921985815602
2025-09-22,0.0,-0.0001,0.0028745644599303,0.0,-0.0001,0.0028745644599303,0.0028745644599303,0.0028745644599303,0.0028745644599303
2025-09-23,-0.0,-0.0,-0.0001,-0.0,-0.0,-0.0001,-0.0001,-0.0001,-0.0001
2025-09-24,-0.0,-0.0,-0.0,-0.0,-0.0,-0.0,-0.0,-0.0,-0.0
2025-09-25,0.0002506618742876,0.0002506618742876,0.0002506618742876,0.0002506618742876,0.0002506618742876,0.0002506618742876,0.0002506618742876,0.0002506618742876,0.0002506618742876
2025-09-26,0.0007010779072824,0.0007010779072824,0.0007010779072824,0.0007010779072824,0.0007010779072824,0.0007010779072824,0.0007010779072824,0.0007010779072824,0.0007010779072824
2025-09-29,-0.004115947105701,-0.004115947105701,-0.004115947105701,-0.004115947105701,-0.004115947105701,-0.004115947105701,-0.004115947105701,-0.004115947105701,-0.004115947105701
2025-09-30,0.0015828350334154,0.0015828350334154,0.0015828350334154,0.0015828350334154,0.0015828350334154,0.0015828350334154,0.0015828350334154,0.0015828350334154,0.0015828350334154
2025-10-09,-0.0001,-0.0001,0.0055311676909568,-0.0001,-0.0001,0.0055311676909568,-0.0001,-0.0001,0.0055311676909568
2025-10-10,-0.0,-0.0,-0.0048895485898891,-0.0,-0.0,-0.0048895485898891,-0.0049895485898891,-0.0049895485898891,-0.0048895485898891
2025-10-13,0.0,0.0,0.0041238922523469,0.0,0.0,0.0041238922523469,0.0041238922523469,0.0041238922523469,0.0041238922523469
2025-10-14,0.0026962250961202004,0.0026962250961202004,0.0027962250961202,0.0026962250961202004,0.0026962250961202004,0.0027962250961202,0.0027962250961202,0.0027962250961202,0.0027962250961202
2025-10-15,-0.0015684907633322,-0.0015684907633322,-0.0015684907633322,-0.0015684907633322,-0.0015684907633322,-0.0015684907633322,-0.0015684907633322,-0.0015684907633322,-0.0015684907633322
2025-10-16,0.0033164601152033,0.0033164601152033,0.0033164601152033,0.0033164601152033,0.0033164601152033,0.0033164601152033,0.0033164601152033,0.0033164601152033,0.0033164601152033
2025-10-17,0.0079157967988867,0.0079157967988867,0.0079157967988867,0.0079157967988867,0.0079157967988867,0.0079157967988867,0.0079157967988867,0.0079157967988867,0.0079157967988867
2025-10-20,-0.0001,-0.0049193061189264,-0.0049193061189264,-0.0001,-0.0049193061189264,-0.0049193061189264,-0.0049193061189264,-0.0049193061189264,-0.0049193061189264
2025-10-21,0.0,-0.0001,0.0025151777970511,0.0,-0.0001,0.0025151777970511,0.0025151777970511,0.0025151777970511,0.0025151777970511
2025-10-22,7.302534821349999e-05,7.302534821349999e-05,0.0001730253482135,7.302534821349999e-05,7.302534821349999e-05,0.0001730253482135,0.0001730253482135,0.0001730253482135,0.0001730253482135
2025-10-23,-0.0034599083124298,-0.0034599083124298,-0.0034599083124298,-0.0034599083124298,-0.0034599083124298,-0.0034599083124298,-0.0034599083124298,-0.0034599083124298,-0.0034599083124298
2025-10-24,-0.0001,-0.0001,-0.0001,-0.0001,-0.0001,-0.0001,-0.0001,-0.0001,-0.0001
2025-10-27,0.0,0.0,0.0,0.0,0.0,0.0,0.0,0.0,0.0
2025-10-28,0.0047526863084921,0.0047526863084921,0.0047526863084921,0.0047526863084921,0.0047526863084921,0.0047526863084921,0.0047526863084921,0.0047526863084921,0.0047526863084921
2025-10-29,-0.0011210762331838,-0.0011210762331838,-0.0011210762331838,-0.0011210762331838,-0.0011210762331838,-0.0011210762331838,-0.0011210762331838,-0.0011210762331838,-0.0011210762331838
2025-10-30,0.0027626694293361,0.0027626694293361,0.0027626694293361,0.0027626694293361,0.0027626694293361,0.0027626694293361,0.0027626694293361,0.0027626694293361,0.0027626694293361
2025-10-31,-0.0001,-0.0001,-0.0001,-0.0001,-0.0001,-0.0001,0.0045630650021524,0.0045630650021524,0.0045630650021524
2025-11-03,-0.0015569763455605,-0.0015569763455605,-0.0015569763455605,-0.0015569763455605,-0.0015569763455605,-0.0015569763455605,-0.0014569763455605,-0.0014569763455605,-0.0014569763455605
2025-11-04,8.582954252855934e-05,8.582954252855934e-05,8.582954252855934e-05,8.582954252855934e-05,8.582954252855934e-05,8.582954252855934e-05,8.582954252855934e-05,8.582954252855934e-05,8.582954252855934e-05
2025-11-05,-0.0007723995880534,-0.0007723995880534,-0.0007723995880534,-0.0007723995880534,-0.0007723995880534,-0.0007723995880534,-0.0007723995880534,-0.0007723995880534,-0.0007723995880534
2025-11-06,-0.0027484325345702,-0.0027484325345702,-0.0027484325345702,-0.0027484325345702,-0.0027484325345702,-0.0027484325345702,-0.0027484325345702,-0.0027484325345702,-0.0027484325345702
2025-11-07,-0.0013780036172594,-0.0013780036172594,-0.0013780036172594,-0.0013780036172594,-0.0013780036172594,-0.0013780036172594,-0.0013780036172594,-0.0013780036172594,-0.0013780036172594
2025-11-10,0.0028460543337645,0.0028460543337645,0.0028460543337645,0.0028460543337645,0.0028460543337645,0.0028460543337645,0.0028460543337645,0.0028460543337645,0.0028460543337645
2025-11-11,0.0001719986240109,0.0001719986240109,0.0001719986240109,0.0001719986240109,0.0001719986240109,0.0001719986240109,0.0001719986240109,0.0001719986240109,0.0001719986240109
2025-11-12,0.0012897678417884,0.0012897678417884,0.0012897678417884,0.0012897678417884,0.0012897678417884,0.0012897678417884,0.0012897678417884,0.0012897678417884,0.0012897678417884
2025-11-13,-0.0001,-0.0001,-0.0027479604980679,-0.0001,-0.0001,-0.0027479604980679,-0.0001,-0.0001,-0.0027479604980679
2025-11-14,0.0,0.0,0.0002583311805735,0.0,0.0,0.0002583311805735,0.0,0.0,0.0002583311805735
2025-11-17,0.0023965564738292,0.0023965564738292,0.0024965564738292,0.0023965564738292,0.0023965564738292,0.0024965564738292,0.0023965564738292,0.0023965564738292,0.0024965564738292
2025-11-18,-0.0001,-0.0001,-0.0001,-0.0001,-0.0001,-0.0001,-0.0001,-0.0001,-0.0001
2025-11-19,-0.0,-0.0038758517120054,-0.0038758517120054,-0.0,-0.0038758517120054,-0.0038758517120054,-0.0,-0.0038758517120054,-0.0038758517120054
2025-11-20,-0.0019950814023602,-0.0018950814023602,-0.0018950814023602,-0.0019950814023602,-0.0018950814023602,-0.0018950814023602,-0.0019950814023602,-0.0018950814023602,-0.0018950814023602
2025-11-21,-0.0025891084836455,-0.0025891084836455,-0.0025891084836455,-0.0025891084836455,-0.0025891084836455,-0.0025891084836455,-0.0025891084836455,-0.0025891084836455,-0.0025891084836455
2025-11-24,-0.0001,-0.0001,0.0016440252660725,0.0016440252660725,0.0016440252660725,0.0016440252660725,-0.0001,-0.0001,0.0016440252660725
2025-11-26,-0.0075547064953107,-0.0075547064953107,-0.0075547064953107,-0.0075547064953107,-0.0075547064953107,-0.0075547064953107,-0.0075547064953107,-0.0075547064953107,-0.0075547064953107
2025-11-27,0.0011374573453495,0.0011374573453495,0.0011374573453495,0.0011374573453495,0.0011374573453495,0.0011374573453495,0.0011374573453495,0.0011374573453495,0.0011374573453495
2025-11-28,-0.0001,-0.0001,-0.0001,-0.0001,-0.0001,-0.0001,-0.0001,-0.0001,-0.0001
2025-12-01,-0.0011481264739278,-0.0011481264739278,-0.0011481264739278,-0.0011481264739278,-0.0011481264739278,-0.0011481264739278,-0.0011481264739278,-0.0011481264739278,-0.0011481264739278
2025-12-02,-0.0041969047827227,-0.0041969047827227,-0.0041969047827227,-0.0001,-0.0001,-0.0041969047827227,-0.0001,-0.0001,-0.0041969047827227
2025-12-03,-0.0001,-0.0001,-0.0001,-0.0,-0.0,-0.0001,-0.0,-0.0,-0.0001
2025-12-04,-0.0,-0.0,-0.0,-0.0,-0.0,-0.0,-0.0,-0.0,-0.0
2025-12-05,0.0004335704757669,0.0004335704757669,0.0004335704757669,0.0,0.0004335704757669,0.0004335704757669,0.0,0.0004335704757669,0.0004335704757669
2025-12-08,-0.002399786685628,-0.002399786685628,-0.002399786685628,-0.0024997866856279996,-0.002399786685628,-0.002399786685628,-0.0024997866856279996,-0.002399786685628,-0.002399786685628
2025-12-09,-0.0001,-0.0001,0.0031183178902352,0.0031183178902352,0.0031183178902352,0.0031183178902352,0.0031183178902352,0.0031183178902352,0.0031183178902352
2025-12-10,0.0016763566924237999,0.0016763566924237999,0.0017763566924238,0.0017763566924238,0.0017763566924238,0.0017763566924238,0.0017763566924238,0.0017763566924238,0.0017763566924238
2025-12-11,0.0035464136891567,0.0035464136891567,0.0035464136891567,0.0035464136891567,0.0035464136891567,0.0035464136891567,0.0035464136891567,0.0035464136891567,0.0035464136891567
2025-12-12,-0.0063609859528226,-0.0063609859528226,-0.0063609859528226,-0.0063609859528226,-0.0063609859528226,-0.0063609859528226,-0.0063609859528226,-0.0063609859528226,-0.0063609859528226
2025-12-15,-0.0001,-0.0001,-0.008357784298035,-0.0001,-0.0001,-0.008357784298035,-0.008357784298035,-0.008357784298035,-0.008357784298035
2025-12-16,-0.0013552676409934001,-0.0013552676409934001,-0.0012552676409934,-0.0013552676409934001,-0.0013552676409934001,-0.0012552676409934,-0.0012552676409934,-0.0012552676409934,-0.0012552676409934
2025-12-17,0.0067330999192027,0.0067330999192027,0.0067330999192027,0.0067330999192027,0.0067330999192027,0.0067330999192027,0.0067330999192027,0.0067330999192027,0.0067330999192027
2025-12-18,0.0009809167112537,0.0009809167112537,0.0009809167112537,0.0009809167112537,0.0009809167112537,0.0009809167112537,0.0009809167112537,0.0009809167112537,0.0009809167112537
2025-12-19,0.003652561247216,0.003652561247216,0.003652561247216,0.003652561247216,0.003652561247216,0.003652561247216,0.003652561247216,0.003652561247216,0.003652561247216
2025-12-22,-0.0060358601100656,-0.0060358601100656,-0.0060358601100656,-0.0060358601100656,-0.0060358601100656,-0.0060358601100656,-0.0060358601100656,-0.0060358601100656,-0.0060358601100656
2025-12-23,0.0075906411859261,0.0075906411859261,0.0075906411859261,0.0075906411859261,0.0075906411859261,0.0075906411859261,0.0075906411859261,0.0075906411859261,0.0075906411859261
2025-12-24,-0.0001,-0.0001,8.862891075067658e-05,-0.0001,-0.0001,8.862891075067658e-05,-0.0001,-0.0001,8.862891075067658e-05
2025-12-25,-0.0030244948599786,-0.0030244948599786,-0.0029244948599786,-0.0030244948599786,-0.0030244948599786,-0.0029244948599786,-0.0030244948599786,-0.0030244948599786,-0.0029244948599786
2025-12-26,0.0039996444760463,0.0039996444760463,0.0039996444760463,0.0039996444760463,0.0039996444760463,0.0039996444760463,0.0039996444760463,0.0039996444760463,0.0039996444760463
2025-12-29,-0.0001,-0.0001,-0.0001,-0.0001,-0.0001,-0.0001,-0.0001,-0.0001,-0.0001
2025-12-30,0.0,0.0,0.0,0.0,0.0,0.0,0.0,0.0,0.0
2025-12-31,-0.003855700617008,-0.003855700617008,-0.003855700617008,-0.003855700617008,-0.003855700617008,-0.003855700617008,-0.003855700617008,-0.003855700617008,-0.003855700617008
2026-01-05,-0.0008078269455166,-0.0008078269455166,-0.0008078269455166,-0.0008078269455166,-0.0008078269455166,-0.0008078269455166,-0.0001,-0.0001,-0.0001
2026-01-06,-0.0035034135824648,-0.0035034135824648,-0.0035034135824648,-0.0035034135824648,-0.0035034135824648,-0.0035034135824648,-0.0036034135824647997,-0.0036034135824647997,-0.0036034135824647997
2026-01-07,-0.0041467592175246,-0.0041467592175246,-0.0041467592175246,-0.0041467592175246,-0.0041467592175246,-0.0041467592175246,-0.0041467592175246,-0.0041467592175246,-0.0041467592175246
2026-01-08,0.0047976826287678,0.0047976826287678,0.0047976826287678,0.0047976826287678,0.0047976826287678,0.0047976826287678,0.0047976826287678,0.0047976826287678,0.0047976826287678
2026-01-09,-0.0011711711711711,-0.0011711711711711,-0.0011711711711711,-0.0011711711711711,-0.0011711711711711,-0.0011711711711711,-0.0011711711711711,-0.0011711711711711,-0.0011711711711711
2026-01-12,0.0029764589158474,0.0029764589158474,0.0029764589158474,0.0029764589158474,0.0029764589158474,0.0029764589158474,0.0029764589158474,0.0029764589158474,0.0029764589158474
2026-01-13,0.0013489208633092,0.0013489208633092,0.0013489208633092,0.0013489208633092,0.0013489208633092,0.0013489208633092,0.0013489208633092,0.0013489208633092,0.0013489208633092
2026-01-14,-0.0001,-0.0001,-0.0001,-0.0001,-0.0001,-0.0001,-0.0001,-0.0001,-0.0001
2026-01-15,-0.0,-0.0,-0.0008189718702255,-0.0,-0.0,-0.0008189718702255,-0.0,-0.0,-0.0008189718702255
2026-01-16,-0.0003698084360104,-0.0003698084360104,-0.0002698084360104,-0.0003698084360104,-0.0003698084360104,-0.0002698084360104,-0.0003698084360104,-0.0003698084360104,-0.0002698084360104
2026-01-19,-0.0021590500179919,-0.0021590500179919,-0.0021590500179919,-0.0021590500179919,-0.0021590500179919,-0.0021590500179919,-0.0021590500179919,-0.0021590500179919,-0.0021590500179919
2026-01-20,0.0051388388027406,0.0051388388027406,0.0051388388027406,0.0051388388027406,0.0051388388027406,0.0051388388027406,0.0051388388027406,0.0051388388027406,0.0051388388027406
2026-01-21,0.0068167548659072,0.0068167548659072,0.0068167548659072,0.0068167548659072,0.0068167548659072,0.0068167548659072,0.0068167548659072,0.0068167548659072,0.0068167548659072
2026-01-22,-0.0007126948775055,-0.0007126948775055,-0.0007126948775055,-0.0007126948775055,-0.0007126948775055,-0.0007126948775055,-0.0007126948775055,-0.0007126948775055,-0.0007126948775055
2026-01-23,0.0011589551573503,0.0011589551573503,0.0011589551573503,0.0011589551573503,0.0011589551573503,0.0011589551573503,0.0011589551573503,0.0011589551573503,0.0011589551573503
2026-01-26,-0.0001,0.0018699910952806,0.0018699910952806,-0.0001,0.0018699910952806,0.0018699910952806,0.0018699910952806,0.0018699910952806,0.0018699910952806
2026-01-27,-0.0,-0.0001,-0.0037330015109767,-0.0,-0.0001,-0.0037330015109767,-0.0037330015109767,-0.0037330015109767,-0.0037330015109767
2026-01-28,-0.0001,-0.0001,0.0,0.0,-0.0001,0.0,-0.0001,0.0,0.0
2026-01-29,0.0007137121955571,0.0007137121955571,0.0007137121955571,0.0,0.0007137121955571,0.0007137121955571,0.0,0.0007137121955571,0.0007137121955571
2026-01-30,-0.0001,-0.0022287599179816,-0.0022287599179816,-0.0023287599179815997,-0.0022287599179816,-0.0022287599179816,-0.0,-0.0022287599179816,-0.0022287599179816
2026-02-02,0.0,-0.0001,0.0012508934953538,-0.0001,-0.0001,0.0012508934953538,0.0,-0.0001,0.0012508934953538
2026-02-03,-0.0009923790826343,-0.0009923790826343,-0.0008923790826343,-0.0009923790826343,-0.0009923790826343,-0.0008923790826343,-0.0009923790826343,-0.0009923790826343,-0.0008923790826343
2026-02-04,-0.0001,-0.0001,-0.0001,-0.0001,-0.0001,-0.0001,-0.0001,-0.0001,-0.0001
2026-02-05,0.0041076991942703,0.0041076991942703,0.0041076991942703,0.0041076991942703,0.0041076991942703,0.0041076991942703,0.0041076991942703,0.0041076991942703,0.0041076991942703
2026-02-06,0.0035660158687704,0.0035660158687704,0.0035660158687704,0.0035660158687704,0.0035660158687704,0.0035660158687704,0.0035660158687704,0.0035660158687704,0.0035660158687704
2026-02-09,0.0014213378342364,0.0014213378342364,0.0014213378342364,0.0014213378342364,0.0014213378342364,0.0014213378342364,0.0014213378342364,0.0014213378342364,0.0014213378342364
2026-02-10,-0.0004435376563469,-0.0004435376563469,-0.0004435376563469,-0.0004435376563469,-0.0004435376563469,-0.0004435376563469,-0.0004435376563469,-0.0004435376563469,-0.0004435376563469
2026-02-11,0.000621228257011,0.000621228257011,0.000621228257011,0.000621228257011,0.000621228257011,0.000621228257011,0.000621228257011,0.000621228257011,0.000621228257011
2026-02-12,-0.0004434589800442,-0.0004434589800442,-0.0004434589800442,-0.0004434589800442,-0.0004434589800442,-0.0004434589800442,-0.0004434589800442,-0.0004434589800442,-0.0004434589800442
2026-02-13,0.0012422360248447,0.0012422360248447,0.0012422360248447,0.0012422360248447,0.0012422360248447,0.0012422360248447,0.0012422360248447,0.0012422360248447,0.0012422360248447
2026-02-24,-0.0001,-0.0001,-0.0001,-0.0001,-0.0001,-0.0001,0.0010634526763557,0.0010634526763557,0.0010634526763557
2026-02-26,-0.0054125998225377,-0.0054125998225377,-0.0054125998225377,-0.0001,-0.0001,-0.0054125998225377,-0.0001,-0.0001,-0.0054125998225377
2026-02-27,-0.0001,-0.0001784280488893,-0.0001784280488893,-0.0,-0.0002784280488893,-0.0001784280488893,-0.0,-0.0002784280488893,-0.0001784280488893
2026-03-02,0.0058784063531719995,0.005978406353172,0.005978406353172,0.0,0.005978406353172,0.005978406353172,0.0,0.005978406353172,0.005978406353172
2026-03-03,0.0002660989888239,0.0002660989888239,0.0002660989888239,0.00016609898882390003,0.0002660989888239,0.0002660989888239,0.00016609898882390003,0.0002660989888239,0.0002660989888239
2026-03-04,0.0,0.0,0.0,0.0,0.0,0.0,0.0,0.0,0.0
2026-03-05,0.0,0.0,0.0,0.0,0.0,0.0,0.0,0.0,0.0
2026-03-06,-0.0001,8.867606632967373e-05,8.867606632967373e-05,-0.0001,8.867606632967373e-05,8.867606632967373e-05,-0.0001,8.867606632967373e-05,8.867606632967373e-05
2026-03-09,-0.011272193651356599,-0.0111721936513566,-0.0111721936513566,-0.011272193651356599,-0.0111721936513566,-0.0111721936513566,-0.011272193651356599,-0.0111721936513566,-0.0111721936513566
2026-03-10,-0.0001,-0.0001,-0.0001,-0.0001,-0.0001,-0.0001,-0.0001,-0.0001,-0.0001
2026-03-11,-0.0022526594313391,-0.0022526594313391,-0.0022526594313391,-0.0022526594313391,-0.0022526594313391,-0.0022526594313391,-0.0022526594313391,-0.0022526594313391,-0.0022526594313391
2026-03-12,0.001438202247191,0.001438202247191,0.001438202247191,0.001438202247191,0.001438202247191,0.001438202247191,0.001438202247191,0.001438202247191,0.001438202247191
2026-03-13,-0.0031415492325643,-0.0031415492325643,-0.0031415492325643,-0.0031415492325643,-0.0031415492325643,-0.0031415492325643,-0.0031415492325643,-0.0031415492325643,-0.0031415492325643
2026-03-16,-0.0038717810192688,-0.0038717810192688,-0.0038717810192688,-0.0038717810192688,-0.0038717810192688,-0.0038717810192688,-0.0038717810192688,-0.0038717810192688,-0.0038717810192688
2026-03-17,0.0005423483684352,0.0005423483684352,0.0005423483684352,0.0005423483684352,0.0005423483684352,0.0005423483684352,0.0005423483684352,0.0005423483684352,0.0005423483684352
2026-03-18,0.0026199295329298,0.0026199295329298,0.0026199295329298,0.0026199295329298,0.0026199295329298,0.0026199295329298,0.0026199295329298,0.0026199295329298,0.0026199295329298
2026-03-19,0.0008109569291763,0.0008109569291763,0.0008109569291763,0.0008109569291763,0.0008109569291763,0.0008109569291763,0.0008109569291763,0.0008109569291763,0.0008109569291763
2026-03-20,-0.0036013324930223,-0.0036013324930223,-0.0036013324930223,-0.0036013324930223,-0.0036013324930223,-0.0036013324930223,-0.0036013324930223,-0.0036013324930223,-0.0036013324930223
2026-03-23,0.0003614348965392,0.0003614348965392,0.0003614348965392,0.0003614348965392,0.0003614348965392,0.0003614348965392,0.0003614348965392,0.0003614348965392,0.0003614348965392
2026-03-24,-0.0001,-0.0001,-0.0001,-0.0001,-0.0001,-0.0001,-0.0001,-0.0001,-0.0001
2026-03-25,-0.0006393743257819,-0.0006393743257819,-0.0006393743257819,-0.0006393743257819,-0.0006393743257819,-0.0006393743257819,-0.0006393743257819,-0.0006393743257819,-0.0006393743257819
2026-03-26,0.002248605864364,0.002248605864364,0.002248605864364,0.002248605864364,0.002248605864364,0.002248605864364,0.002248605864364,0.002248605864364,0.002248605864364
2026-03-27,-0.002333303419187,-0.002333303419187,-0.002333303419187,-0.002333303419187,-0.002333303419187,-0.002333303419187,-0.002333303419187,-0.002333303419187,-0.002333303419187
2026-03-30,0.003867949986507,0.003867949986507,0.003867949986507,0.003867949986507,0.003867949986507,0.003867949986507,0.003867949986507,0.003867949986507,0.003867949986507
2026-03-31,0.0008064516129031,0.0008064516129031,0.0008064516129031,0.0008064516129031,0.0008064516129031,0.0008064516129031,0.0008064516129031,0.0008064516129031,0.0008064516129031
2026-04-01,-0.0031336735607484,-0.0031336735607484,-0.0031336735607484,-0.0031336735607484,-0.0031336735607484,-0.0031336735607484,-0.0031336735607484,-0.0031336735607484,-0.0031336735607484
2026-04-02,-0.0013472247170828,-0.0013472247170828,-0.0013472247170828,-0.0013472247170828,-0.0013472247170828,-0.0013472247170828,-0.0013472247170828,-0.0013472247170828,-0.0013472247170828
2026-04-03,-0.0001,0.0024282759240938,0.0024282759240938,-0.0001,0.0024282759240938,0.0024282759240938,0.0024282759240938,0.0024282759240938,0.0024282759240938
2026-04-07,0.0,0.001794365691728,0.001794365691728,0.0,0.001794365691728,0.001794365691728,-0.0001,0.001794365691728,0.001794365691728
2026-04-08,0.0037509761776823003,0.0038509761776823,0.0038509761776823,0.0037509761776823003,0.0038509761776823,0.0038509761776823,0.0037509761776823003,0.0038509761776823,0.0038509761776823
2026-04-09,0.0003568560977784,0.0003568560977784,0.0003568560977784,0.0003568560977784,0.0003568560977784,0.0003568560977784,0.0003568560977784,0.0003568560977784,0.0003568560977784
2026-04-10,0.0021403727815929,0.0021403727815929,0.0021403727815929,0.0021403727815929,0.0021403727815929,0.0021403727815929,0.0021403727815929,0.0021403727815929,0.0021403727815929
2026-04-13,-0.0001,-0.0001,0.0033816855032482,0.0033816855032482,0.0033816855032482,0.0033816855032482,-0.0001,-0.0001,0.0033816855032482
2026-04-14,0.0010529933481153,0.0010529933481153,0.0011529933481153,0.0011529933481153,0.0011529933481153,0.0011529933481153,0.0010529933481153,0.0010529933481153,0.0011529933481153
2026-04-15,0.000797306874557,0.000797306874557,0.000797306874557,0.000797306874557,0.000797306874557,0.000797306874557,0.000797306874557,0.000797306874557,0.000797306874557
2026-04-16,-0.0030096485792688,-0.0030096485792688,-0.0030096485792688,-0.0030096485792688,-0.0030096485792688,-0.0030096485792688,-0.0030096485792688,-0.0030096485792688,-0.0030096485792688
2026-04-17,0.0067477581461423,0.0067477581461423,0.0067477581461423,0.0067477581461423,0.0067477581461423,0.0067477581461423,0.0067477581461423,0.0067477581461423,0.0067477581461423
2026-04-20,-0.0010582943822207,-0.0010582943822207,-0.0010582943822207,-0.0010582943822207,-0.0010582943822207,-0.0010582943822207,-0.0010582943822207,-0.0010582943822207,-0.0010582943822207
2026-04-21,0.0045025161119449,0.0045025161119449,0.0045025161119449,0.0045025161119449,0.0045025161119449,0.0045025161119449,0.0045025161119449,0.0045025161119449,0.0045025161119449
2026-04-22,0.0035155563367903,0.0035155563367903,0.0035155563367903,0.0035155563367903,0.0035155563367903,0.0035155563367903,0.0035155563367903,0.0035155563367903,0.0035155563367903
2026-04-23,-0.0030653354352777,-0.0030653354352777,-0.0030653354352777,-0.0030653354352777,-0.0030653354352777,-0.0030653354352777,-0.0030653354352777,-0.0030653354352777,-0.0030653354352777
2026-04-24,-0.0048317666695949,-0.0048317666695949,-0.0048317666695949,-0.0048317666695949,-0.0048317666695949,-0.0048317666695949,-0.0048317666695949,-0.0048317666695949,-0.0048317666695949
2026-04-27,-0.0042372881355932,-0.0042372881355932,-0.0042372881355932,-0.0042372881355932,-0.0042372881355932,-0.0042372881355932,-0.0042372881355932,-0.0042372881355932,-0.0042372881355932
2026-04-28,-0.0001,0.0025709219858156,0.0025709219858156,-0.0001,0.0025709219858156,0.0025709219858156,-0.0001,0.0025709219858156,0.0025709219858156
2026-04-29,0.0026411795914757,0.0027411795914757,0.0027411795914757,0.0026411795914757,0.0027411795914757,0.0027411795914757,0.0026411795914757,0.0027411795914757,0.0027411795914757
2026-04-30,-0.0030864197530865,-0.0030864197530865,-0.0030864197530865,-0.0030864197530865,-0.0030864197530865,-0.0030864197530865,-0.0030864197530865,-0.0030864197530865,-0.0030864197530865
2026-05-06,-0.0060150375939849,-0.0060150375939849,-0.0060150375939849,-0.0060150375939849,-0.0060150375939849,-0.0060150375939849,-0.0060150375939849,-0.0060150375939849,-0.0060150375939849
2026-05-07,0.000533950342618,0.000533950342618,0.000533950342618,0.000533950342618,0.000533950342618,0.000533950342618,0.000533950342618,0.000533950342618,0.000533950342618
2026-05-08,-0.0006226096237659,-0.0006226096237659,-0.0006226096237659,-0.0006226096237659,-0.0006226096237659,-0.0006226096237659,-0.0006226096237659,-0.0006226096237659,-0.0006226096237659
2026-05-11,0.0038269846920613,0.0038269846920613,0.0038269846920613,0.0038269846920613,0.0038269846920613,0.0038269846920613,0.0038269846920613,0.0038269846920613,0.0038269846920613
2026-05-12,0.0012412447912049,0.0012412447912049,0.0012412447912049,0.0012412447912049,0.0012412447912049,0.0012412447912049,0.0012412447912049,0.0012412447912049,0.0012412447912049
2026-05-13,0.0007084034357567,0.0007084034357567,0.0007084034357567,0.0007084034357567,0.0007084034357567,0.0007084034357567,0.0007084034357567,0.0007084034357567,0.0007084034357567
2026-05-14,-0.0001,-0.0001,-0.0001,-0.0001,-0.0001,-0.0001,-0.0001,-0.0001,-0.0001
2026-05-15,-0.0018732068445784001,-0.0018732068445784001,-0.0018732068445784001,-0.0018732068445784001,-0.0018732068445784001,-0.0018732068445784001,-0.0018732068445784001,-0.0018732068445784001,-0.0018732068445784001
2026-05-18,0.001865174527045,0.001865174527045,0.001865174527045,-0.0001,-0.0001,-0.0001,-0.0001,-0.0001,-0.0001
2026-05-19,-0.0001,-0.0001,-0.0001,0.0,0.0,0.0,0.0,0.0,0.0
2026-05-20,-0.0007171206911752,-0.0007171206911752,-0.0007171206911752,-0.0007171206911752,-0.0007171206911752,-0.0007171206911752,-0.0007171206911752,-0.0007171206911752,-0.0007171206911752
2026-05-21,-0.0021171489061396,-0.0021171489061396,-0.0021171489061396,-0.0021171489061396,-0.0021171489061396,-0.0021171489061396,-0.0021171489061396,-0.0021171489061396,-0.0021171489061396
2026-05-22,0.0012376237623763,0.0012376237623763,0.0012376237623763,0.0012376237623763,0.0012376237623763,0.0012376237623763,0.0012376237623763,0.0012376237623763,0.0012376237623763
2026-05-26,0.0021080904433845,0.0022080904433845,0.0022080904433845,0.0022080904433845,0.0022080904433845,0.0022080904433845,0.0022080904433845,0.0022080904433845,0.0022080904433845
2026-05-27,0.0014100643341852,0.0014100643341852,0.0014100643341852,0.0014100643341852,0.0014100643341852,0.0014100643341852,0.0014100643341852,0.0014100643341852,0.0014100643341852
2026-05-28,-0.0001,-0.0001,0.0007040394262078,-0.0001,-0.0001,0.0007040394262078,0.0007040394262078,0.0007040394262078,0.0007040394262078
2026-05-29,0.0017468032714802,0.0017468032714802,0.0018468032714802,0.0017468032714802,0.0017468032714802,0.0018468032714802,0.0018468032714802,0.0018468032714802,0.0018468032714802
2026-06-01,0.0026334269662922,0.0026334269662922,0.0026334269662922,0.0026334269662922,0.0026334269662922,0.0026334269662922,0.0026334269662922,0.0026334269662922,0.0026334269662922
2026-06-02,0.0001751006828927,0.0001751006828927,0.0001751006828927,0.0001751006828927,0.0001751006828927,0.0001751006828927,0.0001751006828927,0.0001751006828927,0.0001751006828927
2026-06-03,-0.00218837535014,-0.00218837535014,-0.00218837535014,-0.00218837535014,-0.00218837535014,-0.00218837535014,-0.00218837535014,-0.00218837535014,-0.00218837535014
2026-06-04,-0.0001,-0.0001,0.0029827177822616,-0.0001,-0.0001,0.0029827177822616,-0.0001,-0.0001,0.0029827177822616
2026-06-05,-0.0033362459546926,-0.0033362459546926,-0.0032362459546926,-0.0033362459546926,-0.0033362459546926,-0.0032362459546926,-0.0033362459546926,-0.0033362459546926,-0.0032362459546926
2026-06-08,-0.0019305019305019,-0.0019305019305019,-0.0019305019305019,-0.0001,-0.0019305019305019,-0.0019305019305019,-0.0001,-0.0019305019305019,-0.0019305019305019
2026-06-09,-0.0001,-0.0001,-0.0001,-0.0,-0.0001,-0.0001,-0.0,-0.0001,-0.0001
2026-06-10,-0.0031858755069653,-0.0031858755069653,-0.0031858755069653,-0.0031858755069653,-0.0031858755069653,-0.0031858755069653,-0.0031858755069653,-0.0031858755069653,-0.0031858755069653
2026-06-11,-0.0010612894667019,-0.0010612894667019,-0.0010612894667019,-0.0010612894667019,-0.0010612894667019,-0.0010612894667019,-0.0010612894667019,-0.0010612894667019,-0.0010612894667019
2026-06-12,-0.0001,-0.0001,-0.0001,0.0030987162461264,0.0030987162461264,0.0030987162461264,-0.0001,-0.0001,-0.0001
2026-06-15,0.0009591350397175,0.0009591350397175,0.0009591350397175,0.0010591350397175,0.0010591350397175,0.0010591350397175,0.0009591350397175,0.0009591350397175,0.0009591350397175
2026-06-16,0.0020278610474342,0.0020278610474342,0.0020278610474342,-0.0001,-0.0001,0.0020278610474342,-0.0001,-0.0001,0.0020278610474342
2026-06-17,0.0021997360316761,0.0021997360316761,0.0021997360316761,0.0020997360316761,0.0020997360316761,0.0021997360316761,0.0020997360316761,0.0020997360316761,0.0021997360316761
2026-06-18,-0.0002633889376646,-0.0002633889376646,-0.0002633889376646,-0.0002633889376646,-0.0002633889376646,-0.0002633889376646,-0.0002633889376646,-0.0002633889376646,-0.0002633889376646
2026-06-22,0.0010538333186966,0.0010538333186966,0.0010538333186966,0.0010538333186966,0.0010538333186966,0.0010538333186966,0.0010538333186966,0.0010538333186966,0.0010538333186966
2026-06-23,-0.0001,-0.0001,-0.0001,-0.0001,-0.0001,-0.0001,-0.0001,-0.0001,-0.0001
2026-06-24,-0.0012440640675877,-0.0012440640675877,-0.0012440640675877,-0.0012440640675877,-0.0012440640675877,-0.0012440640675877,-0.0012440640675877,-0.0012440640675877,-0.0012440640675877
2026-06-25,0.0038766519823787,0.0038766519823787,0.0038766519823787,-0.0001,0.0038766519823787,0.0038766519823787,-0.0001,0.0038766519823787,0.0038766519823787
2026-06-26,-0.0001,-0.0001,-0.0001,0.0,-0.0001,-0.0001,0.0,-0.0001,-0.0001
2026-06-29,0.0017414591371447,0.0017414591371447,0.0017414591371447,0.0017414591371447,0.0017414591371447,0.0017414591371447,0.0017414591371447,0.0017414591371447,0.0017414591371447
2026-06-30,-0.00472647702407,-0.00472647702407,-0.00472647702407,-0.00472647702407,-0.00472647702407,-0.00472647702407,-0.00472647702407,-0.00472647702407,-0.00472647702407
2026-07-01,-0.0030780054524667,-0.0030780054524667,-0.0030780054524667,-0.0030780054524667,-0.0030780054524667,-0.0030780054524667,-0.0030780054524667,-0.0030780054524667,-0.0030780054524667
2026-07-02,0.000529287226535,0.000529287226535,0.000529287226535,0.000529287226535,0.000529287226535,0.000529287226535,0.000529287226535,0.000529287226535,0.000529287226535
2026-07-03,-0.0014988538176688,-0.0014988538176688,-0.0014988538176688,-0.0014988538176688,-0.0014988538176688,-0.0014988538176688,-0.0014988538176688,-0.0014988538176688,-0.0014988538176688
2026-07-06,0.0030022075055187,0.0030022075055187,0.0030022075055187,0.0030022075055187,0.0030022075055187,0.0030022075055187,0.0030022075055187,0.0030022075055187,0.0030022075055187
2026-07-07,-0.0001,-0.0001,0.000440179593274,-0.0001,-0.0001,0.000440179593274,0.000440179593274,0.000440179593274,0.000440179593274
2026-07-08,0.0025399155227032,0.0025399155227032,0.0026399155227032,0.0025399155227032,0.0025399155227032,0.0026399155227032,0.0026399155227032,0.0026399155227032,0.0026399155227032
2026-07-09,-0.0007021239248726,-0.0007021239248726,-0.0007021239248726,-0.0007021239248726,-0.0007021239248726,-0.0007021239248726,-0.0007021239248726,-0.0007021239248726,-0.0007021239248726
2026-07-10,-0.0001,0.0010539258738802,0.0010539258738802,0.0010539258738802,0.0010539258738802,0.0010539258738802,-0.0001,0.0010539258738802,0.0010539258738802
2026-07-13,-0.0,-0.0001,-0.0001,-0.0001,-0.0001,-0.0001,-0.0,-0.0001,-0.0001
2026-07-14,0.0,0.0,0.0,0.0,0.0,0.0,0.0,0.0,0.0
2026-07-15,-1.2126537785495022e-05,-1.2126537785495022e-05,-1.2126537785495022e-05,0.0,0.0,-1.2126537785495022e-05,0.0,0.0,-1.2126537785495022e-05
2026-07-16,-0.0019330463052456,-0.0019330463052456,-0.0019330463052456,-0.0020330463052456,-0.0020330463052456,-0.0019330463052456,-0.0020330463052456,-0.0020330463052456,-0.0019330463052456
2026-07-17,0.0025530416409893,0.0025530416409893,0.0025530416409893,0.0025530416409893,0.0025530416409893,0.0025530416409893,0.0025530416409893,0.0025530416409893,0.0025530416409893
2026-07-20,-0.0001,-0.0001,-0.0015806111696522,-0.0015806111696522,-0.0015806111696522,-0.0015806111696522,-0.0001,-0.0001,-0.0015806111696522
2026-07-21,0.0012192612137201999,0.0012192612137201999,0.0013192612137202,0.0013192612137202,0.0013192612137202,0.0013192612137202,0.0012192612137201999,0.0012192612137201999,0.0013192612137202
2026-07-22,0.0065876152832675,0.0065876152832675,0.0065876152832675,0.0065876152832675,0.0065876152832675,0.0065876152832675,0.0065876152832675,0.0065876152832675,0.0065876152832675
2026-07-23,-0.0001,-0.0001,-0.0001,-0.0001,-0.0001,-0.0001,0.0010471204188482,0.0010471204188482,0.0010471204188482
2026-07-24,0.0,0.0,0.0009460251046024,0.0,0.0,0.0009460251046024,0.0010460251046024,0.0010460251046024,0.0010460251046024
2026-07-27,-0.0001,-0.0001,0.0,0.0,0.0,0.0,-0.0001,-0.0001,0.0
