datetime,vpin_slope3_p0.7,vpin_slope3_p0.8,vpin_slope3_p0.9,vpin_slope5_p0.7,vpin_slope5_p0.8,vpin_slope5_p0.9,vpin_slope10_p0.7,vpin_slope10_p0.8,vpin_slope10_p0.9
2015-05-06,-0.0035895595097686,-0.0035895595097686,-0.0035895595097686,-0.0035895595097686,-0.0035895595097686,-0.0035895595097686,-0.0035895595097686,-0.0035895595097686,-0.0035895595097686
2015-05-07,0.000463177396943,0.000463177396943,0.000463177396943,0.000463177396943,0.000463177396943,0.000463177396943,0.000463177396943,0.000463177396943,0.000463177396943
2015-05-08,0.0025720164609053,0.0025720164609053,0.0025720164609053,0.0025720164609053,0.0025720164609053,0.0025720164609053,0.0025720164609053,0.0025720164609053,0.0025720164609053
2015-05-11,-0.0013340174448436,-0.0013340174448436,-0.0013340174448436,-0.0013340174448436,-0.0013340174448436,-0.0013340174448436,-0.0013340174448436,-0.0013340174448436,-0.0013340174448436
2015-05-12,-0.0001,-0.0001,-0.0001,-0.0001,-0.0001,-0.0001,-0.0001,-0.0001,-0.0001
2015-05-13,0.0023229301989895,0.0023229301989895,0.0023229301989895,0.0023229301989895,0.0023229301989895,0.0023229301989895,0.0023229301989895,0.0023229301989895,0.0023229301989895
2015-05-14,-0.0012856775520699,-0.0012856775520699,-0.0012856775520699,-0.0012856775520699,-0.0012856775520699,-0.0012856775520699,-0.0001,-0.0012856775520699,-0.0012856775520699
2015-05-15,0.0008753861997941,0.0008753861997941,0.0008753861997941,0.0008753861997941,0.0008753861997941,0.0008753861997941,0.0007753861997941,0.0008753861997941,0.0008753861997941
2015-05-18,-0.0049390338015126,-0.0049390338015126,-0.0049390338015126,-0.0049390338015126,-0.0049390338015126,-0.0049390338015126,-0.0049390338015126,-0.0049390338015126,-0.0049390338015126
2015-05-19,-0.0001,-0.0001,-0.0001,-0.0001,-0.0001,-0.0001,-0.0001,-0.0001,-0.0001
2015-05-20,0.0,0.0,0.0032140016570007,0.0,0.0,0.0032140016570007,0.0,0.0,0.0032140016570007
2015-05-21,-0.0022160198183318997,-0.0022160198183318997,-0.0021160198183319,-0.0022160198183318997,-0.0022160198183318997,-0.0021160198183319,-0.0022160198183318997,-0.0022160198183318997,-0.0021160198183319
2015-05-22,0.0006723558313939,0.0006723558313939,0.0006723558313939,0.0006723558313939,0.0006723558313939,0.0006723558313939,0.0006723558313939,0.0006723558313939,0.0006723558313939
2015-05-25,-0.002274136861691,-0.002274136861691,-0.002274136861691,-0.002274136861691,-0.002274136861691,-0.002274136861691,-0.002274136861691,-0.002274136861691,-0.002274136861691
2015-05-26,-0.0001,-0.0089100704517198,-0.0089100704517198,-0.0089100704517198,-0.0089100704517198,-0.0089100704517198,-0.0089100704517198,-0.0089100704517198,-0.0089100704517198
2015-05-27,0.0013635166213674,0.0014635166213674,0.0014635166213674,0.0014635166213674,0.0014635166213674,0.0014635166213674,0.0014635166213674,0.0014635166213674,0.0014635166213674
2015-05-28,-0.0001,-0.0001,-0.0001,-0.0001,-0.0001,-0.0001,-0.0001,-0.0001,-0.0001
2015-05-29,-0.0009421052631578001,-0.0009421052631578001,-0.0009421052631578001,-0.0009421052631578001,-0.0009421052631578001,-0.0009421052631578001,-0.0009421052631578001,-0.0009421052631578001,-0.0009421052631578001
2015-06-01,-0.0074273072060682,-0.0074273072060682,-0.0074273072060682,-0.0001,-0.0074273072060682,-0.0074273072060682,-0.0074273072060682,-0.0074273072060682,-0.0074273072060682
2015-06-02,-0.0001,-0.0001,0.008225866369474,0.0,-0.0001,0.008225866369474,-0.0001,-0.0001,0.008225866369474
2015-06-03,0.0006369196757552999,0.0006369196757552999,0.0007369196757553,0.0006369196757552999,0.0006369196757552999,0.0007369196757553,0.0006369196757552999,0.0006369196757552999,0.0007369196757553
2015-06-04,-0.001577950767936,-0.001577950767936,-0.001577950767936,-0.0001,-0.001577950767936,-0.001577950767936,-0.0001,-0.001577950767936,-0.001577950767936
2015-06-05,-0.0001,-0.0001,0.0041091560425665,0.0,-0.0001,0.0041091560425665,0.0,-0.0001,0.0041091560425665
2015-06-08,0.0,0.0026282266526758,0.0027282266526758,0.0,0.0026282266526758,0.0027282266526758,0.0,0.0026282266526758,0.0027282266526758
2015-06-09,-0.0009894935119297,-0.0008894935119297,-0.0008894935119297,-0.0009894935119297,-0.0008894935119297,-0.0008894935119297,-0.0009894935119297,-0.0008894935119297,-0.0008894935119297
2015-06-10,-0.0001,-0.0001,-0.0001,-0.0001,-0.0001,-0.0001,-0.0051846032992929,-0.0051846032992929,-0.0051846032992929
2015-06-11,-0.0,-0.0,-0.0,-0.0,-0.0,-0.0,-0.0001,-0.0001,-0.0001
2015-06-12,-0.0023144890857322,-0.0023144890857322,-0.0023144890857322,-0.0,-0.0023144890857322,-0.0023144890857322,-0.0,-0.0023144890857322,-0.0023144890857322
2015-06-15,-0.0043859649122807,-0.0043859649122807,-0.0043859649122807,-0.0,-0.0001,-0.0043859649122807,-0.0,-0.0001,-0.0043859649122807
2015-06-16,0.0098190117297383,0.0098190117297383,0.0098190117297383,0.0097190117297383,0.0097190117297383,0.0098190117297383,0.0097190117297383,0.0097190117297383,0.0098190117297383
2015-06-17,-0.0017870282770945,-0.0017870282770945,-0.0017870282770945,-0.0017870282770945,-0.0017870282770945,-0.0017870282770945,-0.0001,-0.0001,-0.0017870282770945
2015-06-18,-0.0001,-0.0001,0.0030539174389216,-0.0001,-0.0001,0.0030539174389216,0.0,0.0,0.0030539174389216
2015-06-19,-0.0,-0.0,-0.0024146981627296,-0.0,-0.0,-0.0024146981627296,-0.0,-0.0,-0.0024146981627296
2015-06-23,-0.0012576510208377,-0.0012576510208377,-0.0011576510208377,-0.0,-0.0012576510208377,-0.0011576510208377,-0.0,-0.0012576510208377,-0.0011576510208377
2015-06-24,-0.000273943736171,-0.000273943736171,-0.000273943736171,-0.000373943736171,-0.000273943736171,-0.000273943736171,-0.000373943736171,-0.000273943736171,-0.000273943736171
2015-06-25,-0.0008852915138485,-0.0008852915138485,-0.0008852915138485,-0.0008852915138485,-0.0008852915138485,-0.0008852915138485,-0.0008852915138485,-0.0008852915138485,-0.0008852915138485
2015-06-26,-0.0008966244725737,-0.0008966244725737,-0.0008966244725737,-0.0008966244725737,-0.0008966244725737,-0.0008966244725737,-0.0008966244725737,-0.0008966244725737,-0.0008966244725737
2015-06-29,-0.001900438156575,-0.001900438156575,-0.001900438156575,-0.001900438156575,-0.001900438156575,-0.001900438156575,-0.001900438156575,-0.001900438156575,-0.001900438156575
2015-06-30,0.002327180409372,0.002327180409372,0.002327180409372,0.002327180409372,0.002327180409372,0.002327180409372,0.002327180409372,0.002327180409372,0.002327180409372
2015-07-01,-0.0001,-0.0011608886074613,-0.0011608886074613,-0.0001,-0.0011608886074613,-0.0011608886074613,-0.0011608886074613,-0.0011608886074613,-0.0011608886074613
2015-07-02,-0.0004698029478577,-0.0003698029478577,-0.0003698029478577,-0.0004698029478577,-0.0003698029478577,-0.0003698029478577,-0.0003698029478577,-0.0003698029478577,-0.0003698029478577
2015-07-03,-0.0001,-0.0001,-0.0001,-0.0001,-0.0001,-0.0001,0.006447521403657,0.006447521403657,0.006447521403657
2015-07-06,0.0,0.0,0.0072513967653855,0.0,0.0,0.0072513967653855,-0.0001,-0.0001,0.0073513967653855
2015-07-07,0.0036531276063385,0.0036531276063385,0.0037531276063385,0.0036531276063385,0.0036531276063385,0.0037531276063385,0.0036531276063385,0.0036531276063385,0.0037531276063385
2015-07-08,-0.0049854590776901,-0.0049854590776901,-0.0049854590776901,-0.0049854590776901,-0.0049854590776901,-0.0049854590776901,-0.0049854590776901,-0.0049854590776901,-0.0049854590776901
2015-07-09,0.0036534446764093,0.0036534446764093,0.0036534446764093,0.0036534446764093,0.0036534446764093,0.0036534446764093,0.0036534446764093,0.0036534446764093,0.0036534446764093
2015-07-10,-0.0001,-0.0020800832033281,-0.0020800832033281,-0.0020800832033281,-0.0020800832033281,-0.0020800832033281,-0.0001,-0.0020800832033281,-0.0020800832033281
2015-07-13,-0.0024970818134444996,-0.0023970818134445,-0.0023970818134445,-0.0023970818134445,-0.0023970818134445,-0.0023970818134445,-0.0024970818134444996,-0.0023970818134445,-0.0023970818134445
2015-07-14,-0.0015148349352277,-0.0015148349352277,-0.0015148349352277,-0.0015148349352277,-0.0015148349352277,-0.0015148349352277,-0.0015148349352277,-0.0015148349352277,-0.0015148349352277
2015-07-15,-0.0001,-0.0013601883337693,-0.0013601883337693,-0.0001,-0.0013601883337693,-0.0013601883337693,-0.0013601883337693,-0.0013601883337693,-0.0013601883337693
2015-07-16,0.0,0.0031955576510032,0.0031955576510032,0.0,0.0031955576510032,0.0031955576510032,0.0031955576510032,0.0031955576510032,0.0031955576510032
2015-07-17,0.0004221932114882,0.0005221932114882,0.0005221932114882,0.0004221932114882,0.0005221932114882,0.0005221932114882,0.0005221932114882,0.0005221932114882,0.0005221932114882
2015-07-20,-0.0005219206680584,-0.0005219206680584,-0.0005219206680584,-0.0005219206680584,-0.0005219206680584,-0.0005219206680584,-0.0005219206680584,-0.0005219206680584,-0.0005219206680584
2015-07-21,-0.0021932114882505,-0.0021932114882505,-0.0021932114882505,-0.0021932114882505,-0.0021932114882505,-0.0021932114882505,-0.0021932114882505,-0.0021932114882505,-0.0021932114882505
2015-07-22,0.0009420138162026,0.0009420138162026,0.0009420138162026,0.0009420138162026,0.0009420138162026,0.0009420138162026,0.0009420138162026,0.0009420138162026,0.0009420138162026
2015-07-23,0.0029279514796611,0.0029279514796611,0.0029279514796611,0.0029279514796611,0.0029279514796611,0.0029279514796611,0.0029279514796611,0.0029279514796611,0.0029279514796611
2015-07-24,-0.0005213220727765,-0.0005213220727765,-0.0005213220727765,-0.0005213220727765,-0.0005213220727765,-0.0005213220727765,-0.0005213220727765,-0.0005213220727765,-0.0005213220727765
2015-07-27,0.001877738368454,0.001877738368454,0.001877738368454,0.001877738368454,0.001877738368454,0.001877738368454,0.001877738368454,0.001877738368454,0.001877738368454
2015-07-28,-0.0001041232819658,-0.0001041232819658,-0.0001041232819658,-0.0001041232819658,-0.0001041232819658,-0.0001041232819658,-0.0001041232819658,-0.0001041232819658,-0.0001041232819658
2015-07-29,-0.0001,-0.0001,0.0008330729980214,-0.0001,-0.0001,0.0008330729980214,-0.0001,-0.0001,0.0008330729980214
2015-07-30,-0.0014526167932577,-0.0014526167932577,-0.0013526167932577,-0.0014526167932577,-0.0014526167932577,-0.0013526167932577,-0.0014526167932577,-0.0014526167932577,-0.0013526167932577
2015-07-31,-0.0001,-0.0001,-0.0045321942071264,-0.0045321942071264,-0.0045321942071264,-0.0045321942071264,-0.0001,-0.0001,-0.0045321942071264
2015-08-03,0.0,0.0,0.0001046627243708,-0.0001,-0.0001,0.0001046627243708,0.0,0.0,0.0001046627243708
2015-08-04,0.0015221024540837999,0.0015221024540837999,0.0016221024540838,0.0015221024540837999,0.0015221024540837999,0.0016221024540838,0.0015221024540837999,0.0015221024540837999,0.0016221024540838
2015-08-05,-0.0010970640476438,-0.0010970640476438,-0.0010970640476438,-0.0010970640476438,-0.0010970640476438,-0.0010970640476438,-0.0010970640476438,-0.0010970640476438,-0.0010970640476438
2015-08-06,0.0028241200774017,0.0028241200774017,0.0028241200774017,0.0028241200774017,0.0028241200774017,0.0028241200774017,0.0028241200774017,0.0028241200774017,0.0028241200774017
2015-08-07,0.0004172099087353,0.0004172099087353,0.0004172099087353,0.0004172099087353,0.0004172099087353,0.0004172099087353,0.0004172099087353,0.0004172099087353,0.0004172099087353
2015-08-10,-0.0001,-0.0001,-0.0025022155033103,-0.0001,-0.0001,-0.0025022155033103,-0.0025022155033103,-0.0025022155033103,-0.0025022155033103
2015-08-11,-0.0051692448392997,-0.0051692448392997,-0.0050692448392997,-0.0051692448392997,-0.0051692448392997,-0.0050692448392997,-0.0050692448392997,-0.0050692448392997,-0.0050692448392997
2015-08-12,-0.0001,-0.0001,0.0014707427250761,-0.0001,-0.0001,0.0014707427250761,-0.0001,-0.0001,0.0014707427250761
2015-08-14,0.0011562814070351,0.0011562814070351,0.0012562814070351,0.0011562814070351,0.0011562814070351,0.0012562814070351,0.0011562814070351,0.0011562814070351,0.0012562814070351
2015-08-17,-0.0033458803847763,-0.0033458803847763,-0.0033458803847763,-0.0033458803847763,-0.0033458803847763,-0.0033458803847763,-0.0033458803847763,-0.0033458803847763,-0.0033458803847763
2015-08-18,0.0017310113302559,0.0017310113302559,0.0017310113302559,0.0017310113302559,0.0017310113302559,0.0017310113302559,0.0017310113302559,0.0017310113302559,0.0017310113302559
2015-08-19,-0.0012043776509398,-0.0012043776509398,-0.0012043776509398,-0.0012043776509398,-0.0012043776509398,-0.0012043776509398,-0.0012043776509398,-0.0012043776509398,-0.0012043776509398
2015-08-20,0.0008388382090804,0.0008388382090804,0.0008388382090804,0.0008388382090804,0.0008388382090804,0.0008388382090804,0.0008388382090804,0.0008388382090804,0.0008388382090804
2015-08-21,0.0007333682556311,0.0007333682556311,0.0007333682556311,0.0007333682556311,0.0007333682556311,0.0007333682556311,0.0007333682556311,0.0007333682556311,0.0007333682556311
2015-08-24,-0.0001,-0.0001,-0.0001,-0.0001,-0.0001,-0.0001,0.0027742881072025,0.0027742881072025,0.0027742881072025
2015-08-25,0.0,0.0,0.0,0.0,0.0,0.0,-0.0001,-0.0001,-0.0001
2015-08-26,0.0020398747390395003,0.0020398747390395003,0.0020398747390395003,0.0020398747390395003,0.0020398747390395003,0.0020398747390395003,0.0020398747390395003,0.0020398747390395003,0.0020398747390395003
2015-08-27,0.0041143690432789,0.0041143690432789,0.0041143690432789,0.0041143690432789,0.0041143690432789,0.0041143690432789,0.0041143690432789,0.0041143690432789,0.0041143690432789
2015-08-28,-0.0015041493775934,-0.0015041493775934,-0.0015041493775934,-0.0015041493775934,-0.0015041493775934,-0.0015041493775934,-0.0015041493775934,-0.0015041493775934,-0.0015041493775934
2015-08-31,0.0052464807023013,0.0052464807023013,0.0052464807023013,0.0052464807023013,0.0052464807023013,0.0052464807023013,0.0052464807023013,0.0052464807023013,0.0052464807023013
2015-09-01,0.0016019016122363,0.0016019016122363,0.0016019016122363,0.0016019016122363,0.0016019016122363,0.0016019016122363,0.0016019016122363,0.0016019016122363,0.0016019016122363
2015-09-02,-0.0030439044523551,-0.0030439044523551,-0.0030439044523551,-0.0030439044523551,-0.0030439044523551,-0.0030439044523551,-0.0030439044523551,-0.0030439044523551,-0.0030439044523551
2015-09-07,-0.0001,-0.0001,-0.0020699648105982,-0.0001,-0.0001,-0.0020699648105982,-0.0001,-0.0001,-0.0020699648105982
2015-09-08,-0.0005667081518356,-0.0005667081518356,-0.0004667081518356,-0.0005667081518356,-0.0005667081518356,-0.0004667081518356,-0.0005667081518356,-0.0005667081518356,-0.0004667081518356
2015-09-09,-0.0001,-0.0001,-0.0001,-0.0001,-0.0001,-0.0001,-0.0001,-0.0001,-0.0001
2015-09-10,0.0019791101408597003,0.0019791101408597003,0.0019791101408597003,0.0019791101408597003,0.0019791101408597003,0.0019791101408597003,0.0019791101408597003,0.0019791101408597003,0.0019791101408597003
2015-09-11,-0.0014523574874215,-0.0014523574874215,-0.0014523574874215,-0.0001,-0.0001,-0.0014523574874215,-0.0001,-0.0001,-0.0014523574874215
2015-09-14,0.001610305958132,0.001610305958132,0.001610305958132,0.001510305958132,0.001510305958132,0.001610305958132,0.001510305958132,0.001510305958132,0.001610305958132
2015-09-15,0.0025412301628462,0.0025412301628462,0.0025412301628462,0.0025412301628462,0.0025412301628462,0.0025412301628462,0.0025412301628462,0.0025412301628462,0.0025412301628462
2015-09-16,-0.0001,-0.0012415291500699,-0.0012415291500699,-0.0012415291500699,-0.0012415291500699,-0.0012415291500699,-0.0012415291500699,-0.0012415291500699,-0.0012415291500699
2015-09-17,-0.0018610193194178002,-0.0017610193194178,-0.0017610193194178,-0.0017610193194178,-0.0017610193194178,-0.0017610193194178,-0.0017610193194178,-0.0017610193194178,-0.0017610193194178
2015-09-18,0.0003113163492969,0.0003113163492969,0.0003113163492969,0.0003113163492969,0.0003113163492969,0.0003113163492969,0.0003113163492969,0.0003113163492969,0.0003113163492969
2015-09-21,-0.0001,-0.0001,-0.0001,-0.0001,-0.0001,-0.0001,-0.0001,-0.0001,-0.0001
2015-09-22,-0.0017076336669605001,-0.0017076336669605001,-0.0017076336669605001,-0.0017076336669605001,-0.0017076336669605001,-0.0017076336669605001,-0.0017076336669605001,-0.0017076336669605001,-0.0017076336669605001
2015-09-23,-0.0001,-0.0001,-0.0001,-0.0001,-0.0001,-0.0001,-0.0001,-0.0001,-0.0001
2015-09-24,0.0,0.0,0.0020909785678684,0.0,0.0,0.0020909785678684,0.0,0.0,0.0020909785678684
2015-09-25,0.0014541625654043,0.0014541625654043,0.0015541625654043,0.0014541625654043,0.0014541625654043,0.0015541625654043,0.0014541625654043,0.0014541625654043,0.0015541625654043
2015-09-28,-0.0001,-0.0001,-0.0001,-0.0001,-0.0001,-0.0001,-0.0001,-0.0001,-0.0001
2015-09-29,0.0,0.0,0.0,0.0,0.0,0.0,0.0,0.0,0.0
2015-09-30,0.0007742157770233999,0.0007742157770233999,0.0007742157770233999,0.0,0.0,0.0,0.0,0.0,0.0
2015-10-08,-0.0004624158660021,-0.0004624158660021,-0.0004624158660021,-0.0005624158660021,-0.0005624158660021,-0.0005624158660021,-0.0005624158660021,-0.0005624158660021,-0.0005624158660021
2015-10-09,0.0088413693841884,0.0088413693841884,0.0088413693841884,0.0088413693841884,0.0088413693841884,0.0088413693841884,0.0088413693841884,0.0088413693841884,0.0088413693841884
2015-10-12,-0.0001,-0.0001,-0.0001,-0.0001,-0.0001,-0.0001,0.0005604809945991,0.0005604809945991,0.0005604809945991
2015-10-13,0.0053488974894331,0.0053488974894331,0.0053488974894331,0.0053488974894331,0.0053488974894331,0.0053488974894331,0.0054488974894331,0.0054488974894331,0.0054488974894331
2015-10-14,-5.064829821710415e-05,-5.064829821710415e-05,-5.064829821710415e-05,-5.064829821710415e-05,-5.064829821710415e-05,-5.064829821710415e-05,-5.064829821710415e-05,-5.064829821710415e-05,-5.064829821710415e-05
2015-10-15,-0.0001,-0.0001,-0.0001,-0.0001,-0.0001,-0.0001,-0.0018740819530973,-0.0018740819530973,-0.0018740819530973
2015-10-16,-0.0047686288440069,-0.0047686288440069,-0.0047686288440069,-0.0047686288440069,-0.0047686288440069,-0.0047686288440069,-0.0046686288440069,-0.0046686288440069,-0.0046686288440069
2015-10-19,0.0015295197308045,0.0015295197308045,0.0015295197308045,0.0015295197308045,0.0015295197308045,0.0015295197308045,0.0015295197308045,0.0015295197308045,0.0015295197308045
2015-10-20,0.0096212583995114,0.0096212583995114,0.0096212583995114,0.0096212583995114,0.0096212583995114,0.0096212583995114,0.0096212583995114,0.0096212583995114,0.0096212583995114
2015-10-21,-0.002823576866838,-0.002823576866838,-0.002823576866838,-0.002823576866838,-0.002823576866838,-0.002823576866838,-0.002823576866838,-0.002823576866838,-0.002823576866838
2015-10-22,-0.0001,-0.0001,-0.0001,-0.0001,-0.0001,-0.0001,-0.0001,-0.0001,-0.0001
2015-10-23,-0.0034739550810757,-0.0034739550810757,-0.0034739550810757,-0.0034739550810757,-0.0034739550810757,-0.0034739550810757,-0.0034739550810757,-0.0034739550810757,-0.0034739550810757
2015-10-26,0.0029306250315801,0.0029306250315801,0.0029306250315801,0.0029306250315801,0.0029306250315801,0.0029306250315801,0.0029306250315801,0.0029306250315801,0.0029306250315801
2015-10-27,-0.0001,0.005239558667943,0.005239558667943,0.005239558667943,0.005239558667943,0.005239558667943,-0.0001,0.005239558667943,0.005239558667943
2015-10-28,-0.0038588332581565997,-0.0037588332581566,-0.0037588332581566,-0.0037588332581566,-0.0037588332581566,-0.0037588332581566,-0.0038588332581565997,-0.0037588332581566,-0.0037588332581566
2015-10-29,-0.0070932689405373,-0.0070932689405373,-0.0070932689405373,-0.0070932689405373,-0.0070932689405373,-0.0070932689405373,-0.0070932689405373,-0.0070932689405373,-0.0070932689405373
2015-10-30,0.0014693215787606,0.0014693215787606,0.0014693215787606,0.0014693215787606,0.0014693215787606,0.0014693215787606,0.0014693215787606,0.0014693215787606,0.0014693215787606
2015-11-02,-0.0002529596276433,-0.0002529596276433,-0.0002529596276433,-0.0002529596276433,-0.0002529596276433,-0.0002529596276433,-0.0002529596276433,-0.0002529596276433,-0.0002529596276433
2015-11-03,-0.0020747937857397,-0.0020747937857397,-0.0020747937857397,-0.0020747937857397,-0.0020747937857397,-0.0020747937857397,-0.0020747937857397,-0.0020747937857397,-0.0020747937857397
2015-11-04,-0.0024847870182554,-0.0024847870182554,-0.0024847870182554,-0.0024847870182554,-0.0024847870182554,-0.0024847870182554,-0.0024847870182554,-0.0024847870182554,-0.0024847870182554
2015-11-05,-0.0001,-0.0001,0.0031518478979208,-0.0001,-0.0001,0.0031518478979208,0.0031518478979208,0.0031518478979208,0.0031518478979208
2015-11-06,-0.0042554755992501,-0.0042554755992501,-0.0041554755992501,-0.0042554755992501,-0.0042554755992501,-0.0041554755992501,-0.0041554755992501,-0.0041554755992501,-0.0041554755992501
2015-11-09,-0.0098213831357181,-0.0098213831357181,-0.0098213831357181,-0.0098213831357181,-0.0098213831357181,-0.0098213831357181,-0.0098213831357181,-0.0098213831357181,-0.0098213831357181
2015-11-10,0.0038030630075032,0.0038030630075032,0.0038030630075032,0.0038030630075032,0.0038030630075032,0.0038030630075032,0.0038030630075032,0.0038030630075032,0.0038030630075032
2015-11-11,0.0052733975015359,0.0052733975015359,0.0052733975015359,0.0052733975015359,0.0052733975015359,0.0052733975015359,0.0052733975015359,0.0052733975015359,0.0052733975015359
2015-11-12,-0.000916730328495,-0.000916730328495,-0.000916730328495,-0.000916730328495,-0.000916730328495,-0.000916730328495,-0.000916730328495,-0.000916730328495,-0.000916730328495
2015-11-16,0.0017878122286356,0.0017878122286356,0.0017878122286356,0.0017878122286356,0.0017878122286356,0.0017878122286356,0.0017878122286356,0.0017878122286356,0.0017878122286356
2015-11-17,0.0007138486640831,0.0007138486640831,0.0007138486640831,0.0007138486640831,0.0007138486640831,0.0007138486640831,0.0007138486640831,0.0007138486640831,0.0007138486640831
2015-11-18,-0.0051462345867726,-0.0051462345867726,-0.0051462345867726,-0.0051462345867726,-0.0051462345867726,-0.0051462345867726,-0.0051462345867726,-0.0051462345867726,-0.0051462345867726
2015-11-19,0.0008194622279129,0.0008194622279129,0.0008194622279129,0.0008194622279129,0.0008194622279129,0.0008194622279129,0.0008194622279129,0.0008194622279129,0.0008194622279129
2015-11-20,0.0054244920935468,0.0054244920935468,0.0054244920935468,0.0054244920935468,0.0054244920935468,0.0054244920935468,0.0054244920935468,0.0054244920935468,0.0054244920935468
2015-11-23,-0.0019341375273578,-0.0019341375273578,-0.0019341375273578,-0.0019341375273578,-0.0019341375273578,-0.0019341375273578,-0.0019341375273578,-0.0019341375273578,-0.0019341375273578
2015-11-24,-0.0001,0.0047427201795093,0.0047427201795093,-0.0001,0.0047427201795093,0.0047427201795093,-0.0001,0.0047427201795093,0.0047427201795093
2015-11-25,0.0,0.0008121002943863,0.0008121002943863,0.0,0.0008121002943863,0.0008121002943863,0.0,0.0008121002943863,0.0008121002943863
2015-11-26,0.0034500557865908004,0.0035500557865908,0.0035500557865908,0.0034500557865908004,0.0035500557865908,0.0035500557865908,0.0034500557865908004,0.0035500557865908,0.0035500557865908
2015-11-27,-0.0024762482312512,-0.0024762482312512,-0.0024762482312512,-0.0001,-0.0024762482312512,-0.0024762482312512,-0.0001,-0.0024762482312512,-0.0024762482312512
2015-11-30,-0.0001,-0.0001,0.0032423121738691,0.0,-0.0001,0.0032423121738691,0.0,-0.0001,0.0032423121738691
2015-12-01,-0.0027763621673483,-0.0027763621673483,-0.0026763621673483,-0.0027763621673483,-0.0027763621673483,-0.0026763621673483,-0.0027763621673483,-0.0027763621673483,-0.0026763621673483
2015-12-02,0.0008101265822784,0.0008101265822784,0.0008101265822784,0.0008101265822784,0.0008101265822784,0.0008101265822784,0.0008101265822784,0.0008101265822784,0.0008101265822784
2015-12-03,0.0013659819892746,0.0013659819892746,0.0013659819892746,0.0013659819892746,0.0013659819892746,0.0013659819892746,0.0013659819892746,0.0013659819892746,0.0013659819892746
2015-12-07,-0.0001,-0.0001,-0.0001515687364219,-0.0001,-0.0001,-0.0001515687364219,-0.0001,-0.0001,-0.0001515687364219
2015-12-08,0.0023759979787769,0.0023759979787769,0.0024759979787769,0.0023759979787769,0.0023759979787769,0.0024759979787769,0.0023759979787769,0.0023759979787769,0.0024759979787769
2015-12-09,-0.0002520288320982,-0.0002520288320982,-0.0002520288320982,-0.0002520288320982,-0.0002520288320982,-0.0002520288320982,-0.0002520288320982,-0.0002520288320982,-0.0002520288320982
2015-12-10,-0.0001,-0.0001,-0.0006554401532721,-0.0001,-0.0001,-0.0006554401532721,-0.0001,-0.0001,-0.0006554401532721
2015-12-11,0.002573931688613,0.002573931688613,0.002673931688613,0.002573931688613,0.002573931688613,0.002673931688613,0.002573931688613,0.002573931688613,0.002673931688613
2015-12-14,-0.0050316997081614,-0.0050316997081614,-0.0050316997081614,-0.0050316997081614,-0.0050316997081614,-0.0050316997081614,-0.0050316997081614,-0.0050316997081614,-0.0050316997081614
2015-12-15,0.0021745726711843,0.0021745726711843,0.0021745726711843,0.0021745726711843,0.0021745726711843,0.0021745726711843,0.0021745726711843,0.0021745726711843,0.0021745726711843
2015-12-16,0.0007569258717263,0.0007569258717263,0.0007569258717263,0.0007569258717263,0.0007569258717263,0.0007569258717263,0.0007569258717263,0.0007569258717263,0.0007569258717263
2015-12-17,-0.0001008471157724,-0.0001008471157724,-0.0001008471157724,-0.0001008471157724,-0.0001008471157724,-0.0001008471157724,-0.0001008471157724,-0.0001008471157724,-0.0001008471157724
2015-12-18,0.0041351487644982,0.0041351487644982,0.0041351487644982,0.0041351487644982,0.0041351487644982,0.0041351487644982,0.0041351487644982,0.0041351487644982,0.0041351487644982
2015-12-21,0.0024608276416231,0.0024608276416231,0.0024608276416231,0.0024608276416231,0.0024608276416231,0.0024608276416231,0.0024608276416231,0.0024608276416231,0.0024608276416231
2015-12-22,-0.0001,-0.0001,-0.0001,-0.0001,-0.0001,-0.0001,-0.0001,-0.0001,-0.0001
2015-12-23,0.0,0.0006507131775186,0.0006507131775186,0.0,0.0006507131775186,0.0006507131775186,0.0,0.0006507131775186,0.0006507131775186
2015-12-24,0.002900600120024,0.003000600120024,0.003000600120024,0.002900600120024,0.003000600120024,0.003000600120024,0.002900600120024,0.003000600120024,0.003000600120024
2015-12-25,-0.0001,-0.0001,-0.0001,-0.0001,-0.0001,-0.0001,-0.0001,-0.0001,-0.0001
2015-12-28,0.002094294833433,0.002094294833433,0.002094294833433,0.002094294833433,0.002094294833433,0.002094294833433,0.002094294833433,0.002094294833433,0.002094294833433
2015-12-29,-0.0024880573248408,-0.0024880573248408,-0.0024880573248408,-0.0024880573248408,-0.0024880573248408,-0.0024880573248408,-0.0024880573248408,-0.0024880573248408,-0.0024880573248408
2015-12-30,-0.0007981642222887,-0.0007981642222887,-0.0007981642222887,-0.0007981642222887,-0.0007981642222887,-0.0007981642222887,-0.0007981642222887,-0.0007981642222887,-0.0007981642222887
2015-12-31,-0.0011482775836246,-0.0011482775836246,-0.0011482775836246,-0.0011482775836246,-0.0011482775836246,-0.0011482775836246,-0.0011482775836246,-0.0011482775836246,-0.0011482775836246
2016-01-04,-0.0001,-0.0016994052081771,-0.0016994052081771,-0.0001,-0.0016994052081771,-0.0016994052081771,-0.0016994052081771,-0.0016994052081771,-0.0016994052081771
2016-01-05,-0.0,-0.0001,-0.0027036499274019,-0.0,-0.0001,-0.0027036499274019,-0.0027036499274019,-0.0027036499274019,-0.0027036499274019
2016-01-06,0.004167282494101,0.004167282494101,0.004267282494101,0.004167282494101,0.004167282494101,0.004267282494101,0.004267282494101,0.004267282494101,0.004267282494101
2016-01-07,-0.0015496900619875,-0.0015496900619875,-0.0015496900619875,-0.0015496900619875,-0.0015496900619875,-0.0015496900619875,-0.0015496900619875,-0.0015496900619875,-0.0015496900619875
2016-01-08,0.0037550693436139,0.0037550693436139,0.0037550693436139,0.0037550693436139,0.0037550693436139,0.0037550693436139,0.0037550693436139,0.0037550693436139,0.0037550693436139
2016-01-11,-9.976057462079968e-05,-9.976057462079968e-05,-9.976057462079968e-05,-9.976057462079968e-05,-9.976057462079968e-05,-9.976057462079968e-05,-9.976057462079968e-05,-9.976057462079968e-05,-9.976057462079968e-05
2016-01-12,0.0038910505836575,0.0038910505836575,0.0038910505836575,0.0038910505836575,0.0038910505836575,0.0038910505836575,0.0038910505836575,0.0038910505836575,0.0038910505836575
2016-01-13,0.0019876764062809,0.0019876764062809,0.0019876764062809,0.0019876764062809,0.0019876764062809,0.0019876764062809,0.0019876764062809,0.0019876764062809,0.0019876764062809
2016-01-14,-0.0037195000991866,-0.0037195000991866,-0.0037195000991866,-0.0037195000991866,-0.0037195000991866,-0.0037195000991866,-0.0037195000991866,-0.0037195000991866,-0.0037195000991866
2016-01-15,-0.0001,-0.0001,-0.0001,-0.0001,-0.0001,-0.0001,0.0019911394295386,0.0019911394295386,0.0019911394295386
2016-01-18,-0.0036769288091808,-0.0036769288091808,-0.0036769288091808,-0.0036769288091808,-0.0036769288091808,-0.0036769288091808,-0.0035769288091808,-0.0035769288091808,-0.0035769288091808
2016-01-19,-0.0015455950540957,-0.0015455950540957,-0.0015455950540957,-0.0001,-0.0001,-0.0015455950540957,-0.0001,-0.0001,-0.0015455950540957
2016-01-20,-0.0001,-0.0001,0.0013981823629281,0.0,0.0,0.0013981823629281,0.0,0.0,0.0013981823629281
2016-01-21,0.0,0.0,-0.0001,0.0,0.0,-0.0001,0.0,0.0,-0.0001
2016-01-22,0.0004479998007273,0.0004479998007273,0.0004479998007273,0.0004479998007273,0.0004479998007273,0.0004479998007273,0.0004479998007273,0.0004479998007273,0.0004479998007273
2016-01-25,-0.005825532762398,-0.005825532762398,-0.005825532762398,-0.005825532762398,-0.005825532762398,-0.005825532762398,-0.005825532762398,-0.005825532762398,-0.005825532762398
2016-01-26,0.0007512395452495,0.0007512395452495,0.0007512395452495,0.0007512395452495,0.0007512395452495,0.0007512395452495,0.0007512395452495,0.0007512395452495,0.0007512395452495
2016-01-27,-0.0014012611350214,-0.0014012611350214,-0.0014012611350214,-0.0014012611350214,-0.0014012611350214,-0.0014012611350214,-0.0014012611350214,-0.0014012611350214,-0.0014012611350214
2016-01-28,0.0019544953392804,0.0019544953392804,0.0019544953392804,0.0019544953392804,0.0019544953392804,0.0019544953392804,0.0019544953392804,0.0019544953392804,0.0019544953392804
2016-01-29,0.0040014004901713,0.0040014004901713,0.0040014004901713,0.0040014004901713,0.0040014004901713,0.0040014004901713,0.0040014004901713,0.0040014004901713,0.0040014004901713
2016-02-01,-0.0002490908185123,-0.0002490908185123,-0.0002490908185123,-0.0002490908185123,-0.0002490908185123,-0.0002490908185123,-0.0002490908185123,-0.0002490908185123,-0.0002490908185123
2016-02-02,-0.0041857683874825,-0.0041857683874825,-0.0041857683874825,-0.0041857683874825,-0.0041857683874825,-0.0041857683874825,-0.0041857683874825,-0.0041857683874825,-0.0041857683874825
2016-02-03,-0.0001,0.0015012009607684,0.0015012009607684,-0.0001,0.0015012009607684,0.0015012009607684,0.0015012009607684,0.0015012009607684,0.0015012009607684
2016-02-05,0.0012558396543929,0.0012558396543929,0.0012558396543929,0.0012558396543929,0.0012558396543929,0.0012558396543929,0.0012558396543929,0.0012558396543929,0.0012558396543929
2016-02-15,0.0052679108970499,0.0052679108970499,0.0052679108970499,0.0052679108970499,0.0052679108970499,0.0052679108970499,0.0052679108970499,0.0052679108970499,0.0052679108970499
2016-02-16,-0.0041423366771473,-0.0041423366771473,-0.0041423366771473,-0.0041423366771473,-0.0041423366771473,-0.0041423366771473,-0.0041423366771473,-0.0041423366771473,-0.0041423366771473
2016-02-17,0.0001002305302195,0.0001002305302195,0.0001002305302195,0.0001002305302195,0.0001002305302195,0.0001002305302195,0.0001002305302195,0.0001002305302195,0.0001002305302195
2016-02-18,0.0011024253357385,0.0011024253357385,0.0011024253357385,0.0011024253357385,0.0011024253357385,0.0011024253357385,0.0011024253357385,0.0011024253357385,0.0011024253357385
2016-02-19,-0.0001,-0.0001,-0.0001,-0.0001,-0.0001,-0.0001,-0.0001,-0.0001,-0.0001
2016-02-22,-0.000801648874856,-0.000801648874856,-0.000801648874856,-0.000801648874856,-0.000801648874856,-0.000801648874856,-0.000801648874856,-0.000801648874856,-0.000801648874856
2016-02-23,-0.0009027533978633,-0.0009027533978633,-0.0009027533978633,-0.0009027533978633,-0.0009027533978633,-0.0009027533978633,-0.0009027533978633,-0.0009027533978633,-0.0009027533978633
2016-02-24,-0.0009537673811556,-0.0009537673811556,-0.0009537673811556,-0.0009537673811556,-0.0009537673811556,-0.0009537673811556,-0.0009537673811556,-0.0009537673811556,-0.0009537673811556
2016-02-25,-0.0001,-0.0001,-0.0001,-0.0016581248115767,-0.0016581248115767,-0.0016581248115767,-0.0001,-0.0001,-0.0001
2016-02-26,0.0,0.0,0.0,-0.0001,-0.0001,-0.0001,0.0,0.0,0.0
2016-02-29,0.0003023335345,0.0003023335345,0.0003023335345,0.0,0.0003023335345,0.0003023335345,0.0,0.0003023335345,0.0003023335345
2016-03-01,-0.0007540719887391,-0.0007540719887391,-0.0007540719887391,-0.0008540719887391,-0.0007540719887391,-0.0007540719887391,-0.0008540719887391,-0.0007540719887391,-0.0007540719887391
2016-03-02,-0.0025154701413694,-0.0025154701413694,-0.0025154701413694,-0.0025154701413694,-0.0025154701413694,-0.0025154701413694,-0.0025154701413694,-0.0025154701413694,-0.0025154701413694
2016-03-03,-0.0017652695818833,-0.0017652695818833,-0.0017652695818833,-0.0017652695818833,-0.0017652695818833,-0.0017652695818833,-0.0017652695818833,-0.0017652695818833,-0.0017652695818833
2016-03-04,-0.0001,-0.0001,0.0012631366208568,-0.0001,-0.0001,0.0012631366208568,0.0012631366208568,0.0012631366208568,0.0012631366208568
2016-03-07,-0.0040360145329767,-0.0040360145329767,-0.0039360145329767,-0.0040360145329767,-0.0040360145329767,-0.0039360145329767,-0.0039360145329767,-0.0039360145329767,-0.0039360145329767
2016-03-08,0.0012665281929176,0.0012665281929176,0.0012665281929176,0.0012665281929176,0.0012665281929176,0.0012665281929176,0.0012665281929176,0.0012665281929176,0.0012665281929176
2016-03-09,0.0031876138433517,0.0031876138433517,0.0031876138433517,0.0031876138433517,0.0031876138433517,0.0031876138433517,0.0031876138433517,0.0031876138433517,0.0031876138433517
2016-03-10,0.0028748676047813,0.0028748676047813,0.0028748676047813,0.0028748676047813,0.0028748676047813,0.0028748676047813,0.0028748676047813,0.0028748676047813,0.0028748676047813
2016-03-11,0.0037215851941259,0.0037215851941259,0.0037215851941259,0.0037215851941259,0.0037215851941259,0.0037215851941259,0.0037215851941259,0.0037215851941259,0.0037215851941259
2016-03-14,-0.0014029461869926,-0.0014029461869926,-0.0014029461869926,-0.0014029461869926,-0.0014029461869926,-0.0014029461869926,-0.0014029461869926,-0.0014029461869926,-0.0014029461869926
2016-03-15,-0.0001,-0.0001,-0.0001,-0.0001,-0.0001,-0.0001,-0.0001,-0.0001,-0.0001
2016-03-16,0.0,0.0,0.0026579981947649003,0.0,0.0,0.0026579981947649003,0.0,0.0,0.0026579981947649003
2016-03-17,-0.0030004350652598,-0.0030004350652598,-0.0029004350652598,-0.0,-0.0030004350652598,-0.0029004350652598,-0.0,-0.0030004350652598,-0.0029004350652598
2016-03-18,-0.0001,-0.0001,-0.0001,-0.0,-0.0001,-0.0001,-0.0,-0.0001,-0.0001
2016-03-21,-0.0,-0.0,-0.0018054574638843,-0.0,-0.0,-0.0018054574638843,-0.0,-0.0,-0.0018054574638843
2016-03-22,0.0010556627474623999,0.0010556627474623999,0.0011556627474624,0.0010556627474623999,0.0010556627474623999,0.0011556627474624,0.0010556627474623999,0.0010556627474623999,0.0011556627474624
2016-03-23,0.0002007528230865,0.0002007528230865,0.0002007528230865,0.0002007528230865,0.0002007528230865,0.0002007528230865,0.0002007528230865,0.0002007528230865,0.0002007528230865
2016-03-24,-0.0001,-0.0001,-0.0001,0.0021074815595363,0.0021074815595363,0.0021074815595363,-0.0001,-0.0001,-0.0001
2016-03-25,-0.0005005808422212,-0.0005005808422212,-0.0005005808422212,-0.0004005808422212,-0.0004005808422212,-0.0004005808422212,-0.0005005808422212,-0.0005005808422212,-0.0005005808422212
2016-03-28,-0.0020037068576868,-0.0020037068576868,-0.0020037068576868,-0.0020037068576868,-0.0020037068576868,-0.0020037068576868,-0.0020037068576868,-0.0020037068576868,-0.0020037068576868
2016-03-29,0.0019073432715956,0.0019073432715956,0.0019073432715956,0.0019073432715956,0.0019073432715956,0.0019073432715956,0.0019073432715956,0.0019073432715956,0.0019073432715956
2016-03-30,-5.009769049657553e-05,-5.009769049657553e-05,-5.009769049657553e-05,-5.009769049657553e-05,-5.009769049657553e-05,-5.009769049657553e-05,-5.009769049657553e-05,-5.009769049657553e-05,-5.009769049657553e-05
2016-03-31,-0.0001,-0.0001,-0.0001,-0.0001,-0.0001,-0.0001,0.0,0.0,0.0
2016-04-01,0.0,0.0006014028056112999,0.0006014028056112999,0.0,0.0006014028056112999,0.0006014028056112999,0.0007014028056113,0.0007014028056113,0.0007014028056113
2016-04-05,-0.0025031240612797,-0.0024031240612797,-0.0024031240612797,-0.0025031240612797,-0.0024031240612797,-0.0024031240612797,-0.0024031240612797,-0.0024031240612797,-0.0024031240612797
2016-04-06,-0.0005520425574625,-0.0005520425574625,-0.0005520425574625,-0.0005520425574625,-0.0005520425574625,-0.0005520425574625,-0.0005520425574625,-0.0005520425574625,-0.0005520425574625
2016-04-07,-0.0001,-0.0010042681395933,-0.0010042681395933,-0.0010042681395933,-0.0010042681395933,-0.0010042681395933,-0.0010042681395933,-0.0010042681395933,-0.0010042681395933
2016-04-08,0.001960819301332,0.002060819301332,0.002060819301332,0.002060819301332,0.002060819301332,0.002060819301332,0.002060819301332,0.002060819301332,0.002060819301332
2016-04-11,0.0006520866773676,0.0006520866773676,0.0006520866773676,0.0006520866773676,0.0006520866773676,0.0006520866773676,0.0006520866773676,0.0006520866773676,0.0006520866773676
2016-04-12,-0.0001,-0.0001,-0.0001,-0.0001,-0.0001,-0.0001,-0.0001,-0.0001,-0.0001
2016-04-13,-0.0021050125313283,-0.0021050125313283,-0.0021050125313283,-0.0021050125313283,-0.0021050125313283,-0.0021050125313283,-0.0021050125313283,-0.0021050125313283,-0.0021050125313283
2016-04-14,-0.0028628829733802,-0.0028628829733802,-0.0028628829733802,-0.0001,-0.0001,-0.0001,-0.0001,-0.0001,-0.0001
2016-04-15,0.0022162897295119,0.0022162897295119,0.0022162897295119,0.0021162897295119,0.0021162897295119,0.0021162897295119,0.0021162897295119,0.0021162897295119,0.0021162897295119
2016-04-18,0.0002010353319594,0.0002010353319594,0.0002010353319594,-0.0001,0.0002010353319594,0.0002010353319594,-0.0001,0.0002010353319594,0.0002010353319594
2016-04-19,0.000753730968293,0.000753730968293,0.000753730968293,0.000653730968293,0.000753730968293,0.000753730968293,0.000653730968293,0.000753730968293,0.000753730968293
2016-04-20,-0.0028620204860413,-0.0028620204860413,-0.0028620204860413,-0.0028620204860413,-0.0028620204860413,-0.0028620204860413,-0.0028620204860413,-0.0028620204860413,-0.0028620204860413
2016-04-21,-0.0001,0.000100710005539,0.000100710005539,0.000100710005539,0.000100710005539,0.000100710005539,-0.0001,0.000100710005539,0.000100710005539
2016-04-22,0.0007055989124412999,0.0008055989124413,0.0008055989124413,0.0008055989124413,0.0008055989124413,0.0008055989124413,0.0007055989124412999,0.0008055989124413,0.0008055989124413
2016-04-25,-0.0033707299894351,-0.0033707299894351,-0.0033707299894351,-0.0033707299894351,-0.0033707299894351,-0.0033707299894351,-0.0033707299894351,-0.0033707299894351,-0.0033707299894351
2016-04-26,0.0029782937910145,0.0029782937910145,0.0029782937910145,0.0029782937910145,0.0029782937910145,0.0029782937910145,0.0029782937910145,0.0029782937910145,0.0029782937910145
2016-04-27,0.0,0.0,0.0,0.0,0.0,0.0,0.0,0.0,0.0
2016-04-28,0.0026674719412149,0.0026674719412149,0.0026674719412149,0.0026674719412149,0.0026674719412149,0.0026674719412149,0.0026674719412149,0.0026674719412149,0.0026674719412149
2016-04-29,-0.0009537195060737,-0.0009537195060737,-0.0009537195060737,-0.0009537195060737,-0.0009537195060737,-0.0009537195060737,-0.0009537195060737,-0.0009537195060737,-0.0009537195060737
2016-05-03,0.0023614530472793,0.0023614530472793,0.0023614530472793,0.0023614530472793,0.0023614530472793,0.0023614530472793,0.0023614530472793,0.0023614530472793,0.0023614530472793
2016-05-04,0.000952380952381,0.000952380952381,0.000952380952381,0.000952380952381,0.000952380952381,0.000952380952381,0.000952380952381,0.000952380952381,0.000952380952381
2016-05-06,0.0006097251155936,0.0006097251155936,0.0006097251155936,0.0006097251155936,0.0006097251155936,0.0006097251155936,0.0006097251155936,0.0006097251155936,0.0006097251155936
2016-05-09,0.0071599045346062,0.0071599045346062,0.0071599045346062,0.0071599045346062,0.0071599045346062,0.0071599045346062,0.0071599045346062,0.0071599045346062,0.0071599045346062
2016-05-10,-0.0001,0.0007058586266006,0.0007058586266006,-0.0001,0.0007058586266006,0.0007058586266006,-0.0001,0.0007058586266006,0.0007058586266006
2016-05-11,-0.000553446191052,-0.000453446191052,-0.000453446191052,-0.000553446191052,-0.000453446191052,-0.000453446191052,-0.000553446191052,-0.000453446191052,-0.000453446191052
2016-05-12,0.0029739402187609,0.0029739402187609,0.0029739402187609,0.0029739402187609,0.0029739402187609,0.0029739402187609,0.0029739402187609,0.0029739402187609,0.0029739402187609
2016-05-13,-0.001206151371997,-0.001206151371997,-0.001206151371997,-0.001206151371997,-0.001206151371997,-0.001206151371997,-0.001206151371997,-0.001206151371997,-0.001206151371997
2016-05-16,-0.0038240917782027,-0.0038240917782027,-0.0038240917782027,-0.0038240917782027,-0.0038240917782027,-0.0038240917782027,-0.0038240917782027,-0.0038240917782027,-0.0038240917782027
2016-05-17,-0.0001,0.0002020406101628,0.0002020406101628,-0.0001,0.0002020406101628,0.0002020406101628,-0.0001,0.0002020406101628,0.0002020406101628
2016-05-18,-0.0,-0.0001,-0.0001,-0.0,-0.0001,-0.0001,-0.0,-0.0001,-0.0001
2016-05-19,0.00040609848676550006,0.00040609848676550006,0.00040609848676550006,0.00040609848676550006,0.00040609848676550006,0.00040609848676550006,0.00040609848676550006,0.00040609848676550006,0.00040609848676550006
2016-05-20,0.0025292124032576,0.0025292124032576,0.0025292124032576,0.0025292124032576,0.0025292124032576,0.0025292124032576,0.0025292124032576,0.0025292124032576,0.0025292124032576
2016-05-23,-0.0002018265300973,-0.0002018265300973,-0.0002018265300973,-0.0002018265300973,-0.0002018265300973,-0.0002018265300973,-0.0002018265300973,-0.0002018265300973,-0.0002018265300973
2016-05-24,-0.0001,0.0021700731768863,0.0021700731768863,0.0021700731768863,0.0021700731768863,0.0021700731768863,-0.0001,0.0021700731768863,0.0021700731768863
2016-05-25,-0.0003014301540941,-0.0002014301540941,-0.0002014301540941,-0.0002014301540941,-0.0002014301540941,-0.0002014301540941,-0.0003014301540941,-0.0002014301540941,-0.0002014301540941
2016-05-26,-0.0013095597864409,-0.0013095597864409,-0.0013095597864409,-0.0013095597864409,-0.0013095597864409,-0.0013095597864409,-0.0013095597864409,-0.0013095597864409,-0.0013095597864409
2016-05-27,-0.0007060722211015,-0.0007060722211015,-0.0007060722211015,-0.0007060722211015,-0.0007060722211015,-0.0007060722211015,-0.0007060722211015,-0.0007060722211015,-0.0007060722211015
2016-05-30,-0.0001,-0.0001,-0.0001,-0.0001,-0.0001,-0.0001,-0.0001,-0.0001,-0.0001
2016-05-31,0.0020732538158292004,0.0020732538158292004,0.0020732538158292004,0.0020732538158292004,0.0020732538158292004,0.0020732538158292004,0.0020732538158292004,0.0020732538158292004,0.0020732538158292004
2016-06-01,-0.0007060366130414,-0.0007060366130414,-0.0007060366130414,-0.0001,-0.0001,-0.0007060366130414,-0.0001,-0.0001,-0.0007060366130414
2016-06-02,-0.0013121372697452,-0.0013121372697452,-0.0013121372697452,-0.0014121372697452,-0.0014121372697452,-0.0013121372697452,-0.0014121372697452,-0.0014121372697452,-0.0013121372697452
2016-06-03,0.0004042649957047,0.0004042649957047,0.0004042649957047,0.0004042649957047,0.0004042649957047,0.0004042649957047,0.0004042649957047,0.0004042649957047,0.0004042649957047
2016-06-06,0.0005556397433954,0.0005556397433954,0.0005556397433954,0.0005556397433954,0.0005556397433954,0.0005556397433954,0.0005556397433954,0.0005556397433954,0.0005556397433954
2016-06-07,-0.0008582390953151,-0.0008582390953151,-0.0008582390953151,-0.0008582390953151,-0.0008582390953151,-0.0008582390953151,-0.0008582390953151,-0.0008582390953151,-0.0008582390953151
2016-06-08,-0.0001515840533575,-0.0001515840533575,-0.0001515840533575,-0.0001515840533575,-0.0001515840533575,-0.0001515840533575,-0.0001515840533575,-0.0001515840533575,-0.0001515840533575
2016-06-13,-0.0001,0.00252678390944,0.00252678390944,-0.0001,0.00252678390944,0.00252678390944,0.00252678390944,0.00252678390944,0.00252678390944
2016-06-14,0.0021179655207177,0.0022179655207177,0.0022179655207177,0.0021179655207177,0.0022179655207177,0.0022179655207177,0.0022179655207177,0.0022179655207177,0.0022179655207177
2016-06-15,-0.0001,-0.0001,-0.0001,-0.0001,-0.0001,-0.0001,-0.0001,-0.0001,-0.0001
2016-06-16,0.0030160476453737002,0.0030160476453737002,0.0030160476453737002,0.0030160476453737002,0.0030160476453737002,0.0030160476453737002,0.0030160476453737002,0.0030160476453737002,0.0030160476453737002
2016-06-17,-0.0006513352372362,-0.0006513352372362,-0.0006513352372362,-0.0006513352372362,-0.0006513352372362,-0.0006513352372362,-0.0006513352372362,-0.0006513352372362,-0.0006513352372362
2016-06-20,-0.0001,-0.0001,-0.0001,-0.0001,-0.0001,-0.0001,-0.0001,-0.0001,-0.0001
2016-06-21,0.0,0.0,0.0,0.0,0.0,0.0,0.0,0.0,0.0
2016-06-22,0.00035074372714970003,0.00035074372714970003,0.00035074372714970003,0.0,0.0,0.00035074372714970003,0.0,0.0,0.00035074372714970003
2016-06-23,-0.0001501802162595,-0.0001501802162595,-0.0001501802162595,-0.0002501802162595,-0.0002501802162595,-0.0001501802162595,-0.0002501802162595,-0.0002501802162595,-0.0001501802162595
2016-06-24,-0.0001,-0.0001,0.0030040554748911,0.0030040554748911,0.0030040554748911,0.0030040554748911,0.0030040554748911,0.0030040554748911,0.0030040554748911
2016-06-27,0.0,0.0,0.0028453052463435,0.0028453052463435,0.0028453052463435,0.0028453052463435,-0.0001,-0.0001,0.0028453052463435
2016-06-28,-0.0031861124937778997,-0.0031861124937778997,-0.0030861124937779,-0.0030861124937779,-0.0030861124937779,-0.0030861124937779,-0.0031861124937778997,-0.0031861124937778997,-0.0030861124937779
2016-06-29,-0.0003495106850408,-0.0003495106850408,-0.0003495106850408,-0.0003495106850408,-0.0003495106850408,-0.0003495106850408,-0.0003495106850408,-0.0003495106850408,-0.0003495106850408
2016-06-30,-0.0001,-0.0001,0.0028470106388291,0.0028470106388291,0.0028470106388291,0.0028470106388291,0.0028470106388291,0.0028470106388291,0.0028470106388291
2016-07-01,0.0,0.0022906763621874,0.0023906763621874,-0.0001,0.0023906763621874,0.0023906763621874,0.0023906763621874,0.0023906763621874,0.0023906763621874
2016-07-04,-0.0027830964920996996,-0.0026830964920997,-0.0026830964920997,-0.0027830964920996996,-0.0026830964920997,-0.0026830964920997,-0.0026830964920997,-0.0026830964920997,-0.0026830964920997
2016-07-05,-0.0009465922678357,-0.0009465922678357,-0.0009465922678357,-0.0001,-0.0009465922678357,-0.0009465922678357,-0.0001,-0.0009465922678357,-0.0009465922678357
2016-07-06,0.0016456390565002,0.0016456390565002,0.0016456390565002,0.0015456390565002,0.0016456390565002,0.0016456390565002,0.0015456390565002,0.0016456390565002,0.0016456390565002
2016-07-07,0.0025888678681667,0.0025888678681667,0.0025888678681667,0.0025888678681667,0.0025888678681667,0.0025888678681667,0.0025888678681667,0.0025888678681667,0.0025888678681667
2016-07-08,4.9657364187050135e-05,4.9657364187050135e-05,4.9657364187050135e-05,4.9657364187050135e-05,4.9657364187050135e-05,4.9657364187050135e-05,4.9657364187050135e-05,4.9657364187050135e-05,4.9657364187050135e-05
2016-07-11,-0.0019861959382292,-0.0019861959382292,-0.0019861959382292,-0.0019861959382292,-0.0019861959382292,-0.0019861959382292,-0.0019861959382292,-0.0019861959382292,-0.0019861959382292
2016-07-12,-0.0017911338872581,-0.0017911338872581,-0.0017911338872581,-0.0017911338872581,-0.0017911338872581,-0.0017911338872581,-0.0017911338872581,-0.0017911338872581,-0.0017911338872581
2016-07-13,-0.0006479589293724,-0.0006479589293724,-0.0006479589293724,-0.0006479589293724,-0.0006479589293724,-0.0006479589293724,-0.0006479589293724,-0.0006479589293724,-0.0006479589293724
2016-07-14,0.0006982543640896,0.0006982543640896,0.0006982543640896,0.0006982543640896,0.0006982543640896,0.0006982543640896,0.0006982543640896,0.0006982543640896,0.0006982543640896
2016-07-15,-0.0001,0.002292663476874,0.002292663476874,-0.0001,0.002292663476874,0.002292663476874,0.002292663476874,0.002292663476874,0.002292663476874
2016-07-18,-0.0,-0.0001,-0.0001,-0.0,-0.0001,-0.0001,-0.0001,-0.0001,-0.0001
2016-07-19,0.00044701874782420006,0.00044701874782420006,0.00044701874782420006,0.00044701874782420006,0.00044701874782420006,0.00044701874782420006,0.00044701874782420006,0.00044701874782420006,0.00044701874782420006
2016-07-20,0.0029324055666004,0.0029324055666004,0.0029324055666004,0.0029324055666004,0.0029324055666004,0.0029324055666004,0.0029324055666004,0.0029324055666004,0.0029324055666004
2016-07-21,0.0005946776351652,0.0005946776351652,0.0005946776351652,0.0005946776351652,0.0005946776351652,0.0005946776351652,0.0005946776351652,0.0005946776351652,0.0005946776351652
2016-07-22,4.952701698779372e-05,4.952701698779372e-05,4.952701698779372e-05,4.952701698779372e-05,4.952701698779372e-05,4.952701698779372e-05,4.952701698779372e-05,4.952701698779372e-05,4.952701698779372e-05
2016-07-25,-0.0001,-0.0016343106180665,-0.0016343106180665,-0.0001,-0.0016343106180665,-0.0016343106180665,-0.0001,-0.0016343106180665,-0.0016343106180665
2016-07-26,0.001834619772806,0.001934619772806,0.001934619772806,0.001834619772806,0.001934619772806,0.001934619772806,0.001834619772806,0.001934619772806,0.001934619772806
2016-07-27,-0.0001,-0.0001,-0.0008911773442914,-0.0001,-0.0001,-0.0008911773442914,-0.0001,-0.0001,-0.0008911773442914
2016-07-28,0.0025263627353815004,0.0025263627353815004,0.0026263627353815,0.0025263627353815004,0.0025263627353815004,0.0026263627353815,0.0025263627353815004,0.0025263627353815004,0.0026263627353815
2016-07-29,-0.0009884841595414,-0.0009884841595414,-0.0009884841595414,-0.0009884841595414,-0.0009884841595414,-0.0009884841595414,-0.0009884841595414,-0.0009884841595414,-0.0009884841595414
2016-08-01,-0.0001,-0.0012863008954632,-0.0012863008954632,-0.0001,-0.0012863008954632,-0.0012863008954632,-0.0001,-0.0012863008954632,-0.0012863008954632
2016-08-02,0.0,0.0013870312577402,0.0013870312577402,0.0012870312577402,0.0013870312577402,0.0013870312577402,0.0012870312577402,0.0013870312577402,0.0013870312577402
2016-08-03,0.0009883007667572,0.0010883007667572,0.0010883007667572,0.0010883007667572,0.0010883007667572,0.0010883007667572,0.0010883007667572,0.0010883007667572,0.0010883007667572
2016-08-04,0.0002470721944951,0.0002470721944951,0.0002470721944951,0.0002470721944951,0.0002470721944951,0.0002470721944951,0.0002470721944951,0.0002470721944951,0.0002470721944951
2016-08-05,0.0025195138820275,0.0025195138820275,0.0025195138820275,0.0025195138820275,0.0025195138820275,0.0025195138820275,0.0025195138820275,0.0025195138820275,0.0025195138820275
2016-08-08,9.855615236764592e-05,9.855615236764592e-05,9.855615236764592e-05,9.855615236764592e-05,9.855615236764592e-05,9.855615236764592e-05,9.855615236764592e-05,9.855615236764592e-05,9.855615236764592e-05
2016-08-10,-0.000296442687747,-0.000296442687747,-0.000296442687747,-0.000296442687747,-0.000296442687747,-0.000296442687747,-0.000296442687747,-0.000296442687747,-0.000296442687747
2016-08-11,0.0014332311950182,0.0014332311950182,0.0014332311950182,0.0014332311950182,0.0014332311950182,0.0014332311950182,0.0014332311950182,0.0014332311950182,0.0014332311950182
2016-08-12,-0.0001,-0.0001,0.0023194985934955,-0.0001,-0.0001,0.0023194985934955,-0.0001,-0.0001,0.0023194985934955
2016-08-15,0.0014755785327423998,0.0014755785327423998,0.0015755785327424,0.0014755785327423998,0.0014755785327423998,0.0015755785327424,0.0014755785327423998,0.0014755785327423998,0.0015755785327424
2016-08-16,-0.0022613312358665,-0.0022613312358665,-0.0022613312358665,-0.0022613312358665,-0.0022613312358665,-0.0022613312358665,-0.0022613312358665,-0.0022613312358665,-0.0022613312358665
2016-08-17,-0.0006897910918408,-0.0006897910918408,-0.0006897910918408,-0.0006897910918408,-0.0006897910918408,-0.0006897910918408,-0.0006897910918408,-0.0006897910918408,-0.0006897910918408
2016-08-18,0.0002465240114388,0.0002465240114388,0.0002465240114388,0.0002465240114388,0.0002465240114388,0.0002465240114388,0.0002465240114388,0.0002465240114388,0.0002465240114388
2016-08-19,-0.0024646325232907,-0.0024646325232907,-0.0024646325232907,-0.0024646325232907,-0.0024646325232907,-0.0024646325232907,-0.0024646325232907,-0.0024646325232907,-0.0024646325232907
2016-08-22,-0.0001,0.0018777486781638,0.0018777486781638,-0.0001,0.0018777486781638,0.0018777486781638,-0.0001,0.0018777486781638,0.0018777486781638
2016-08-23,-0.0039471023427867,-0.0038471023427867,-0.0038471023427867,-0.0039471023427867,-0.0038471023427867,-0.0038471023427867,-0.0039471023427867,-0.0038471023427867,-0.0038471023427867
2016-08-24,-0.0001,-0.0001,-0.0001485369114224,-0.0001,-0.0001,-0.0001485369114224,-0.0001,-0.0001,-0.0001485369114224
2016-08-25,-0.0,-0.0,-0.0001,-0.0,-0.0,-0.0001,-0.0,-0.0,-0.0001
2016-08-26,0.0022782391121240002,0.0022782391121240002,0.0022782391121240002,0.0022782391121240002,0.0022782391121240002,0.0022782391121240002,0.0022782391121240002,0.0022782391121240002,0.0022782391121240002
2016-08-29,-0.0019771637585883,-0.0019771637585883,-0.0019771637585883,-0.0019771637585883,-0.0019771637585883,-0.0019771637585883,-0.0019771637585883,-0.0019771637585883,-0.0019771637585883
2016-08-30,-0.0034173641721558,-0.0034173641721558,-0.0034173641721558,-0.0034173641721558,-0.0034173641721558,-0.0034173641721558,-0.0034173641721558,-0.0034173641721558,-0.0034173641721558
2016-08-31,-0.0001,0.0008945432859557,0.0008945432859557,0.0008945432859557,0.0008945432859557,0.0008945432859557,0.0008945432859557,0.0008945432859557,0.0008945432859557
2016-09-01,0.0,-0.0001,0.0006951340615688,-0.0001,-0.0001,0.0006951340615688,0.0006951340615688,0.0006951340615688,0.0006951340615688
2016-09-02,-0.0003977076510866,-0.0003977076510866,-0.0002977076510866,-0.0003977076510866,-0.0003977076510866,-0.0002977076510866,-0.0002977076510866,-0.0002977076510866,-0.0002977076510866
2016-09-05,-0.0003474290252133,-0.0003474290252133,-0.0003474290252133,-0.0003474290252133,-0.0003474290252133,-0.0003474290252133,-0.0003474290252133,-0.0003474290252133,-0.0003474290252133
2016-09-06,-0.0008440494513678,-0.0008440494513678,-0.0008440494513678,-0.0008440494513678,-0.0008440494513678,-0.0008440494513678,-0.0008440494513678,-0.0008440494513678,-0.0008440494513678
2016-09-07,-0.0005466110117273,-0.0005466110117273,-0.0005466110117273,-0.0005466110117273,-0.0005466110117273,-0.0005466110117273,-0.0005466110117273,-0.0005466110117273,-0.0005466110117273
2016-09-08,0.0018893253119871,0.0018893253119871,0.0018893253119871,0.0018893253119871,0.0018893253119871,0.0018893253119871,0.0018893253119871,0.0018893253119871,0.0018893253119871
2016-09-09,0.0009428812465881,0.0009428812465881,0.0009428812465881,0.0009428812465881,0.0009428812465881,0.0009428812465881,0.0009428812465881,0.0009428812465881,0.0009428812465881
2016-09-12,-0.0001,-0.0001,-0.0001,-0.0001,-0.0001,-0.0001,-0.0001,-0.0001,-0.0001
2016-09-13,0.0026323761736797,0.0026323761736797,0.0026323761736797,0.0026323761736797,0.0026323761736797,0.0026323761736797,0.0026323761736797,0.0026323761736797,0.0026323761736797
2016-09-14,0.0005449861276258,0.0005449861276258,0.0005449861276258,0.0005449861276258,0.0005449861276258,0.0005449861276258,0.0005449861276258,0.0005449861276258,0.0005449861276258
2016-09-19,0.0003466204506066,0.0003466204506066,0.0003466204506066,0.0003466204506066,0.0003466204506066,0.0003466204506066,0.0003466204506066,0.0003466204506066,0.0003466204506066
2016-09-20,0.0002970002970004,0.0002970002970004,0.0002970002970004,0.0002970002970004,0.0002970002970004,0.0002970002970004,0.0002970002970004,0.0002970002970004,0.0002970002970004
2016-09-21,-4.948535233584295e-05,-4.948535233584295e-05,-4.948535233584295e-05,-4.948535233584295e-05,-4.948535233584295e-05,-4.948535233584295e-05,-4.948535233584295e-05,-4.948535233584295e-05,-4.948535233584295e-05
2016-09-22,-0.0001,-0.0001,-0.0001,-0.0001,-0.0001,-0.0001,-0.0001,-0.0001,-0.0001
2016-09-23,0.0,0.0,0.0,0.0,0.0,0.0,0.0,0.0,0.0
2016-09-26,0.0008886307464161,0.0008886307464161,0.0008886307464161,0.0008886307464161,0.0008886307464161,0.0008886307464161,0.0008886307464161,0.0008886307464161,0.0008886307464161
2016-09-27,-0.0002469135802469,-0.0002469135802469,-0.0002469135802469,-0.0001,-0.0001,-0.0001,-0.0001,-0.0001,-0.0001
2016-09-28,-0.0001,-0.00024697456162,-0.00024697456162,-0.00034697456161999997,-0.00034697456161999997,-0.00034697456161999997,-0.0,-0.00034697456161999997,-0.00034697456161999997
2016-09-29,-0.000297628458498,-0.000197628458498,-0.000197628458498,-0.000197628458498,-0.000197628458498,-0.000197628458498,-0.000297628458498,-0.000197628458498,-0.000197628458498
2016-09-30,9.883376161279324e-05,9.883376161279324e-05,9.883376161279324e-05,9.883376161279324e-05,9.883376161279324e-05,9.883376161279324e-05,9.883376161279324e-05,9.883376161279324e-05,9.883376161279324e-05
2016-10-10,0.0034094278090719,0.0034094278090719,0.0034094278090719,0.0034094278090719,0.0034094278090719,0.0034094278090719,0.0034094278090719,0.0034094278090719,0.0034094278090719
2016-10-11,-0.0009848820603731,-0.0009848820603731,-0.0009848820603731,-0.0009848820603731,-0.0009848820603731,-0.0009848820603731,-0.0009848820603731,-0.0009848820603731,-0.0009848820603731
2016-10-12,-0.0012816089121111,-0.0012816089121111,-0.0012816089121111,-0.0012816089121111,-0.0012816089121111,-0.0012816089121111,-0.0012816089121111,-0.0012816089121111,-0.0012816089121111
2016-10-13,0.0010364740141157,0.0010364740141157,0.0010364740141157,0.0010364740141157,0.0010364740141157,0.0010364740141157,0.0010364740141157,0.0010364740141157,0.0010364740141157
2016-10-14,0.0005916576274529,0.0005916576274529,0.0005916576274529,0.0005916576274529,0.0005916576274529,0.0005916576274529,0.0005916576274529,0.0005916576274529,0.0005916576274529
2016-10-17,0.0005913077756973,0.0005913077756973,0.0005913077756973,0.0005913077756973,0.0005913077756973,0.0005913077756973,0.0005913077756973,0.0005913077756973,0.0005913077756973
2016-10-18,-0.0004432187530779,-0.0004432187530779,-0.0004432187530779,-0.0004432187530779,-0.0004432187530779,-0.0004432187530779,-0.0004432187530779,-0.0004432187530779,-0.0004432187530779
2016-10-19,0.0017243927674039,0.0017243927674039,0.0017243927674039,0.0017243927674039,0.0017243927674039,0.0017243927674039,0.0017243927674039,0.0017243927674039,0.0017243927674039
2016-10-20,-0.0001,-0.0001,-0.0001,-0.0001,-0.0001,-0.0001,-0.0001,-0.0001,-0.0001
2016-10-21,0.0004888703503778,0.0004888703503778,0.0004888703503778,0.0004888703503778,0.0004888703503778,0.0004888703503778,0.0004888703503778,0.0004888703503778,0.0004888703503778
2016-10-24,-0.0033840117704757,-0.0033840117704757,-0.0033840117704757,-0.0033840117704757,-0.0033840117704757,-0.0033840117704757,-0.0033840117704757,-0.0033840117704757,-0.0033840117704757
2016-10-25,-0.0010334137099552,-0.0010334137099552,-0.0010334137099552,-0.0010334137099552,-0.0010334137099552,-0.0010334137099552,-0.0010334137099552,-0.0010334137099552,-0.0010334137099552
2016-10-26,-0.0021182266009852,-0.0021182266009852,-0.0021182266009852,-0.0021182266009852,-0.0021182266009852,-0.0021182266009852,-0.0021182266009852,-0.0021182266009852,-0.0021182266009852
2016-10-27,0.0023201856148491,0.0023201856148491,0.0023201856148491,0.0023201856148491,0.0023201856148491,0.0023201856148491,0.0023201856148491,0.0023201856148491,0.0023201856148491
2016-10-28,0.000394011032309,0.000394011032309,0.000394011032309,0.000394011032309,0.000394011032309,0.000394011032309,0.000394011032309,0.000394011032309,0.000394011032309
2016-10-31,-0.0031016148089798,-0.0031016148089798,-0.0031016148089798,-0.0031016148089798,-0.0031016148089798,-0.0031016148089798,-0.0031016148089798,-0.0031016148089798,-0.0031016148089798
2016-11-01,0.0008395476319817,0.0008395476319817,0.0008395476319817,0.0008395476319817,0.0008395476319817,0.0008395476319817,0.0008395476319817,0.0008395476319817,0.0008395476319817
2016-11-02,0.0003454060988847,0.0003454060988847,0.0003454060988847,0.0003454060988847,0.0003454060988847,0.0003454060988847,0.0003454060988847,0.0003454060988847,0.0003454060988847
2016-11-03,0.0016277807921867,0.0016277807921867,0.0016277807921867,0.0016277807921867,0.0016277807921867,0.0016277807921867,0.0016277807921867,0.0016277807921867,0.0016277807921867
2016-11-04,4.92465281196619e-05,4.92465281196619e-05,4.92465281196619e-05,4.92465281196619e-05,4.92465281196619e-05,4.92465281196619e-05,4.92465281196619e-05,4.92465281196619e-05,4.92465281196619e-05
2016-11-07,-0.0023637169448957,-0.0023637169448957,-0.0023637169448957,-0.0023637169448957,-0.0023637169448957,-0.0023637169448957,-0.0023637169448957,-0.0023637169448957,-0.0023637169448957
2016-11-08,-0.0005429685571844,-0.0005429685571844,-0.0005429685571844,-0.0005429685571844,-0.0005429685571844,-0.0005429685571844,-0.0005429685571844,-0.0005429685571844,-0.0005429685571844
2016-11-10,-0.0033863615993626997,-0.0033863615993626997,-0.0032863615993627,-0.0033863615993626997,-0.0033863615993626997,-0.0032863615993627,-0.0033863615993626997,-0.0033863615993626997,-0.0032863615993627
2016-11-11,-0.0021481740520556,-0.0021481740520556,-0.0021481740520556,-0.0021481740520556,-0.0021481740520556,-0.0021481740520556,-0.0021481740520556,-0.0021481740520556,-0.0021481740520556
2016-11-14,-0.0020026033843997,-0.0020026033843997,-0.0020026033843997,-0.0020026033843997,-0.0020026033843997,-0.0020026033843997,-0.0020026033843997,-0.0020026033843997,-0.0020026033843997
2016-11-15,0.0017056285742951,0.0017056285742951,0.0017056285742951,0.0017056285742951,0.0017056285742951,0.0017056285742951,0.0017056285742951,0.0017056285742951,0.0017056285742951
2016-11-16,-0.0023036858974359,-0.0023036858974359,-0.0023036858974359,-0.0023036858974359,-0.0023036858974359,-0.0023036858974359,-0.0023036858974359,-0.0023036858974359,-0.0023036858974359
2016-11-17,-0.0011545025599838,-0.0011545025599838,-0.0011545025599838,-0.0011545025599838,-0.0011545025599838,-0.0011545025599838,-0.0011545025599838,-0.0011545025599838,-0.0011545025599838
2016-11-18,-0.0005527915975678,-0.0005527915975678,-0.0005527915975678,-0.0005527915975678,-0.0005527915975678,-0.0005527915975678,-0.0005527915975678,-0.0005527915975678,-0.0005527915975678
2016-11-21,0.0009553499597747,0.0009553499597747,0.0009553499597747,0.0009553499597747,0.0009553499597747,0.0009553499597747,0.0009553499597747,0.0009553499597747,0.0009553499597747
2016-11-22,0.000150700758527,0.000150700758527,0.000150700758527,0.000150700758527,0.000150700758527,0.000150700758527,0.000150700758527,0.000150700758527,0.000150700758527
2016-11-23,0.0029633350075339,0.0029633350075339,0.0029633350075339,0.0029633350075339,0.0029633350075339,0.0029633350075339,0.0029633350075339,0.0029633350075339,0.0029633350075339
2016-11-24,-0.0015023286093445,-0.0015023286093445,-0.0015023286093445,-0.0015023286093445,-0.0015023286093445,-0.0015023286093445,-0.0015023286093445,-0.0015023286093445,-0.0015023286093445
2016-11-25,-0.0011535182306032,-0.0011535182306032,-0.0011535182306032,-0.0011535182306032,-0.0011535182306032,-0.0011535182306032,-0.0011535182306032,-0.0011535182306032,-0.0011535182306032
2016-11-28,0.00015063265716,0.00015063265716,0.00015063265716,0.00015063265716,0.00015063265716,0.00015063265716,0.00015063265716,0.00015063265716,0.00015063265716
2016-11-29,-0.0001,-0.0066770420201817,-0.0066770420201817,-0.0001,-0.0066770420201817,-0.0066770420201817,-0.0066770420201817,-0.0066770420201817,-0.0066770420201817
2016-11-30,-0.0,-0.0001,-0.0001,-0.0,-0.0001,-0.0001,-0.0001,-0.0001,-0.0001
2016-12-01,-0.0,-0.0,-0.0,-0.0,-0.0,-0.0,-0.0,-0.0,-0.0
2016-12-02,0.0006129398584304,0.0006129398584304,0.0006129398584304,0.0006129398584304,0.0006129398584304,0.0006129398584304,0.0006129398584304,0.0006129398584304,0.0006129398584304
2016-12-05,-0.0027988397537019,-0.0027988397537019,-0.0027988397537019,-0.0027988397537019,-0.0027988397537019,-0.0027988397537019,-0.0027988397537019,-0.0027988397537019,-0.0027988397537019
2016-12-06,-0.0040824658093489,-0.0040824658093489,-0.0040824658093489,-0.0040824658093489,-0.0040824658093489,-0.0040824658093489,-0.0040824658093489,-0.0040824658093489,-0.0040824658093489
2016-12-07,-0.0001,-0.0001,-0.0001,0.0017934002869439,0.0017934002869439,0.0017934002869439,-0.0001,-0.0001,-0.0001
2016-12-08,0.0004114827886043,0.0004114827886043,0.0004114827886043,0.0005114827886043,0.0005114827886043,0.0005114827886043,0.0004114827886043,0.0004114827886043,0.0004114827886043
2016-12-09,-0.0010224426154082,-0.0010224426154082,-0.0010224426154082,-0.0010224426154082,-0.0010224426154082,-0.0010224426154082,-0.0010224426154082,-0.0010224426154082,-0.0010224426154082
2016-12-12,-0.0104395885573921,-0.0104395885573921,-0.0104395885573921,-0.0104395885573921,-0.0104395885573921,-0.0104395885573921,-0.0104395885573921,-0.0104395885573921,-0.0104395885573921
2016-12-13,-0.0016031442312665,-0.0016031442312665,-0.0016031442312665,-0.0016031442312665,-0.0016031442312665,-0.0016031442312665,-0.0016031442312665,-0.0016031442312665,-0.0016031442312665
2016-12-14,-0.0026934631720708,-0.0026934631720708,-0.0026934631720708,-0.0026934631720708,-0.0026934631720708,-0.0026934631720708,-0.0026934631720708,-0.0026934631720708,-0.0026934631720708
2016-12-15,-0.0178144801080294,-0.0178144801080294,-0.0178144801080294,-0.0178144801080294,-0.0178144801080294,-0.0178144801080294,-0.0178144801080294,-0.0178144801080294,-0.0178144801080294
2016-12-16,0.0138014911956003,0.0138014911956003,0.0138014911956003,0.0138014911956003,0.0138014911956003,0.0138014911956003,0.0138014911956003,0.0138014911956003,0.0138014911956003
2016-12-19,-0.0124139369914458,-0.0124139369914458,-0.0124139369914458,-0.0124139369914458,-0.0124139369914458,-0.0124139369914458,-0.0124139369914458,-0.0124139369914458,-0.0124139369914458
2016-12-20,0.0008450406675821,0.0008450406675821,0.0008450406675821,0.0008450406675821,0.0008450406675821,0.0008450406675821,0.0008450406675821,0.0008450406675821,0.0008450406675821
2016-12-21,0.0157783641160951,0.0157783641160951,0.0157783641160951,0.0157783641160951,0.0157783641160951,0.0157783641160951,0.0157783641160951,0.0157783641160951,0.0157783641160951
2016-12-22,0.0076367603511871,0.0076367603511871,0.0076367603511871,0.0076367603511871,0.0076367603511871,0.0076367603511871,0.0076367603511871,0.0076367603511871,0.0076367603511871
2016-12-23,-0.0042276758094453,-0.0042276758094453,-0.0042276758094453,-0.0042276758094453,-0.0042276758094453,-0.0042276758094453,-0.0042276758094453,-0.0042276758094453,-0.0042276758094453
2016-12-26,0.0008284146215182,0.0008284146215182,0.0008284146215182,0.0008284146215182,0.0008284146215182,0.0008284146215182,0.0008284146215182,0.0008284146215182,0.0008284146215182
2016-12-27,-0.0047077082255562,-0.0047077082255562,-0.0047077082255562,-0.0047077082255562,-0.0047077082255562,-0.0047077082255562,-0.0047077082255562,-0.0047077082255562,-0.0047077082255562
2016-12-28,0.0045740423098914,0.0045740423098914,0.0045740423098914,0.0045740423098914,0.0045740423098914,0.0045740423098914,0.0045740423098914,0.0045740423098914,0.0045740423098914
2016-12-29,-0.0001,-0.0001,-0.0001,-0.0001,-0.0001,-0.0001,-0.0001,-0.0001,-0.0001
2016-12-30,-0.0037345021755823,-0.0037345021755823,-0.0037345021755823,-0.0037345021755823,-0.0037345021755823,-0.0037345021755823,-0.0037345021755823,-0.0037345021755823,-0.0037345021755823
2017-01-03,0.0007192766132346,0.0007192766132346,0.0007192766132346,0.0007192766132346,0.0007192766132346,0.0007192766132346,0.0007192766132346,0.0007192766132346,0.0007192766132346
2017-01-04,-0.0016428791457028,-0.0016428791457028,-0.0016428791457028,-0.0016428791457028,-0.0016428791457028,-0.0016428791457028,-0.0016428791457028,-0.0016428791457028,-0.0016428791457028
2017-01-05,0.0022626761287667,0.0022626761287667,0.0022626761287667,0.0022626761287667,0.0022626761287667,0.0022626761287667,0.0022626761287667,0.0022626761287667,0.0022626761287667
2017-01-06,-0.0001,-0.0001,-0.002154951257055,-0.0001,-0.0001,-0.002154951257055,-0.0001,-0.0001,-0.002154951257055
2017-01-09,0.0,0.003962114356232,0.004062114356232,0.0,0.003962114356232,0.004062114356232,0.0,0.003962114356232,0.004062114356232
2017-01-10,-0.0005609002919034,-0.0004609002919034,-0.0004609002919034,-0.0005609002919034,-0.0004609002919034,-0.0004609002919034,-0.0005609002919034,-0.0004609002919034,-0.0004609002919034
2017-01-11,-0.0032790244902142,-0.0032790244902142,-0.0032790244902142,-0.0032790244902142,-0.0032790244902142,-0.0032790244902142,-0.0032790244902142,-0.0032790244902142,-0.0032790244902142
2017-01-12,0.0008738562763441,0.0008738562763441,0.0008738562763441,0.0008738562763441,0.0008738562763441,0.0008738562763441,0.0008738562763441,0.0008738562763441,0.0008738562763441
2017-01-13,0.0014380360536181,0.0014380360536181,0.0014380360536181,0.0014380360536181,0.0014380360536181,0.0014380360536181,0.0014380360536181,0.0014380360536181,0.0014380360536181
2017-01-16,-0.0065131545207447,-0.0065131545207447,-0.0065131545207447,-0.0065131545207447,-0.0065131545207447,-0.0065131545207447,-0.0065131545207447,-0.0065131545207447,-0.0065131545207447
2017-01-17,-0.0026842865992153,-0.0026842865992153,-0.0026842865992153,-0.0026842865992153,-0.0026842865992153,-0.0026842865992153,-0.0026842865992153,-0.0026842865992153,-0.0026842865992153
2017-01-19,0.002677446451071,0.002677446451071,0.002677446451071,0.002677446451071,0.002677446451071,0.002677446451071,0.002677446451071,0.002677446451071,0.002677446451071
2017-01-20,0.0028797319231372,0.0028797319231372,0.0028797319231372,0.0028797319231372,0.0028797319231372,0.0028797319231372,0.0028797319231372,0.0028797319231372,0.0028797319231372
2017-01-23,-0.0001,-0.0001,-0.0006787094079565,-0.0001,-0.0001,-0.0006787094079565,-0.0001,-0.0001,-0.0006787094079565
2017-01-24,-0.0085635076537276,-0.0085635076537276,-0.0084635076537276,-0.0085635076537276,-0.0085635076537276,-0.0084635076537276,-0.0085635076537276,-0.0085635076537276,-0.0084635076537276
2017-01-25,-0.0031086990884662,-0.0031086990884662,-0.0031086990884662,-0.0031086990884662,-0.0031086990884662,-0.0031086990884662,-0.0031086990884662,-0.0031086990884662,-0.0031086990884662
2017-01-26,-0.0001,-0.0001,-0.0001,-0.0001,-0.0001,-0.0001,-0.0001,-0.0001,-0.0001
2017-02-03,-0.008321067147554699,-0.008321067147554699,-0.008321067147554699,-0.008321067147554699,-0.008321067147554699,-0.008321067147554699,-0.008321067147554699,-0.008321067147554699,-0.008321067147554699
2017-02-06,-0.0013904486870957,-0.0013904486870957,-0.0013904486870957,-0.0001,-0.0001,-0.0001,-0.0001,-0.0001,-0.0001
2017-02-07,0.0033738552990951,0.0033738552990951,0.0033738552990951,0.0032738552990951002,0.0032738552990951002,0.0032738552990951002,0.0032738552990951002,0.0032738552990951002,0.0032738552990951002
2017-02-08,0.00533731853117,0.00533731853117,0.00533731853117,0.00533731853117,0.00533731853117,0.00533731853117,0.00533731853117,0.00533731853117,0.00533731853117
2017-02-09,0.0011148863877679,0.0011148863877679,0.0011148863877679,0.0011148863877679,0.0011148863877679,0.0011148863877679,0.0011148863877679,0.0011148863877679,0.0011148863877679
2017-02-10,-0.0001,-0.0001,-0.0001,0.0007424298668929,0.0007424298668929,0.0007424298668929,0.0007424298668929,0.0007424298668929,0.0007424298668929
2017-02-13,0.0040863176302260995,0.0040863176302260995,0.0040863176302260995,0.0041863176302261,0.0041863176302261,0.0041863176302261,0.0041863176302261,0.0041863176302261,0.0041863176302261
2017-02-14,-0.0026912928759893,-0.0026912928759893,-0.0026912928759893,-0.0026912928759893,-0.0026912928759893,-0.0026912928759893,-0.0026912928759893,-0.0026912928759893,-0.0026912928759893
2017-02-15,-0.0001,-0.0001,-0.0001,-0.0001,-0.0001,-0.0001,-0.0020106883962114,-0.0020106883962114,-0.0020106883962114
2017-02-16,0.008807268967710901,0.008807268967710901,0.008807268967710901,0.008807268967710901,0.008807268967710901,0.008807268967710901,0.0089072689677109,0.0089072689677109,0.0089072689677109
2017-02-17,-0.0002627568448156,-0.0002627568448156,-0.0002627568448156,-0.0001,-0.0001,-0.0002627568448156,-0.0001,-0.0001,-0.0002627568448156
2017-02-20,0.0053090832632463,0.0053090832632463,0.0053090832632463,0.0052090832632462995,0.0052090832632462995,0.0053090832632463,0.0052090832632462995,0.0052090832632462995,0.0053090832632463
2017-02-21,-0.005908496732026,-0.005908496732026,-0.005908496732026,-0.005908496732026,-0.005908496732026,-0.005908496732026,-0.005908496732026,-0.005908496732026,-0.005908496732026
2017-02-22,0.0058910162002945,0.0058910162002945,0.0058910162002945,0.0058910162002945,0.0058910162002945,0.0058910162002945,0.0058910162002945,0.0058910162002945,0.0058910162002945
2017-02-23,-0.000104580631667,-0.000104580631667,-0.000104580631667,-0.000104580631667,-0.000104580631667,-0.000104580631667,-0.000104580631667,-0.000104580631667,-0.000104580631667
2017-02-24,0.0004706620646375,0.0004706620646375,0.0004706620646375,0.0004706620646375,0.0004706620646375,0.0004706620646375,0.0004706620646375,0.0004706620646375,0.0004706620646375
2017-02-27,-0.0001,-0.0001,-0.0009408812921436,-0.0001,-0.0001,-0.0009408812921436,-0.0009408812921436,-0.0009408812921436,-0.0009408812921436
2017-02-28,0.0026729817401769003,0.0026729817401769003,0.0027729817401769,0.0026729817401769003,0.0026729817401769003,0.0027729817401769,0.0027729817401769,0.0027729817401769,0.0027729817401769
2017-03-01,-0.0068350203485338,-0.0068350203485338,-0.0068350203485338,-0.0068350203485338,-0.0068350203485338,-0.0068350203485338,-0.0068350203485338,-0.0068350203485338,-0.0068350203485338
2017-03-02,-0.0001,-0.0001,-0.0001,-0.0001,-0.0001,-0.0001,-0.0001,-0.0001,-0.0001
2017-03-03,-0.0015719024338958,-0.0015719024338958,-0.0015719024338958,-0.0015719024338958,-0.0015719024338958,-0.0015719024338958,-0.0015719024338958,-0.0015719024338958,-0.0015719024338958
2017-03-06,-0.0004211634640693,-0.0004211634640693,-0.0004211634640693,-0.0001,-0.0001,-0.0004211634640693,-0.0001,-0.0001,-0.0004211634640693
2017-03-07,-0.0001,-0.0001,0.002317375046084,0.0,0.0,0.002317375046084,0.0,0.0,0.002317375046084
2017-03-08,-0.0,-0.0,-0.0001,-0.0,-0.0,-0.0001,-0.0,-0.0,-0.0001
2017-03-09,-0.0,-0.0,-0.0014203063110641001,-0.0,-0.0,-0.0014203063110641001,-0.0,-0.0,-0.0014203063110641001
2017-03-10,0.0013278159703858999,0.0013278159703858999,0.0014278159703859,0.0,0.0,-0.0001,0.0,0.0,-0.0001
2017-03-13,0.0083962612874266,0.0083962612874266,0.0083962612874266,0.0082962612874266,0.0082962612874266,0.0082962612874266,0.0082962612874266,0.0082962612874266,0.0082962612874266
2017-03-14,0.000733137829912,0.000733137829912,0.000733137829912,0.000733137829912,0.000733137829912,0.000733137829912,0.000733137829912,0.000733137829912,0.000733137829912
2017-03-15,0.0012558869701726,0.0012558869701726,0.0012558869701726,0.0012558869701726,0.0012558869701726,0.0012558869701726,0.0012558869701726,0.0012558869701726,0.0012558869701726
2017-03-16,0.0071600292672728,0.0071600292672728,0.0071600292672728,0.0071600292672728,0.0071600292672728,0.0071600292672728,0.0071600292672728,0.0071600292672728,0.0071600292672728
2017-03-17,-0.0001,-0.0001,-0.0001,-0.0001,-0.0001,-0.0001,-0.0007783716465155,-0.0007783716465155,-0.0007783716465155
2017-03-20,0.0007828417116740999,0.0007828417116740999,0.0007828417116740999,0.0007828417116740999,0.0007828417116740999,0.0007828417116740999,0.0008828417116741,0.0008828417116741,0.0008828417116741
2017-03-21,0.0022311005032948,0.0022311005032948,0.0022311005032948,0.0022311005032948,0.0022311005032948,0.0022311005032948,0.0022311005032948,0.0022311005032948,0.0022311005032948
2017-03-22,0.0,0.0,0.0,0.0,0.0,0.0,0.0,0.0,0.0
2017-03-23,0.001242493269828,0.001242493269828,0.001242493269828,0.001242493269828,0.001242493269828,0.001242493269828,0.001242493269828,0.001242493269828,0.001242493269828
2017-03-24,-0.0001,0.0063598759048604,0.0063598759048604,-0.0001,0.0063598759048604,0.0063598759048604,-0.0001,0.0063598759048604,0.0063598759048604
2017-03-27,-0.0,-5.1379540666807166e-05,-5.1379540666807166e-05,-0.0,-5.1379540666807166e-05,-5.1379540666807166e-05,-0.0,-5.1379540666807166e-05,-5.1379540666807166e-05
2017-03-28,-0.0,-0.0001,-0.0001,-0.0,-0.0001,-0.0001,-0.0,-0.0001,-0.0001
2017-03-29,-0.00015159426271794664,-0.00015159426271794664,-0.00015159426271794664,-0.00015159426271794664,-0.00015159426271794664,-0.00015159426271794664,-0.00015159426271794664,-0.00015159426271794664,-0.00015159426271794664
2017-03-30,-0.0005675661730561,-0.0005675661730561,-0.0005675661730561,-0.0005675661730561,-0.0005675661730561,-0.0005675661730561,-0.0005675661730561,-0.0005675661730561,-0.0005675661730561
2017-03-31,-0.0001,-0.0001,-0.0001,-0.0001,-0.0001,-0.0001,-0.0001,-0.0001,-0.0001
2017-04-05,-0.0031978934324658997,-0.0031978934324658997,-0.0031978934324658997,-0.0031978934324658997,-0.0031978934324658997,-0.0031978934324658997,-0.0031978934324658997,-0.0031978934324658997,-0.0031978934324658997
2017-04-06,0.0027967681789931,0.0027967681789931,0.0027967681789931,0.0027967681789931,0.0027967681789931,0.0027967681789931,0.0027967681789931,0.0027967681789931,0.0027967681789931
2017-04-07,0.0036153289949385,0.0036153289949385,0.0036153289949385,0.0036153289949385,0.0036153289949385,0.0036153289949385,0.0036153289949385,0.0036153289949385,0.0036153289949385
2017-04-10,-0.0033449979415397,-0.0033449979415397,-0.0033449979415397,-0.0033449979415397,-0.0033449979415397,-0.0033449979415397,-0.0033449979415397,-0.0033449979415397,-0.0033449979415397
2017-04-11,0.0010326844632624,0.0010326844632624,0.0010326844632624,0.0010326844632624,0.0010326844632624,0.0010326844632624,0.0010326844632624,0.0010326844632624,0.0010326844632624
2017-04-12,-0.0017021715582608,-0.0017021715582608,-0.0017021715582608,-0.0017021715582608,-0.0017021715582608,-0.0017021715582608,-0.0017021715582608,-0.0017021715582608,-0.0017021715582608
2017-04-13,0.0013950604526196,0.0013950604526196,0.0013950604526196,0.0013950604526196,0.0013950604526196,0.0013950604526196,0.0013950604526196,0.0013950604526196,0.0013950604526196
2017-04-14,-0.0042825447603322,-0.0042825447603322,-0.0042825447603322,-0.0042825447603322,-0.0042825447603322,-0.0042825447603322,-0.0042825447603322,-0.0042825447603322,-0.0042825447603322
2017-04-17,-0.0044046015131101,-0.0044046015131101,-0.0044046015131101,-0.0044046015131101,-0.0044046015131101,-0.0044046015131101,-0.0044046015131101,-0.0044046015131101,-0.0044046015131101
2017-04-18,-0.0001,-0.0001,0.0008848175714359,-0.0001,-0.0001,0.0008848175714359,-0.0001,-0.0001,0.0008848175714359
2017-04-19,0.0012000520020799999,0.0012000520020799999,0.00130005200208,0.0012000520020799999,0.0012000520020799999,0.00130005200208,0.0012000520020799999,0.0012000520020799999,0.00130005200208
2017-04-20,-0.0005193456245132,-0.0005193456245132,-0.0005193456245132,-0.0005193456245132,-0.0005193456245132,-0.0005193456245132,-0.0005193456245132,-0.0005193456245132,-0.0005193456245132
2017-04-21,-0.0040530007794232,-0.0040530007794232,-0.0040530007794232,-0.0040530007794232,-0.0040530007794232,-0.0040530007794232,-0.0040530007794232,-0.0040530007794232,-0.0040530007794232
2017-04-24,-0.0046433975061302,-0.0046433975061302,-0.0046433975061302,-0.0046433975061302,-0.0046433975061302,-0.0046433975061302,-0.0046433975061302,-0.0046433975061302,-0.0046433975061302
2017-04-25,0.0051368067931647,0.0051368067931647,0.0051368067931647,0.0051368067931647,0.0051368067931647,0.0051368067931647,0.0051368067931647,0.0051368067931647,0.0051368067931647
2017-04-26,0.0005214851898207,0.0005214851898207,0.0005214851898207,0.0005214851898207,0.0005214851898207,0.0005214851898207,0.0005214851898207,0.0005214851898207,0.0005214851898207
2017-04-27,-0.0001,-0.0001,-0.0001,-0.0001,-0.0001,-0.0001,-0.0001,-0.0001,-0.0001
2017-04-28,-0.002025178209064,-0.002025178209064,-0.002025178209064,-0.002025178209064,-0.002025178209064,-0.002025178209064,-0.002025178209064,-0.002025178209064,-0.002025178209064
2017-05-02,-0.0014075695964965,-0.0014075695964965,-0.0014075695964965,-0.0001,-0.0001,-0.0014075695964965,-0.0001,-0.0001,-0.0014075695964965
2017-05-03,-0.0011485251892455,-0.0011485251892455,-0.0011485251892455,-0.0012485251892455,-0.0012485251892455,-0.0011485251892455,-0.0012485251892455,-0.0012485251892455,-0.0011485251892455
2017-05-04,-0.0001,-0.0001,-0.0001,-0.0050697747347514,-0.0050697747347514,-0.0050697747347514,-0.0001,-0.0001,-0.0001
2017-05-05,0.0,0.00047785249001879997,0.00047785249001879997,-0.0001,0.0005778524900188,0.0005778524900188,0.0,0.00047785249001879997,0.00047785249001879997
2017-05-08,-0.0,-0.0001,-0.0001,-0.0,-0.0001,-0.0001,-0.0,-0.0001,-0.0001
2017-05-10,-0.0038823591980002,-0.0038823591980002,-0.0038823591980002,-0.0038823591980002,-0.0038823591980002,-0.0038823591980002,-0.0038823591980002,-0.0038823591980002,-0.0038823591980002
2017-05-11,-0.0001,0.0071009076348103,0.0071009076348103,0.0071009076348103,0.0071009076348103,0.0071009076348103,0.0071009076348103,0.0071009076348103,0.0071009076348103
2017-05-12,-0.0034928855431266,-0.0033928855431266,-0.0033928855431266,-0.0033928855431266,-0.0033928855431266,-0.0033928855431266,-0.0033928855431266,-0.0033928855431266,-0.0033928855431266
2017-05-15,0.0055322091600615,0.0055322091600615,0.0055322091600615,0.0055322091600615,0.0055322091600615,0.0055322091600615,0.0055322091600615,0.0055322091600615,0.0055322091600615
2017-05-16,-0.0020102629212294,-0.0020102629212294,-0.0020102629212294,-0.0020102629212294,-0.0020102629212294,-0.0020102629212294,-0.0020102629212294,-0.0020102629212294,-0.0020102629212294
2017-05-17,0.0012721971905644,0.0012721971905644,0.0012721971905644,0.0012721971905644,0.0012721971905644,0.0012721971905644,0.0012721971905644,0.0012721971905644,0.0012721971905644
2017-05-18,-0.0001,-0.0001,0.0027529249827942,-0.0001,-0.0001,0.0027529249827942,0.0027529249827942,0.0027529249827942,0.0027529249827942
2017-05-19,-0.0005751597064569,-0.0005751597064569,-0.0004751597064569,-0.0005751597064569,-0.0005751597064569,-0.0004751597064569,-0.0004751597064569,-0.0004751597064569,-0.0004751597064569
2017-05-22,-0.006074371434608,-0.006074371434608,-0.006074371434608,-0.006074371434608,-0.006074371434608,-0.006074371434608,-0.006074371434608,-0.006074371434608,-0.006074371434608
2017-05-23,-0.0002125737365148,-0.0002125737365148,-0.0002125737365148,-0.0002125737365148,-0.0002125737365148,-0.0002125737365148,-0.0002125737365148,-0.0002125737365148,-0.0002125737365148
2017-05-24,0.0025514272045925,0.0025514272045925,0.0025514272045925,0.0025514272045925,0.0025514272045925,0.0025514272045925,0.0025514272045925,0.0025514272045925,0.0025514272045925
2017-05-25,0.0009543502465403,0.0009543502465403,0.0009543502465403,0.0009543502465403,0.0009543502465403,0.0009543502465403,0.0009543502465403,0.0009543502465403,0.0009543502465403
2017-05-26,-0.0010064092377773,-0.0010064092377773,-0.0010064092377773,-0.0010064092377773,-0.0010064092377773,-0.0010064092377773,-0.0010064092377773,-0.0010064092377773,-0.0010064092377773
2017-05-31,0.0043478260869564,0.0043478260869564,0.0043478260869564,0.0043478260869564,0.0043478260869564,0.0043478260869564,0.0043478260869564,0.0043478260869564,0.0043478260869564
2017-06-01,0.0010558547143912,0.0010558547143912,0.0010558547143912,0.0010558547143912,0.0010558547143912,0.0010558547143912,0.0010558547143912,0.0010558547143912,0.0010558547143912
2017-06-02,-0.0003164223183208,-0.0003164223183208,-0.0003164223183208,-0.0003164223183208,-0.0003164223183208,-0.0003164223183208,-0.0003164223183208,-0.0003164223183208,-0.0003164223183208
2017-06-05,0.0024266722937329,0.0024266722937329,0.0024266722937329,0.0024266722937329,0.0024266722937329,0.0024266722937329,0.0024266722937329,0.0024266722937329,0.0024266722937329
2017-06-06,-0.0018419113777498,-0.0018419113777498,-0.0018419113777498,-0.0018419113777498,-0.0018419113777498,-0.0018419113777498,-0.0018419113777498,-0.0018419113777498,-0.0018419113777498
2017-06-07,-0.0001,-0.0001,0.0011071861654452,-0.0001,-0.0001,0.0011071861654452,-0.0001,-0.0001,0.0011071861654452
2017-06-08,-0.0,-0.0009426374552348,-0.0008426374552348,-0.0,-0.0009426374552348,-0.0008426374552348,-0.0,-0.0009426374552348,-0.0008426374552348
2017-06-09,0.0009014758591606999,0.0010014758591607,0.0010014758591607,0.0009014758591606999,0.0010014758591607,0.0010014758591607,0.0009014758591606999,0.0010014758591607,0.0010014758591607
2017-06-12,-0.0001,-0.0001,0.0040545521562846,0.0040545521562846,0.0040545521562846,0.0040545521562846,-0.0001,-0.0001,0.0040545521562846
2017-06-13,0.000896433815817,0.000896433815817,0.000996433815817,0.000996433815817,0.000996433815817,0.000996433815817,0.000896433815817,0.000896433815817,0.000996433815817
2017-06-14,0.0009430502436214,0.0009430502436214,0.0009430502436214,0.0009430502436214,0.0009430502436214,0.0009430502436214,0.0009430502436214,0.0009430502436214,0.0009430502436214
2017-06-15,-0.0009945040565296,-0.0009945040565296,-0.0009945040565296,-0.0009945040565296,-0.0009945040565296,-0.0009945040565296,-0.0009945040565296,-0.0009945040565296,-0.0009945040565296
2017-06-16,-0.0001,-0.0008907052289637,-0.0008907052289637,-0.0008907052289637,-0.0008907052289637,-0.0008907052289637,-0.0008907052289637,-0.0008907052289637,-0.0008907052289637
2017-06-19,0.0,0.0061356127746605,0.0061356127746605,-0.0001,0.0061356127746605,0.0061356127746605,0.0061356127746605,0.0061356127746605,0.0061356127746605
2017-06-20,-0.0010903054310436,-0.0009903054310436,-0.0009903054310436,-0.0010903054310436,-0.0009903054310436,-0.0009903054310436,-0.0009903054310436,-0.0009903054310436,-0.0009903054310436
2017-06-21,-0.0036521103980799,-0.0036521103980799,-0.0036521103980799,-0.0036521103980799,-0.0036521103980799,-0.0036521103980799,-0.0036521103980799,-0.0036521103980799,-0.0036521103980799
2017-06-22,-0.0027229407760381,-0.0027229407760381,-0.0027229407760381,-0.0027229407760381,-0.0027229407760381,-0.0027229407760381,-0.0027229407760381,-0.0027229407760381,-0.0027229407760381
2017-06-23,-0.0001,-0.0001,-0.0001,-0.0001,-0.0001,-0.0001,-0.0001,-0.0001,-0.0001
2017-06-26,0.0,0.0,0.0033583944665689,0.0,0.0,0.0033583944665689,0.0,0.0,0.0033583944665689
2017-06-27,-0.0005699738903394001,-0.0005699738903394001,-0.0004699738903394,-0.0005699738903394001,-0.0005699738903394001,-0.0004699738903394,-0.0005699738903394001,-0.0005699738903394001,-0.0004699738903394
2017-06-28,-0.0012538529857374,-0.0012538529857374,-0.0012538529857374,-0.0012538529857374,-0.0012538529857374,-0.0012538529857374,-0.0012538529857374,-0.0012538529857374,-0.0012538529857374
2017-06-29,-0.0017785217345817,-0.0017785217345817,-0.0017785217345817,-0.0017785217345817,-0.0017785217345817,-0.0017785217345817,-0.0017785217345817,-0.0017785217345817,-0.0017785217345817
2017-06-30,-0.0001,-0.0001,-0.0014672745375464,-0.0001,-0.0001,-0.0014672745375464,-0.0001,-0.0001,-0.0014672745375464
2017-07-03,-0.0040359748097612,-0.0040359748097612,-0.0039359748097612,-0.0040359748097612,-0.0040359748097612,-0.0039359748097612,-0.0040359748097612,-0.0040359748097612,-0.0039359748097612
2017-07-04,0.0010010537407798,0.0010010537407798,0.0010010537407798,-0.0001,0.0010010537407798,0.0010010537407798,0.0010010537407798,0.0010010537407798,0.0010010537407798
2017-07-05,-0.0001,-0.0001,-0.0001,0.0,-0.0001,-0.0001,0.002526448760461,0.002526448760461,0.002526448760461
2017-07-06,0.0011075392450254,0.0011075392450254,0.0011075392450254,0.0011075392450254,0.0011075392450254,0.0011075392450254,0.0012075392450254,0.0012075392450254,0.0012075392450254
2017-07-07,-0.002464604090194,-0.002464604090194,-0.002464604090194,-0.0001,-0.002464604090194,-0.002464604090194,-0.0001,-0.002464604090194,-0.002464604090194
2017-07-10,-0.0002102717762707,-0.0002102717762707,-0.0002102717762707,-0.0003102717762707,-0.0002102717762707,-0.0002102717762707,-0.0003102717762707,-0.0002102717762707,-0.0002102717762707
2017-07-11,0.000999000999001,0.000999000999001,0.000999000999001,0.000999000999001,0.000999000999001,0.000999000999001,0.000999000999001,0.000999000999001,0.000999000999001
2017-07-12,0.0008404244143291,0.0008404244143291,0.0008404244143291,0.0008404244143291,0.0008404244143291,0.0008404244143291,0.0008404244143291,0.0008404244143291,0.0008404244143291
2017-07-13,-0.0001,-0.0001,0.0014170252965257,-0.0001,-0.0001,0.0014170252965257,-0.0001,-0.0001,0.0014170252965257
2017-07-14,-0.0,-0.0002048163094178,-0.0001048163094178,-0.0,-0.0002048163094178,-0.0001048163094178,-0.0,-0.0002048163094178,-0.0001048163094178
2017-07-17,5.7240945542099994e-05,0.0001572409455421,0.0001572409455421,5.7240945542099994e-05,0.0001572409455421,0.0001572409455421,5.7240945542099994e-05,0.0001572409455421,0.0001572409455421
2017-07-18,-0.0001,-0.0001,-0.0001,-0.0001,-0.0001,-0.0001,-0.0001,-0.0001,-0.0001
2017-07-19,-0.0004678982498556,-0.0004678982498556,-0.0004678982498556,-0.0004678982498556,-0.0004678982498556,-0.0004678982498556,-0.0004678982498556,-0.0004678982498556,-0.0004678982498556
2017-07-20,0.0025236593059938,0.0025236593059938,0.0025236593059938,-0.0001,0.0025236593059938,0.0025236593059938,-0.0001,0.0025236593059938,0.0025236593059938
2017-07-21,-0.0001,-0.0001,-0.0012586532410321,-0.0,-0.0001,-0.0012586532410321,-0.0,-0.0001,-0.0012586532410321
2017-07-24,0.0011077294685989999,0.0011077294685989999,0.001207729468599,0.0011077294685989999,0.0011077294685989999,0.001207729468599,0.0,0.0011077294685989999,0.001207729468599
2017-07-25,-0.002255205328578,-0.002255205328578,-0.002255205328578,-0.002255205328578,-0.002255205328578,-0.002255205328578,-0.002355205328578,-0.002255205328578,-0.002255205328578
2017-07-26,-0.0001,-0.0001,-0.0001,-0.0028385197645081,-0.0028385197645081,-0.0028385197645081,-0.0001,-0.0001,-0.0001
2017-07-27,0.0020085925144965,0.0020085925144965,0.0020085925144965,0.0021085925144965,0.0021085925144965,0.0021085925144965,0.0020085925144965,0.0020085925144965,0.0020085925144965
2017-07-28,-0.0009468700683851,-0.0009468700683851,-0.0009468700683851,-0.0001,-0.0001,-0.0001,-0.0001,-0.0001,-0.0001
2017-07-31,-0.0028959561920808,-0.0028959561920808,-0.0028959561920808,-0.0029959561920807998,-0.0029959561920807998,-0.0029959561920807998,-0.0029959561920807998,-0.0029959561920807998,-0.0029959561920807998
2017-08-01,-0.0001,-0.0001,-0.0001,-0.0001,-0.0001,-0.0001,-0.0001,-0.0001,-0.0001
2017-08-03,0.0,0.0,0.0016979904812267999,0.0,0.0,0.0016979904812267999,0.0,0.0,0.0016979904812267999
2017-08-04,0.0001111486486486,0.0001111486486486,0.0002111486486486,0.0001111486486486,0.0001111486486486,0.0002111486486486,0.0001111486486486,0.0001111486486486,0.0002111486486486
2017-08-07,-0.0037470973189781,-0.0037470973189781,-0.0037470973189781,-0.0037470973189781,-0.0037470973189781,-0.0037470973189781,-0.0037470973189781,-0.0037470973189781,-0.0037470973189781
2017-08-09,-0.0001059827248158,-0.0001059827248158,-0.0001059827248158,-0.0001059827248158,-0.0001059827248158,-0.0001059827248158,-0.0001059827248158,-0.0001059827248158,-0.0001059827248158
2017-08-10,0.0015369123959934,0.0015369123959934,0.0015369123959934,0.0015369123959934,0.0015369123959934,0.0015369123959934,0.0015369123959934,0.0015369123959934,0.0015369123959934
2017-08-11,0.0016933008783999,0.0016933008783999,0.0016933008783999,0.0016933008783999,0.0016933008783999,0.0016933008783999,0.0016933008783999,0.0016933008783999,0.0016933008783999
2017-08-14,0.0031695721077653,0.0031695721077653,0.0031695721077653,0.0031695721077653,0.0031695721077653,0.0031695721077653,0.0031695721077653,0.0031695721077653,0.0031695721077653
2017-08-15,-0.0001,-0.0001,0.0002632964718272,-0.0001,-0.0001,0.0002632964718272,0.0002632964718272,0.0002632964718272,0.0002632964718272
2017-08-16,-0.0006790997630954001,-0.0006790997630954001,-0.0005790997630954,-0.0006790997630954001,-0.0006790997630954001,-0.0005790997630954,-0.0005790997630954,-0.0005790997630954,-0.0005790997630954
2017-08-17,0.0003687315634217,0.0003687315634217,0.0003687315634217,0.0003687315634217,0.0003687315634217,0.0003687315634217,0.0003687315634217,0.0003687315634217,0.0003687315634217
2017-08-18,-0.0003685956505712,-0.0003685956505712,-0.0003685956505712,-0.0003685956505712,-0.0003685956505712,-0.0003685956505712,-0.0003685956505712,-0.0003685956505712,-0.0003685956505712
2017-08-21,-0.0001,-0.0010008428150021,-0.0010008428150021,-0.0001,-0.0010008428150021,-0.0010008428150021,-0.0001,-0.0010008428150021,-0.0010008428150021
2017-08-22,-0.000205457421566,-0.000105457421566,-0.000105457421566,-0.000205457421566,-0.000105457421566,-0.000105457421566,-0.000205457421566,-0.000105457421566,-0.000105457421566
2017-08-23,-0.0001,-0.0001,-0.0001,-0.0001,-0.0001,-0.0001,-0.0001,-0.0001,-0.0001
2017-08-24,-0.0,-0.0005749841671944,-0.0005749841671944,-0.0,-0.0005749841671944,-0.0005749841671944,-0.0,-0.0005749841671944,-0.0005749841671944
2017-08-25,-0.0009976186704682,-0.0008976186704682,-0.0008976186704682,-0.0,-0.0001,-0.0008976186704682,-0.0,-0.0001,-0.0008976186704682
2017-08-28,-0.0011098192580065,-0.0011098192580065,-0.0011098192580065,-0.0012098192580065,-0.0012098192580065,-0.0011098192580065,-0.0012098192580065,-0.0012098192580065,-0.0011098192580065
2017-08-29,-0.0001,-0.0001,-0.0001,-0.0001,-0.0001,-0.0001,-0.0001,-0.0001,-0.0001
2017-08-30,0.0,0.0008505703422052,0.0008505703422052,0.0,0.0008505703422052,0.0008505703422052,0.0,0.0008505703422052,0.0008505703422052
2017-08-31,0.0007441489922972,0.0008441489922972,0.0008441489922972,0.0,0.0008441489922972,0.0008441489922972,0.0,0.0008441489922972,0.0008441489922972
2017-09-01,-0.0001,-0.0001,-0.0001,-0.0,-0.0001,-0.0001,-0.0,-0.0001,-0.0001
2017-09-04,-0.0004167062549485,-0.0004167062549485,-0.0004167062549485,-0.0004167062549485,-0.0004167062549485,-0.0004167062549485,-0.0004167062549485,-0.0004167062549485,-0.0004167062549485
2017-09-05,-0.0021120439305136,-0.0021120439305136,-0.0021120439305136,-0.0021120439305136,-0.0021120439305136,-0.0021120439305136,-0.0021120439305136,-0.0021120439305136,-0.0021120439305136
2017-09-06,-0.0001,0.0022752526588707,0.0022752526588707,0.0022752526588707,0.0022752526588707,0.0022752526588707,0.0022752526588707,0.0022752526588707,0.0022752526588707
2017-09-07,0.0029091859360152,0.0030091859360152,0.0030091859360152,0.0030091859360152,0.0030091859360152,0.0030091859360152,0.0030091859360152,0.0030091859360152,0.0030091859360152
2017-09-08,0.0016842991736407,0.0016842991736407,0.0016842991736407,0.0016842991736407,0.0016842991736407,0.0016842991736407,0.0016842991736407,0.0016842991736407,0.0016842991736407
2017-09-11,-0.0001,-0.0001,-0.0001,-0.0001,-0.0001,-0.0001,-0.0011560086175187,-0.0011560086175187,-0.0011560086175187
2017-09-12,0.0007943132200536,0.0007943132200536,0.0007943132200536,0.0007943132200536,0.0007943132200536,0.0007943132200536,0.0008943132200536,0.0008943132200536,0.0008943132200536
2017-09-13,-0.0014191106906338,-0.0014191106906338,-0.0014191106906338,-0.0014191106906338,-0.0014191106906338,-0.0014191106906338,-0.0014191106906338,-0.0014191106906338,-0.0014191106906338
2017-09-14,0.0041581135849255,0.0041581135849255,0.0041581135849255,0.0041581135849255,0.0041581135849255,0.0041581135849255,0.0041581135849255,0.0041581135849255,0.0041581135849255
2017-09-15,-0.0001,-0.0001,-0.0001,-0.0001,-0.0001,-0.0001,-0.0001,-0.0001,-0.0001
2017-09-18,-0.0029839599391745996,-0.0029839599391745996,-0.0029839599391745996,-0.0029839599391745996,-0.0029839599391745996,-0.0029839599391745996,-0.0029839599391745996,-0.0029839599391745996,-0.0029839599391745996
2017-09-19,0.0011043331931006,0.0011043331931006,0.0011043331931006,-0.0001,-0.0001,0.0011043331931006,0.0011043331931006,0.0011043331931006,0.0011043331931006
2017-09-20,-0.0006828807059935,-0.0006828807059935,-0.0006828807059935,-0.0007828807059935,-0.0007828807059935,-0.0006828807059935,-0.0006828807059935,-0.0006828807059935,-0.0006828807059935
2017-09-21,-0.0015769554247266,-0.0015769554247266,-0.0015769554247266,-0.0015769554247266,-0.0015769554247266,-0.0015769554247266,-0.0015769554247266,-0.0015769554247266,-0.0015769554247266
2017-09-22,-0.0001,-0.0001,0.0015267979361903,-0.0001,-0.0001,0.0015267979361903,0.0015267979361903,0.0015267979361903,0.0015267979361903
2017-09-25,0.0011090627135573999,0.0011090627135573999,0.0012090627135574,0.0011090627135573999,0.0011090627135573999,0.0012090627135574,0.0012090627135574,0.0012090627135574,0.0012090627135574
2017-09-26,-5.250446287941024e-05,-5.250446287941024e-05,-5.250446287941024e-05,-5.250446287941024e-05,-5.250446287941024e-05,-5.250446287941024e-05,-5.250446287941024e-05,-5.250446287941024e-05,-5.250446287941024e-05
2017-09-27,-0.0006825938566552,-0.0006825938566552,-0.0006825938566552,-0.0006825938566552,-0.0006825938566552,-0.0006825938566552,-0.0006825938566552,-0.0006825938566552,-0.0006825938566552
2017-09-28,-0.0001,0.0010508617065994,0.0010508617065994,0.0010508617065994,0.0010508617065994,0.0010508617065994,0.0010508617065994,0.0010508617065994,0.0010508617065994
2017-09-29,-0.0008348309888726001,-0.0007348309888726,-0.0007348309888726,-0.0007348309888726,-0.0007348309888726,-0.0007348309888726,-0.0007348309888726,-0.0007348309888726,-0.0007348309888726
2017-10-09,-0.0034142241832125,-0.0034142241832125,-0.0034142241832125,-0.0034142241832125,-0.0034142241832125,-0.0034142241832125,-0.0034142241832125,-0.0034142241832125,-0.0034142241832125
2017-10-10,-0.0001,-0.0001,-0.0001,-0.0001,-0.0001,-0.0001,-0.0001,-0.0001,-0.0001
2017-10-11,-0.0,-0.0,-0.0006266761468373001,-0.0,-0.0,-0.0006266761468373001,-0.0,-0.0,-0.0006266761468373001
2017-10-12,-0.002945549876166,-0.002945549876166,-0.002845549876166,-0.0,-0.0,-0.0001,-0.0,-0.0,-0.0001
2017-10-13,0.0,0.0,0.0,0.0,0.0,-0.0001,0.0,0.0,-0.0001
2017-10-16,-0.0031707445965226,-0.0031707445965226,-0.0031707445965226,-0.0032707445965226,-0.0032707445965226,-0.0031707445965226,-0.0032707445965226,-0.0032707445965226,-0.0031707445965226
2017-10-17,-0.0033928855431266,-0.0033928855431266,-0.0033928855431266,-0.0033928855431266,-0.0033928855431266,-0.0033928855431266,-0.0033928855431266,-0.0033928855431266,-0.0033928855431266
2017-10-18,0.0004787488696207,0.0004787488696207,0.0004787488696207,0.0004787488696207,0.0004787488696207,0.0004787488696207,0.0004787488696207,0.0004787488696207,0.0004787488696207
2017-10-19,0.0014355593364525,0.0014355593364525,0.0014355593364525,0.0014355593364525,0.0014355593364525,0.0014355593364525,0.0014355593364525,0.0014355593364525,0.0014355593364525
2017-10-20,-0.0010087602867002,-0.0010087602867002,-0.0010087602867002,-0.0010087602867002,-0.0010087602867002,-0.0010087602867002,-0.0010087602867002,-0.0010087602867002,-0.0010087602867002
2017-10-23,0.0008503401360544,0.0008503401360544,0.0008503401360544,0.0008503401360544,0.0008503401360544,0.0008503401360544,0.0008503401360544,0.0008503401360544,0.0008503401360544
2017-10-24,-0.0001593033135088,-0.0001593033135088,-0.0001593033135088,-0.0001593033135088,-0.0001593033135088,-0.0001593033135088,-0.0001593033135088,-0.0001593033135088,-0.0001593033135088
2017-10-25,-0.0001,-0.0060544904137234,-0.0060544904137234,-0.0001,-0.0060544904137234,-0.0060544904137234,-0.0060544904137234,-0.0060544904137234,-0.0060544904137234
2017-10-26,0.0,-0.0001,-0.0001,0.0,-0.0001,-0.0001,-0.0001,-0.0001,-0.0001
2017-10-27,-0.0,-0.0,-0.0,-0.0,-0.0,-0.0,-0.0,-0.0,-0.0
2017-10-30,-0.007765505226480901,-0.007765505226480901,-0.007765505226480901,-0.007765505226480901,-0.007765505226480901,-0.007765505226480901,-0.007765505226480901,-0.007765505226480901,-0.007765505226480901
2017-10-31,0.001296456352636,0.001296456352636,0.001296456352636,0.001296456352636,0.001296456352636,0.001296456352636,-0.0001,-0.0001,-0.0001
2017-11-01,0.0027514026758739,0.0027514026758739,0.0027514026758739,0.0027514026758739,0.0027514026758739,0.0027514026758739,0.0026514026758739,0.0026514026758739,0.0026514026758739
2017-11-02,-0.0011298219185452,-0.0011298219185452,-0.0011298219185452,-0.0011298219185452,-0.0011298219185452,-0.0011298219185452,-0.0011298219185452,-0.0011298219185452,-0.0011298219185452
2017-11-03,0.0008079284713993,0.0008079284713993,0.0008079284713993,0.0008079284713993,0.0008079284713993,0.0008079284713993,0.0008079284713993,0.0008079284713993,0.0008079284713993
2017-11-06,-0.0001,-0.0001,0.0017221893331897,0.0017221893331897,0.0017221893331897,0.0017221893331897,0.0017221893331897,0.0017221893331897,0.0017221893331897
2017-11-07,-0.0040219900069843,-0.0040219900069843,-0.0039219900069843,-0.0039219900069843,-0.0039219900069843,-0.0039219900069843,-0.0039219900069843,-0.0039219900069843,-0.0039219900069843
2017-11-08,0.0016181229773462,0.0016181229773462,0.0016181229773462,0.0016181229773462,0.0016181229773462,0.0016181229773462,0.0016181229773462,0.0016181229773462,0.0016181229773462
2017-11-10,-0.0005926404827326,-0.0005926404827326,-0.0005926404827326,-0.0005926404827326,-0.0005926404827326,-0.0005926404827326,-0.0005926404827326,-0.0005926404827326,-0.0005926404827326
2017-11-13,-0.0067385444743934,-0.0067385444743934,-0.0067385444743934,-0.0067385444743934,-0.0067385444743934,-0.0067385444743934,-0.0067385444743934,-0.0067385444743934,-0.0067385444743934
2017-11-14,-0.0001,-0.0001,-0.0001,-0.0001,-0.0001,-0.0001,-0.0001,-0.0001,-0.0001
2017-11-15,-0.0,-0.0,-0.0002622586402724,-0.0,-0.0,-0.0002622586402724,-0.0,-0.0,-0.0002622586402724
2017-11-16,0.0030916044574271,0.0030916044574271,0.0031916044574271,0.0030916044574271,0.0030916044574271,0.0031916044574271,0.0030916044574271,0.0030916044574271,0.0031916044574271
2017-11-17,-0.0003235373416015,-0.0003235373416015,-0.0003235373416015,-0.0003235373416015,-0.0003235373416015,-0.0003235373416015,-0.0003235373416015,-0.0003235373416015,-0.0003235373416015
2017-11-20,-0.0009709261556717,-0.0009709261556717,-0.0009709261556717,-0.0009709261556717,-0.0009709261556717,-0.0009709261556717,-0.0009709261556717,-0.0009709261556717,-0.0009709261556717
2017-11-21,-0.0005399276496949,-0.0005399276496949,-0.0005399276496949,-0.0005399276496949,-0.0005399276496949,-0.0005399276496949,-0.0005399276496949,-0.0005399276496949,-0.0005399276496949
2017-11-22,-0.0054562152233808,-0.0054562152233808,-0.0054562152233808,-0.0054562152233808,-0.0054562152233808,-0.0054562152233808,-0.0054562152233808,-0.0054562152233808,-0.0054562152233808
2017-11-23,0.0005975013579577,0.0005975013579577,0.0005975013579577,0.0005975013579577,0.0005975013579577,0.0005975013579577,0.0005975013579577,0.0005975013579577,0.0005975013579577
2017-11-24,0.0040714402041148,0.0040714402041148,0.0040714402041148,0.0040714402041148,0.0040714402041148,0.0040714402041148,0.0040714402041148,0.0040714402041148,0.0040714402041148
2017-11-27,-0.0006487889273356,-0.0006487889273356,-0.0006487889273356,-0.0006487889273356,-0.0006487889273356,-0.0006487889273356,-0.0006487889273356,-0.0006487889273356,-0.0006487889273356
2017-11-28,-0.0012984202553559,-0.0012984202553559,-0.0012984202553559,-0.0012984202553559,-0.0012984202553559,-0.0012984202553559,-0.0012984202553559,-0.0012984202553559,-0.0012984202553559
2017-11-29,0.0073131094257854,0.0073131094257854,0.0073131094257854,0.0073131094257854,0.0073131094257854,0.0073131094257854,0.0073131094257854,0.0073131094257854,0.0073131094257854
2017-11-30,0.0006991126646949,0.0006991126646949,0.0006991126646949,0.0006991126646949,0.0006991126646949,0.0006991126646949,0.0006991126646949,0.0006991126646949,0.0006991126646949
2017-12-01,-0.0001,-0.0001,-0.0001,-0.0001,-0.0001,-0.0001,-0.0001,-0.0001,-0.0001
2017-12-04,7.550010754699994e-06,7.550010754699994e-06,7.550010754699994e-06,7.550010754699994e-06,7.550010754699994e-06,7.550010754699994e-06,7.550010754699994e-06,7.550010754699994e-06,7.550010754699994e-06
2017-12-05,-0.0004301537799762,-0.0004301537799762,-0.0004301537799762,-0.0004301537799762,-0.0004301537799762,-0.0004301537799762,-0.0004301537799762,-0.0004301537799762,-0.0004301537799762
2017-12-06,0.0003765465303926,0.0003765465303926,0.0003765465303926,0.0003765465303926,0.0003765465303926,0.0003765465303926,0.0003765465303926,0.0003765465303926,0.0003765465303926
2017-12-07,-0.001021670161854,-0.001021670161854,-0.001021670161854,-0.001021670161854,-0.001021670161854,-0.001021670161854,-0.001021670161854,-0.001021670161854,-0.001021670161854
2017-12-08,-0.0023145656152439,-0.0023145656152439,-0.0023145656152439,-0.0023145656152439,-0.0023145656152439,-0.0023145656152439,-0.0023145656152439,-0.0023145656152439,-0.0023145656152439
2017-12-11,-0.0001,-0.0001,-0.0021041273266791,-0.0021041273266791,-0.0021041273266791,-0.0021041273266791,-0.0001,-0.0001,-0.0021041273266791
2017-12-12,-0.0,-0.0,-0.0001,-0.0001,-0.0001,-0.0001,-0.0,-0.0,-0.0001
2017-12-13,0.00044115482439519997,0.00044115482439519997,0.00044115482439519997,0.00044115482439519997,0.00044115482439519997,0.00044115482439519997,0.00044115482439519997,0.00044115482439519997,0.00044115482439519997
2017-12-14,0.0020011898966953,0.0020011898966953,0.0020011898966953,-0.0001,0.0020011898966953,0.0020011898966953,0.0020011898966953,0.0020011898966953,0.0020011898966953
2017-12-15,0.0029688006045558,0.0029688006045558,0.0029688006045558,0.0028688006045558003,0.0029688006045558,0.0029688006045558,0.0029688006045558,0.0029688006045558,0.0029688006045558
2017-12-18,-0.0004843657499596,-0.0004843657499596,-0.0004843657499596,-0.0004843657499596,-0.0004843657499596,-0.0004843657499596,-0.0004843657499596,-0.0004843657499596,-0.0004843657499596
2017-12-19,-0.0004307559767392,-0.0004307559767392,-0.0004307559767392,-0.0004307559767392,-0.0004307559767392,-0.0004307559767392,-0.0004307559767392,-0.0004307559767392,-0.0004307559767392
2017-12-20,-0.0001,0.0005925447101917,0.0005925447101917,-0.0001,0.0005925447101917,0.0005925447101917,0.0005925447101917,0.0005925447101917,0.0005925447101917
2017-12-21,0.0,-0.0001,0.0002153432032301,0.0,-0.0001,0.0002153432032301,-0.0001,-0.0001,0.0002153432032301
2017-12-22,0.0033985736584316003,0.0033985736584316003,0.0034985736584316,0.0033985736584316003,0.0033985736584316003,0.0034985736584316,0.0033985736584316003,0.0033985736584316003,0.0034985736584316
2017-12-25,-0.0001,-0.0001,-0.0001,-0.0001,-0.0001,-0.0001,-0.0001,-0.0001,-0.0001
2017-12-26,-0.0016040825096691,-0.0016040825096691,-0.0016040825096691,-0.0016040825096691,-0.0016040825096691,-0.0016040825096691,-0.0016040825096691,-0.0016040825096691,-0.0016040825096691
2017-12-27,0.0005379814934365,0.0005379814934365,0.0005379814934365,0.0005379814934365,0.0005379814934365,0.0005379814934365,0.0005379814934365,0.0005379814934365,0.0005379814934365
2017-12-28,0.0010753844499409,0.0010753844499409,0.0010753844499409,0.0010753844499409,0.0010753844499409,0.0010753844499409,0.0010753844499409,0.0010753844499409,0.0010753844499409
2017-12-29,-0.0001,-0.0001,0.0008056719303899,0.0008056719303899,0.0008056719303899,0.0008056719303899,-0.0001,-0.0001,0.0008056719303899
2018-01-02,-0.0,-0.0,-0.0001,-0.0001,-0.0001,-0.0001,-0.0,-0.0,-0.0001
2018-01-03,-0.00015397236614845812,-0.00015397236614845812,-0.00015397236614845812,-0.00015397236614845812,-0.00015397236614845812,-0.00015397236614845812,-0.00015397236614845812,-0.00015397236614845812,-0.00015397236614845812
2018-01-04,-0.0001,-0.0001,-0.0001,-0.0001,-0.0001,-0.0001,-0.0001,-0.0001,-0.0001
2018-01-05,-0.0002622235440437,-0.0002622235440437,-0.0002622235440437,-0.0002622235440437,-0.0002622235440437,-0.0002622235440437,-0.0002622235440437,-0.0002622235440437,-0.0002622235440437
2018-01-08,0.0022174148188209,0.0022174148188209,0.0022174148188209,0.0022174148188209,0.0022174148188209,0.0022174148188209,0.0022174148188209,0.0022174148188209,0.0022174148188209
2018-01-09,-0.0001,-0.0001,-0.0001,-0.0001,-0.0001,-0.0001,-0.0001,-0.0001,-0.0001
2018-01-10,-0.0033921366506555997,-0.0033921366506555997,-0.0033921366506555997,-0.0033921366506555997,-0.0033921366506555997,-0.0033921366506555997,-0.0033921366506555997,-0.0033921366506555997,-0.0033921366506555997
2018-01-11,-0.0022742040285901,-0.0022742040285901,-0.0022742040285901,-0.0022742040285901,-0.0022742040285901,-0.0022742040285901,-0.0022742040285901,-0.0022742040285901,-0.0022742040285901
2018-01-12,-0.0001,-0.0001,-0.0001,0.0015738630196462,0.0015738630196462,0.0015738630196462,0.0015738630196462,0.0015738630196462,0.0015738630196462
2018-01-15,-0.0026467353020861,-0.0026467353020861,-0.0026467353020861,-0.0025467353020861,-0.0025467353020861,-0.0025467353020861,-0.0025467353020861,-0.0025467353020861,-0.0025467353020861
2018-01-16,-0.0001,-0.0001,-0.0001,-0.0001,-0.0001,-0.0001,-0.0001,-0.0001,-0.0001
2018-01-17,-0.0024920843753396997,-0.0024920843753396997,-0.0024920843753396997,-0.0024920843753396997,-0.0024920843753396997,-0.0024920843753396997,-0.0024920843753396997,-0.0024920843753396997,-0.0024920843753396997
2018-01-18,-0.0027792915531335,-0.0027792915531335,-0.0027792915531335,-0.0027792915531335,-0.0027792915531335,-0.0027792915531335,-0.0001,-0.0027792915531335,-0.0027792915531335
2018-01-19,0.0001092955899228,0.0001092955899228,0.0001092955899228,0.0001092955899228,0.0001092955899228,0.0001092955899228,9.295589922799993e-06,0.0001092955899228,0.0001092955899228
2018-01-22,-0.0001,-0.0001,0.003114583902519,0.003114583902519,0.003114583902519,0.003114583902519,-0.0001,-0.0001,0.003114583902519
2018-01-23,-0.00048130515306679997,-0.00048130515306679997,-0.0003813051530668,-0.0003813051530668,-0.0003813051530668,-0.0003813051530668,-0.00048130515306679997,-0.00048130515306679997,-0.0003813051530668
2018-01-24,0.0001634788294915,0.0001634788294915,0.0001634788294915,0.0001634788294915,0.0001634788294915,0.0001634788294915,0.0001634788294915,0.0001634788294915,0.0001634788294915
2018-01-25,0.0012531328320803,0.0012531328320803,0.0012531328320803,0.0012531328320803,0.0012531328320803,0.0012531328320803,0.0012531328320803,0.0012531328320803,0.0012531328320803
2018-01-26,0.0002176633835773,0.0002176633835773,0.0002176633835773,0.0002176633835773,0.0002176633835773,0.0002176633835773,0.0002176633835773,0.0002176633835773,0.0002176633835773
2018-01-29,-0.0004352320330777,-0.0004352320330777,-0.0004352320330777,-0.0004352320330777,-0.0004352320330777,-0.0004352320330777,-0.0004352320330777,-0.0004352320330777,-0.0004352320330777
2018-01-30,-0.0008708430849616,-0.0008708430849616,-0.0008708430849616,-0.0008708430849616,-0.0008708430849616,-0.0008708430849616,-0.0008708430849616,-0.0008708430849616,-0.0008708430849616
2018-01-31,0.0016887290951681,0.0016887290951681,0.0016887290951681,0.0016887290951681,0.0016887290951681,0.0016887290951681,0.0016887290951681,0.0016887290951681,0.0016887290951681
2018-02-01,-0.0001,0.0020665651511855,0.0020665651511855,-0.0001,0.0020665651511855,0.0020665651511855,-0.0001,0.0020665651511855,0.0020665651511855
2018-02-02,-0.0,-0.0001,-0.0017366764354715,-0.0,-0.0001,-0.0017366764354715,-0.0,-0.0001,-0.0017366764354715
2018-02-05,-0.0024377188213548,-0.0024377188213548,-0.0023377188213548,-0.0024377188213548,-0.0024377188213548,-0.0023377188213548,-0.0024377188213548,-0.0024377188213548,-0.0023377188213548
2018-02-06,-0.0001,-0.0001,-0.0001,-0.0001,-0.0001,-0.0001,-0.0001,-0.0001,-0.0001
2018-02-08,-0.0034727874545552,-0.0034727874545552,-0.0034727874545552,-0.0034727874545552,-0.0034727874545552,-0.0034727874545552,-0.0034727874545552,-0.0034727874545552,-0.0034727874545552
2018-02-09,0.0026681187040564,0.0026681187040564,0.0026681187040564,0.0026681187040564,0.0026681187040564,0.0026681187040564,0.0026681187040564,0.0026681187040564,0.0026681187040564
2018-02-12,-0.0001,-0.0001,0.0006516780710328,-0.0001,-0.0001,0.0006516780710328,-0.0001,-0.0001,0.0006516780710328
2018-02-13,-0.0012939650493867,-0.0012939650493867,-0.0011939650493867,-0.0012939650493867,-0.0012939650493867,-0.0011939650493867,-0.0012939650493867,-0.0012939650493867,-0.0011939650493867
2018-02-14,-0.0008693762225603,-0.0008693762225603,-0.0008693762225603,-0.0008693762225603,-0.0008693762225603,-0.0008693762225603,-0.0008693762225603,-0.0008693762225603,-0.0008693762225603
2018-02-22,-0.002610398085708,-0.002610398085708,-0.002610398085708,-0.002610398085708,-0.002610398085708,-0.002610398085708,-0.002610398085708,-0.002610398085708,-0.002610398085708
2018-02-23,0.0010359869138494,0.0010359869138494,0.0010359869138494,0.0010359869138494,0.0010359869138494,0.0010359869138494,0.0010359869138494,0.0010359869138494,0.0010359869138494
2018-02-26,0.0055558581622092,0.0055558581622092,0.0055558581622092,0.0055558581622092,0.0055558581622092,0.0055558581622092,0.0055558581622092,0.0055558581622092,0.0055558581622092
2018-02-27,-0.0001,-0.0001,-0.0001,-0.0001,-0.0001,-0.0001,-0.0001,-0.0001,-0.0001
2018-02-28,-0.0,-0.0,-0.0,-0.0,-0.0,-0.0,-0.0,-0.0,-0.0
2018-03-01,7.938906578999999e-06,7.938906578999999e-06,7.938906578999999e-06,0.0,7.938906578999999e-06,7.938906578999999e-06,0.0,7.938906578999999e-06,7.938906578999999e-06
2018-03-02,-0.0002158545140574,-0.0002158545140574,-0.0002158545140574,-0.0003158545140574,-0.0002158545140574,-0.0002158545140574,-0.0003158545140574,-0.0002158545140574,-0.0002158545140574
2018-03-05,-5.39752793221604e-05,-5.39752793221604e-05,-5.39752793221604e-05,-5.39752793221604e-05,-5.39752793221604e-05,-5.39752793221604e-05,-5.39752793221604e-05,-5.39752793221604e-05,-5.39752793221604e-05
2018-03-06,0.0038864298823275,0.0038864298823275,0.0038864298823275,0.0038864298823275,0.0038864298823275,0.0038864298823275,0.0038864298823275,0.0038864298823275,0.0038864298823275
2018-03-07,-0.0001,-0.0002688461124851,-0.0002688461124851,-0.0002688461124851,-0.0002688461124851,-0.0002688461124851,-0.0001,-0.0002688461124851,-0.0002688461124851
2018-03-08,-0.0003689184101544,-0.0002689184101544,-0.0002689184101544,-0.0002689184101544,-0.0002689184101544,-0.0002689184101544,-0.0003689184101544,-0.0002689184101544,-0.0002689184101544
2018-03-09,-0.0001075962986871,-0.0001075962986871,-0.0001075962986871,-0.0001075962986871,-0.0001075962986871,-0.0001075962986871,-0.0001075962986871,-0.0001075962986871,-0.0001075962986871
2018-03-12,0.0008608630151727,0.0008608630151727,0.0008608630151727,0.0008608630151727,0.0008608630151727,0.0008608630151727,0.0008608630151727,0.0008608630151727,0.0008608630151727
2018-03-13,-0.0033867326093969,-0.0033867326093969,-0.0033867326093969,-0.0033867326093969,-0.0033867326093969,-0.0033867326093969,-0.0033867326093969,-0.0033867326093969,-0.0033867326093969
2018-03-14,-0.0002697017099086,-0.0002697017099086,-0.0002697017099086,-0.0002697017099086,-0.0002697017099086,-0.0002697017099086,-0.0002697017099086,-0.0002697017099086,-0.0002697017099086
2018-03-15,-0.0001,-0.0001,-0.0001,-0.0001,-0.0001,-0.0001,-0.0001,-0.0001,-0.0001
2018-03-16,0.0001154940200409,0.0001154940200409,0.0001154940200409,0.0001154940200409,0.0001154940200409,0.0001154940200409,0.0001154940200409,0.0001154940200409,0.0001154940200409
2018-03-19,0.0009695141656791,0.0009695141656791,0.0009695141656791,-0.0001,-0.0001,0.0009695141656791,-0.0001,-0.0001,0.0009695141656791
2018-03-20,-0.0001,0.0032823934567369,0.0032823934567369,0.0,0.0031823934567369,0.0032823934567369,0.0,0.0031823934567369,0.0032823934567369
2018-03-21,-0.0006363368195225,-0.0005363368195225,-0.0005363368195225,-0.0006363368195225,-0.0005363368195225,-0.0005363368195225,-0.0006363368195225,-0.0005363368195225,-0.0005363368195225
2018-03-22,0.0023611483767105,0.0023611483767105,0.0023611483767105,-0.0001,0.0023611483767105,0.0023611483767105,-0.0001,0.0023611483767105,0.0023611483767105
2018-03-23,-0.0001,-0.0001,-0.0001,0.0,-0.0001,-0.0001,0.0,-0.0001,-0.0001
2018-03-26,-0.0019090880068106,-0.0019090880068106,-0.0019090880068106,-0.0019090880068106,-0.0019090880068106,-0.0019090880068106,-0.0019090880068106,-0.0019090880068106,-0.0019090880068106
2018-03-27,-0.0002132196162046,-0.0002132196162046,-0.0002132196162046,-0.0002132196162046,-0.0002132196162046,-0.0002132196162046,-0.0002132196162046,-0.0002132196162046,-0.0002132196162046
2018-03-28,-0.0003198976327575,-0.0003198976327575,-0.0003198976327575,-0.0003198976327575,-0.0003198976327575,-0.0003198976327575,-0.0003198976327575,-0.0003198976327575,-0.0003198976327575
2018-03-29,-0.0007466666666665,-0.0007466666666665,-0.0007466666666665,-0.0007466666666665,-0.0007466666666665,-0.0007466666666665,-0.0007466666666665,-0.0007466666666665,-0.0007466666666665
2018-03-30,-0.0004803586678052,-0.0004803586678052,-0.0004803586678052,-0.0004803586678052,-0.0004803586678052,-0.0004803586678052,-0.0004803586678052,-0.0004803586678052,-0.0004803586678052
2018-04-02,0.000160196507716,0.000160196507716,0.000160196507716,0.000160196507716,0.000160196507716,0.000160196507716,0.000160196507716,0.000160196507716,0.000160196507716
2018-04-03,-0.001922050186866,-0.001922050186866,-0.001922050186866,-0.001922050186866,-0.001922050186866,-0.001922050186866,-0.001922050186866,-0.001922050186866,-0.001922050186866
2018-04-04,0.0008558895902428,0.0008558895902428,0.0008558895902428,0.0008558895902428,0.0008558895902428,0.0008558895902428,0.0008558895902428,0.0008558895902428,0.0008558895902428
2018-04-09,0.0027792624265099,0.0027792624265099,0.0027792624265099,0.0027792624265099,0.0027792624265099,0.0027792624265099,0.0027792624265099,0.0027792624265099,0.0027792624265099
2018-04-10,-0.003091354866219,-0.003091354866219,-0.003091354866219,-0.003091354866219,-0.003091354866219,-0.003091354866219,-0.003091354866219,-0.003091354866219,-0.003091354866219
2018-04-11,0.0023524379811805,0.0023524379811805,0.0023524379811805,0.0023524379811805,0.0023524379811805,0.0023524379811805,0.0023524379811805,0.0023524379811805,0.0023524379811805
2018-04-12,0.0017068487305313,0.0017068487305313,0.0017068487305313,0.0017068487305313,0.0017068487305313,0.0017068487305313,0.0017068487305313,0.0017068487305313,0.0017068487305313
2018-04-13,-0.0002129925452609,-0.0002129925452609,-0.0002129925452609,-0.0002129925452609,-0.0002129925452609,-0.0002129925452609,-0.0002129925452609,-0.0002129925452609,-0.0002129925452609
2018-04-16,-0.0001,0.0050596506178099,0.0050596506178099,-0.0001,0.0050596506178099,0.0050596506178099,0.0050596506178099,0.0050596506178099,0.0050596506178099
2018-04-17,-0.0,-0.0001,-0.0001589740872237,-0.0,-0.0001,-0.0001589740872237,-0.0001,-0.0001,-0.0001589740872237
2018-04-18,0.0105529573881704,0.0105529573881704,0.0106529573881704,0.0105529573881704,0.0105529573881704,0.0106529573881704,0.0105529573881704,0.0105529573881704,0.0106529573881704
2018-04-19,-0.002359851067177,-0.002359851067177,-0.002359851067177,-0.002359851067177,-0.002359851067177,-0.002359851067177,-0.002359851067177,-0.002359851067177,-0.002359851067177
2018-04-20,-0.0004730866274179,-0.0004730866274179,-0.0004730866274179,-0.0004730866274179,-0.0004730866274179,-0.0004730866274179,-0.0004730866274179,-0.0004730866274179,-0.0004730866274179
2018-04-23,-0.0028398632658427,-0.0028398632658427,-0.0028398632658427,-0.0028398632658427,-0.0028398632658427,-0.0028398632658427,-0.0028398632658427,-0.0028398632658427,-0.0028398632658427
2018-04-24,0.001318495859923,0.001318495859923,0.001318495859923,0.001318495859923,0.001318495859923,0.001318495859923,0.001318495859923,0.001318495859923,0.001318495859923
2018-04-26,-0.002580849046666,-0.002580849046666,-0.002580849046666,-0.002580849046666,-0.002580849046666,-0.002580849046666,-0.002580849046666,-0.002580849046666,-0.002580849046666
2018-04-27,-0.0019538469662565,-0.0019538469662565,-0.0019538469662565,-0.0019538469662565,-0.0019538469662565,-0.0019538469662565,-0.0019538469662565,-0.0019538469662565,-0.0019538469662565
2018-05-02,-0.0011640211640211,-0.0011640211640211,-0.0011640211640211,-0.0011640211640211,-0.0011640211640211,-0.0011640211640211,-0.0011640211640211,-0.0011640211640211,-0.0011640211640211
2018-05-03,0.0021188685242081,0.0021188685242081,0.0021188685242081,0.0021188685242081,0.0021188685242081,0.0021188685242081,0.0021188685242081,0.0021188685242081,0.0021188685242081
2018-05-04,0.0019029495718363,0.0019029495718363,0.0019029495718363,0.0019029495718363,0.0019029495718363,0.0019029495718363,0.0019029495718363,0.0019029495718363,0.0019029495718363
2018-05-07,-0.0038514297773556,-0.0038514297773556,-0.0038514297773556,-0.0038514297773556,-0.0038514297773556,-0.0038514297773556,-0.0038514297773556,-0.0038514297773556,-0.0038514297773556
2018-05-08,-0.0001,-0.0001,-0.0039192839362321,-0.0001,-0.0001,-0.0039192839362321,-0.0001,-0.0001,-0.0039192839362321
2018-05-09,-0.0,-0.0,-0.0015951507417449,-0.0,-0.0,-0.0015951507417449,-0.0,-0.0,-0.0015951507417449
2018-05-10,0.0024563189007828,0.0024563189007828,0.0025563189007828,0.0024563189007828,0.0024563189007828,0.0025563189007828,0.0024563189007828,0.0024563189007828,0.0025563189007828
2018-05-11,-0.000265604249668,-0.000265604249668,-0.000265604249668,-0.0001,-0.000265604249668,-0.000265604249668,-0.0001,-0.000265604249668,-0.000265604249668
2018-05-14,5.3134962805678754e-05,5.3134962805678754e-05,5.3134962805678754e-05,-4.686503719432125e-05,5.3134962805678754e-05,5.3134962805678754e-05,-4.686503719432125e-05,5.3134962805678754e-05,5.3134962805678754e-05
2018-05-15,-0.0006907178152063,-0.0006907178152063,-0.0006907178152063,-0.0006907178152063,-0.0006907178152063,-0.0006907178152063,-0.0006907178152063,-0.0006907178152063,-0.0006907178152063
2018-05-16,0.0008507018290089,0.0008507018290089,0.0008507018290089,0.0008507018290089,0.0008507018290089,0.0008507018290089,0.0008507018290089,0.0008507018290089,0.0008507018290089
2018-05-18,-0.0001,-0.0001,-0.0001,-0.0001,-0.0001,-0.0001,-0.0001,-0.0001,-0.0001
2018-05-21,0.0023449877750611,0.0023449877750611,0.0023449877750611,0.0023449877750611,0.0023449877750611,0.0023449877750611,0.0023449877750611,0.0023449877750611,0.0023449877750611
2018-05-22,0.0038176033934251,0.0038176033934251,0.0038176033934251,0.0038176033934251,0.0038176033934251,0.0038176033934251,0.0038176033934251,0.0038176033934251,0.0038176033934251
2018-05-23,0.000105641242341,0.000105641242341,0.000105641242341,0.000105641242341,0.000105641242341,0.000105641242341,0.000105641242341,0.000105641242341,0.000105641242341
2018-05-24,-0.0001,-0.0001,-0.0010034857927537,-0.0010034857927537,-0.0010034857927537,-0.0010034857927537,-0.0001,-0.0001,-0.0010034857927537
2018-05-25,0.0052925455987310995,0.0052925455987310995,0.0053925455987311,0.0053925455987311,0.0053925455987311,0.0053925455987311,0.0052925455987310995,0.0052925455987310995,0.0053925455987311
2018-05-28,-0.0020507966556237,-0.0020507966556237,-0.0020507966556237,-0.0020507966556237,-0.0020507966556237,-0.0020507966556237,-0.0020507966556237,-0.0020507966556237,-0.0020507966556237
2018-05-29,-0.0001,-0.0001,-0.0001,-0.0001,-0.0001,-0.0001,-0.0001,-0.0001,-0.0001
2018-05-30,0.0008467704607617,0.0008467704607617,0.0008467704607617,0.0008467704607617,0.0008467704607617,0.0008467704607617,0.0008467704607617,0.0008467704607617,0.0008467704607617
2018-05-31,-0.0038885969521808,-0.0038885969521808,-0.0038885969521808,-0.0038885969521808,-0.0038885969521808,-0.0038885969521808,-0.0038885969521808,-0.0038885969521808,-0.0038885969521808
2018-06-01,0.0008968136737708,0.0008968136737708,0.0008968136737708,0.0008968136737708,0.0008968136737708,0.0008968136737708,0.0008968136737708,0.0008968136737708,0.0008968136737708
2018-06-04,-0.0001,-0.0023717914931744,-0.0023717914931744,-0.0023717914931744,-0.0023717914931744,-0.0023717914931744,-0.0001,-0.0023717914931744,-0.0023717914931744
2018-06-05,-0.0012622992392222001,-0.0011622992392222,-0.0011622992392222,-0.0011622992392222,-0.0011622992392222,-0.0011622992392222,-0.0012622992392222001,-0.0011622992392222,-0.0011622992392222
2018-06-06,-0.000105786522797,-0.000105786522797,-0.000105786522797,-0.0001,-0.000105786522797,-0.000105786522797,-0.0001,-0.000105786522797,-0.000105786522797
2018-06-07,-0.0001,-0.0001,-0.0006347862886162,-0.0,-0.0001,-0.0006347862886162,-0.0,-0.0001,-0.0006347862886162
2018-06-08,0.0024936904509846,0.0024936904509846,0.0025936904509846,0.0024936904509846,0.0024936904509846,0.0025936904509846,0.0024936904509846,0.0024936904509846,0.0025936904509846
2018-06-11,0.0,0.0,0.0,0.0,0.0,0.0,0.0,0.0,0.0
2018-06-12,-0.0001,-0.0001,-0.0037484821287154,-0.0001,-0.0001,-0.0037484821287154,-0.0001,-0.0001,-0.0037484821287154
2018-06-13,0.0028676735559087,0.0028676735559087,0.0029676735559087,0.0028676735559087,0.0028676735559087,0.0029676735559087,0.0028676735559087,0.0028676735559087,0.0029676735559087
2018-06-14,0.0031702419951391,0.0031702419951391,0.0031702419951391,0.0031702419951391,0.0031702419951391,0.0031702419951391,0.0031702419951391,0.0031702419951391,0.0031702419951391
2018-06-15,-0.0001,-0.0001,-0.0001,-0.0001,-0.0001,-0.0001,-0.0001,-0.0001,-0.0001
2018-06-19,0.0037378634141211004,0.0037378634141211004,0.0037378634141211004,0.0037378634141211004,0.0037378634141211004,0.0037378634141211004,0.0037378634141211004,0.0037378634141211004,0.0037378634141211004
2018-06-20,-0.0044516602073949,-0.0044516602073949,-0.0044516602073949,-0.0044516602073949,-0.0044516602073949,-0.0044516602073949,-0.0044516602073949,-0.0044516602073949,-0.0044516602073949
2018-06-21,-0.0001,-0.0001,0.0036824662002208,-0.0001,-0.0001,0.0036824662002208,0.0036824662002208,0.0036824662002208,0.0036824662002208
2018-06-22,0.0016296504009645,0.0016296504009645,0.0017296504009645,0.0016296504009645,0.0016296504009645,0.0017296504009645,0.0017296504009645,0.0017296504009645,0.0017296504009645
2018-06-25,-0.0027208036835496,-0.0027208036835496,-0.0027208036835496,-0.0027208036835496,-0.0027208036835496,-0.0027208036835496,-0.0027208036835496,-0.0027208036835496,-0.0027208036835496
2018-06-26,-0.0001,0.0006295907660021,0.0006295907660021,0.0006295907660021,0.0006295907660021,0.0006295907660021,0.0006295907660021,0.0006295907660021,0.0006295907660021
2018-06-27,0.0019973154362415003,0.0020973154362415,0.0020973154362415,0.0020973154362415,0.0020973154362415,0.0020973154362415,0.0020973154362415,0.0020973154362415,0.0020973154362415
2018-06-28,0.0016220175805776,0.0016220175805776,0.0016220175805776,0.0016220175805776,0.0016220175805776,0.0016220175805776,0.0016220175805776,0.0016220175805776,0.0016220175805776
2018-06-29,0.0016716293161991,0.0016716293161991,0.0016716293161991,0.0016716293161991,0.0016716293161991,0.0016716293161991,0.0016716293161991,0.0016716293161991,0.0016716293161991
2018-07-02,0.0022425032594524,0.0022425032594524,0.0022425032594524,0.0022425032594524,0.0022425032594524,0.0022425032594524,0.0022425032594524,0.0022425032594524,0.0022425032594524
2018-07-03,-0.0026537620980331,-0.0026537620980331,-0.0026537620980331,-0.0026537620980331,-0.0026537620980331,-0.0026537620980331,-0.0026537620980331,-0.0026537620980331,-0.0026537620980331
2018-07-04,-0.0001,-0.0001,-0.0001,-0.0001,-0.0001,-0.0001,-0.0006782490739291,-0.0006782490739291,-0.0006782490739291
2018-07-05,0.0005265009919598999,0.0005265009919598999,0.0005265009919598999,0.0005265009919598999,0.0005265009919598999,0.0005265009919598999,0.0006265009919599,0.0006265009919599,0.0006265009919599
2018-07-06,-0.002347907753313,-0.002347907753313,-0.002347907753313,-0.002347907753313,-0.002347907753313,-0.002347907753313,-0.002347907753313,-0.002347907753313,-0.002347907753313
2018-07-09,-0.0013074629987971,-0.0013074629987971,-0.0013074629987971,-0.0013074629987971,-0.0013074629987971,-0.0013074629987971,-0.0013074629987971,-0.0013074629987971,-0.0013074629987971
2018-07-10,0.0006284038542103,0.0006284038542103,0.0006284038542103,0.0006284038542103,0.0006284038542103,0.0006284038542103,0.0006284038542103,0.0006284038542103,0.0006284038542103
2018-07-11,-0.0001,-0.0001,-0.0001,-0.0001,-0.0001,-0.0001,-0.0001,-0.0001,-0.0001
2018-07-12,-0.0009348116456224001,-0.0009348116456224001,-0.0009348116456224001,-0.0009348116456224001,-0.0009348116456224001,-0.0009348116456224001,-0.0009348116456224001,-0.0009348116456224001,-0.0009348116456224001
2018-07-13,0.0021409921671018,0.0021409921671018,0.0021409921671018,0.0021409921671018,0.0021409921671018,0.0021409921671018,0.0021409921671018,0.0021409921671018,0.0021409921671018
2018-07-16,-0.0001,0.0015111250065134,0.0015111250065134,-0.0001,0.0015111250065134,0.0015111250065134,-0.0001,0.0015111250065134,0.0015111250065134
2018-07-17,-0.0003601456815816,-0.0002601456815816,-0.0002601456815816,-0.0003601456815816,-0.0002601456815816,-0.0002601456815816,-0.0003601456815816,-0.0002601456815816,-0.0002601456815816
2018-07-18,0.0001040853499869,0.0001040853499869,0.0001040853499869,0.0001040853499869,0.0001040853499869,0.0001040853499869,0.0001040853499869,0.0001040853499869,0.0001040853499869
2018-07-19,-0.0001,0.00317427277931,0.00317427277931,-0.0001,0.00317427277931,0.00317427277931,-0.0001,0.00317427277931,0.00317427277931
2018-07-20,-0.0082439983400767,-0.0081439983400767,-0.0081439983400767,-0.0082439983400767,-0.0081439983400767,-0.0081439983400767,-0.0082439983400767,-0.0081439983400767,-0.0081439983400767
2018-07-23,-0.0001,-0.0001,-0.0001,-0.0001,-0.0001,-0.0001,-0.0001,-0.0001,-0.0001
2018-07-24,-0.0038637219027705,-0.0038637219027705,-0.0038637219027705,-0.0038637219027705,-0.0038637219027705,-0.0038637219027705,-0.0038637219027705,-0.0038637219027705,-0.0038637219027705
2018-07-25,0.0013117850771329,0.0013117850771329,0.0013117850771329,0.0013117850771329,0.0013117850771329,0.0013117850771329,0.0013117850771329,0.0013117850771329,0.0013117850771329
2018-07-26,0.0008384425928837,0.0008384425928837,0.0008384425928837,0.0008384425928837,0.0008384425928837,0.0008384425928837,0.0008384425928837,0.0008384425928837,0.0008384425928837
2018-07-27,0.0005759463846273,0.0005759463846273,0.0005759463846273,0.0005759463846273,0.0005759463846273,0.0005759463846273,0.0005759463846273,0.0005759463846273,0.0005759463846273
2018-07-30,-0.0003139717425432,-0.0003139717425432,-0.0003139717425432,-0.0003139717425432,-0.0003139717425432,-0.0003139717425432,-0.0003139717425432,-0.0003139717425432,-0.0003139717425432
2018-07-31,-0.0001,-0.0001,-0.0001,-0.0001,-0.0001,-0.0001,0.0039782244556114,0.0039782244556114,0.0039782244556114
2018-08-01,0.0019855057351405004,0.0019855057351405004,0.0019855057351405004,0.0019855057351405004,0.0019855057351405004,0.0019855057351405004,0.0020855057351405,0.0020855057351405,0.0020855057351405
2018-08-02,-0.0012486992715919,-0.0012486992715919,-0.0012486992715919,-0.0012486992715919,-0.0012486992715919,-0.0012486992715919,-0.0012486992715919,-0.0012486992715919,-0.0012486992715919
2018-08-03,-0.0001,-0.0001,0.0019795790789747,-0.0001,-0.0001,0.0019795790789747,-0.0001,-0.0001,0.0019795790789747
2018-08-06,-0.0010358427784132,-0.0010358427784132,-0.0009358427784132,-0.0010358427784132,-0.0010358427784132,-0.0009358427784132,-0.0010358427784132,-0.0010358427784132,-0.0009358427784132
2018-08-07,-0.0019254787676936,-0.0019254787676936,-0.0019254787676936,-0.0019254787676936,-0.0019254787676936,-0.0019254787676936,-0.0019254787676936,-0.0019254787676936,-0.0019254787676936
2018-08-08,-0.0001,-0.0001,-0.0028677199019759,-0.0001,-0.0001,-0.0028677199019759,-0.0001,-0.0001,-0.0028677199019759
2018-08-09,-0.0028190964233424,-0.0028190964233424,-0.0027190964233424,-0.0028190964233424,-0.0028190964233424,-0.0027190964233424,-0.0028190964233424,-0.0028190964233424,-0.0027190964233424
2018-08-10,0.0002621644295301,0.0002621644295301,0.0002621644295301,0.0002621644295301,0.0002621644295301,0.0002621644295301,0.0002621644295301,0.0002621644295301,0.0002621644295301
2018-08-13,-0.0026733763170311,-0.0026733763170311,-0.0026733763170311,-0.0026733763170311,-0.0026733763170311,-0.0026733763170311,-0.0026733763170311,-0.0026733763170311,-0.0026733763170311
2018-08-15,-0.0027756203766854,-0.0027756203766854,-0.0026756203766854,-0.0026756203766854,-0.0026756203766854,-0.0026756203766854,-0.0027756203766854,-0.0027756203766854,-0.0026756203766854
2018-08-16,-0.0039452919516044,-0.0039452919516044,-0.0039452919516044,-0.0039452919516044,-0.0039452919516044,-0.0039452919516044,-0.0039452919516044,-0.0039452919516044,-0.0039452919516044
2018-08-17,-0.0020068655928174,-0.0020068655928174,-0.0020068655928174,-0.0020068655928174,-0.0020068655928174,-0.0020068655928174,-0.0020068655928174,-0.0020068655928174,-0.0020068655928174
2018-08-20,-0.0001,-0.0001,0.0011112875059533,0.0011112875059533,0.0011112875059533,0.0011112875059533,0.0011112875059533,0.0011112875059533,0.0011112875059533
2018-08-21,-4.7140289671354556e-05,-4.7140289671354556e-05,5.285971032864545e-05,5.285971032864545e-05,5.285971032864545e-05,5.285971032864545e-05,5.285971032864545e-05,5.285971032864545e-05,5.285971032864545e-05
2018-08-22,0.0016385644061525,0.0016385644061525,0.0016385644061525,0.0016385644061525,0.0016385644061525,0.0016385644061525,0.0016385644061525,0.0016385644061525,0.0016385644061525
2018-08-23,5.277044854867796e-05,5.277044854867796e-05,5.277044854867796e-05,5.277044854867796e-05,5.277044854867796e-05,5.277044854867796e-05,5.277044854867796e-05,5.277044854867796e-05,5.277044854867796e-05
2018-08-24,-0.0011608886074613,-0.0011608886074613,-0.0011608886074613,-0.0011608886074613,-0.0011608886074613,-0.0011608886074613,-0.0011608886074613,-0.0011608886074613,-0.0011608886074613
2018-08-27,-0.0002641449627555,-0.0002641449627555,-0.0002641449627555,-0.0002641449627555,-0.0002641449627555,-0.0002641449627555,-0.0002641449627555,-0.0002641449627555,-0.0002641449627555
2018-08-28,-0.0001,0.0020608750792643,0.0020608750792643,-0.0001,0.0020608750792643,0.0020608750792643,0.0020608750792643,0.0020608750792643,0.0020608750792643
2018-08-29,0.000163671360017,0.000263671360017,0.000263671360017,0.000163671360017,0.000263671360017,0.000263671360017,0.000263671360017,0.000263671360017,0.000263671360017
2018-08-30,0.0021615352172079,0.0021615352172079,0.0021615352172079,-0.0001,0.0021615352172079,0.0021615352172079,-0.0001,0.0021615352172079,0.0021615352172079
2018-08-31,0.0007890999000472,0.0007890999000472,0.0007890999000472,0.0006890999000472,0.0007890999000472,0.0007890999000472,0.0006890999000472,0.0007890999000472,0.0007890999000472
2018-09-03,-0.0001,-0.0001,-0.0001,-0.0001,-0.0001,-0.0001,-0.0001,-0.0001,-0.0001
2018-09-04,-0.0014695022386094,-0.0014695022386094,-0.0014695022386094,-0.0014695022386094,-0.0014695022386094,-0.0014695022386094,-0.0014695022386094,-0.0014695022386094,-0.0014695022386094
2018-09-05,-0.0011076533572446,-0.0011076533572446,-0.0011076533572446,-0.0011076533572446,-0.0011076533572446,-0.0011076533572446,-0.0011076533572446,-0.0011076533572446,-0.0011076533572446
2018-09-06,0.0005808427500264,0.0005808427500264,0.0005808427500264,0.0005808427500264,0.0005808427500264,0.0005808427500264,0.0005808427500264,0.0005808427500264,0.0005808427500264
2018-09-07,-0.0001,-0.0006332788009921,-0.0006332788009921,-0.0006332788009921,-0.0006332788009921,-0.0006332788009921,-0.0006332788009921,-0.0006332788009921,-0.0006332788009921
2018-09-10,-0.0,-0.0001,-0.0001,-0.0001,-0.0001,-0.0001,-0.0001,-0.0001,-0.0001
2018-09-11,-0.0,-0.0,-0.0030125185342089,-0.0,-0.0,-0.0030125185342089,-0.0,-0.0,-0.0030125185342089
2018-09-12,0.0,0.0,-0.0001,0.0,0.0,-0.0001,0.0,0.0,-0.0001
2018-09-13,0.0,0.0,0.0002710181798908,0.0,0.0,0.0002710181798908,0.0,0.0,0.0002710181798908
2018-09-14,0.00111860760835,0.00111860760835,0.00121860760835,0.00111860760835,0.00111860760835,0.00121860760835,0.00111860760835,0.00111860760835,0.00121860760835
2018-09-17,0.0006879398846377,0.0006879398846377,0.0006879398846377,0.0006879398846377,0.0006879398846377,0.0006879398846377,-0.0001,0.0006879398846377,0.0006879398846377
2018-09-18,-0.0016922263352723,-0.0016922263352723,-0.0016922263352723,-0.0016922263352723,-0.0016922263352723,-0.0016922263352723,-0.0017922263352723,-0.0016922263352723,-0.0016922263352723
2018-09-19,-0.0017480665324717,-0.0017480665324717,-0.0017480665324717,-0.0017480665324717,-0.0017480665324717,-0.0017480665324717,-0.0017480665324717,-0.0017480665324717,-0.0017480665324717
2018-09-20,-0.0001,-0.0001,-0.0030246749801008,-0.0001,-0.0001,-0.0030246749801008,-0.0030246749801008,-0.0030246749801008,-0.0030246749801008
2018-09-21,0.0025080476900149,0.0025080476900149,0.0026080476900149,0.0025080476900149,0.0025080476900149,0.0026080476900149,0.0026080476900149,0.0026080476900149,0.0026080476900149
2018-09-25,0.0002654350480435,0.0002654350480435,0.0002654350480435,0.0002654350480435,0.0002654350480435,0.0002654350480435,0.0002654350480435,0.0002654350480435,0.0002654350480435
2018-09-26,0.0026536461097548,0.0026536461097548,0.0026536461097548,0.0026536461097548,0.0026536461097548,0.0026536461097548,0.0026536461097548,0.0026536461097548,0.0026536461097548
2018-09-27,-0.0001,-0.0001,-0.0001,-0.0001,-0.0001,-0.0001,-0.0001,-0.0001,-0.0001
2018-09-28,0.000533412509897,0.000533412509897,0.000533412509897,0.000533412509897,0.000533412509897,0.000533412509897,0.000533412509897,0.000533412509897,0.000533412509897
2018-10-08,-0.0011605211795114,-0.0011605211795114,-0.0011605211795114,-0.0001,-0.0001,-0.0001,-0.0001,-0.0001,-0.0001
2018-10-09,-0.0001,-0.0001,-0.0001,0.0,0.0,0.0,0.0,0.0,0.0
2018-10-10,0.0002693151841301,0.0002693151841301,0.0002693151841301,0.0,0.0002693151841301,0.0002693151841301,0.0,0.0002693151841301,0.0002693151841301
2018-10-11,0.0037972680765783,0.0037972680765783,0.0037972680765783,0.0036972680765783,0.0037972680765783,0.0037972680765783,0.0036972680765783,0.0037972680765783,0.0037972680765783
2018-10-12,-0.0004728629222928,-0.0004728629222928,-0.0004728629222928,-0.0004728629222928,-0.0004728629222928,-0.0004728629222928,-0.0004728629222928,-0.0004728629222928,-0.0004728629222928
2018-10-15,-0.0013141295206055,-0.0013141295206055,-0.0013141295206055,-0.0013141295206055,-0.0013141295206055,-0.0013141295206055,-0.0013141295206055,-0.0013141295206055,-0.0013141295206055
2018-10-16,0.002526448760461,0.002526448760461,0.002526448760461,0.002526448760461,0.002526448760461,0.002526448760461,0.002526448760461,0.002526448760461,0.002526448760461
2018-10-17,-0.0001,-0.0001,-0.0001,-0.0001,-0.0001,-0.0001,-0.0007350238882762,-0.0007350238882762,-0.0007350238882762
2018-10-18,0.0033151211054482004,0.0033151211054482004,0.0033151211054482004,0.0033151211054482004,0.0033151211054482004,0.0033151211054482004,0.0034151211054482,0.0034151211054482,0.0034151211054482
2018-10-19,-0.0017802911299612,-0.0017802911299612,-0.0017802911299612,-0.0017802911299612,-0.0017802911299612,-0.0017802911299612,-0.0017802911299612,-0.0017802911299612,-0.0017802911299612
2018-10-22,-0.0017834662190514,-0.0017834662190514,-0.0017834662190514,-0.0017834662190514,-0.0017834662190514,-0.0017834662190514,-0.0017834662190514,-0.0017834662190514,-0.0017834662190514
2018-10-23,0.0018917498686283,0.0018917498686283,0.0018917498686283,0.0018917498686283,0.0018917498686283,0.0018917498686283,0.0018917498686283,0.0018917498686283,0.0018917498686283
2018-10-24,0.0014685828175811,0.0014685828175811,0.0014685828175811,0.0014685828175811,0.0014685828175811,0.0014685828175811,0.0014685828175811,0.0014685828175811,0.0014685828175811
2018-10-25,0.0006808421493662,0.0006808421493662,0.0006808421493662,0.0006808421493662,0.0006808421493662,0.0006808421493662,0.0006808421493662,0.0006808421493662,0.0006808421493662
2018-10-26,0.000261684199508,0.000261684199508,0.000261684199508,0.000261684199508,0.000261684199508,0.000261684199508,0.000261684199508,0.000261684199508,0.000261684199508
2018-10-29,0.0023022185014649,0.0023022185014649,0.0023022185014649,0.0023022185014649,0.0023022185014649,0.0023022185014649,0.0023022185014649,0.0023022185014649,0.0023022185014649
2018-10-30,-0.0001,-0.0003132177907705,-0.0003132177907705,-0.0001,-0.0003132177907705,-0.0003132177907705,-0.0003132177907705,-0.0003132177907705,-0.0003132177907705
2018-10-31,0.0005266318537859,0.0006266318537859,0.0006266318537859,0.0005266318537859,0.0006266318537859,0.0006266318537859,0.0006266318537859,0.0006266318537859,0.0006266318537859
2018-11-01,0.0014612253418224,0.0014612253418224,0.0014612253418224,0.0014612253418224,0.0014612253418224,0.0014612253418224,0.0014612253418224,0.0014612253418224,0.0014612253418224
2018-11-02,-0.0046899426784784,-0.0046899426784784,-0.0046899426784784,-0.0046899426784784,-0.0046899426784784,-0.0046899426784784,-0.0046899426784784,-0.0046899426784784,-0.0046899426784784
2018-11-05,0.0007853403141362,0.0007853403141362,0.0007853403141362,0.0007853403141362,0.0007853403141362,0.0007853403141362,0.0007853403141362,0.0007853403141362,0.0007853403141362
2018-11-06,0.0024588019879676,0.0024588019879676,0.0024588019879676,0.0024588019879676,0.0024588019879676,0.0024588019879676,0.0024588019879676,0.0024588019879676,0.0024588019879676
2018-11-07,0.0018265316772778,0.0018265316772778,0.0018265316772778,0.0018265316772778,0.0018265316772778,0.0018265316772778,0.0018265316772778,0.0018265316772778,0.0018265316772778
2018-11-08,0.0011460123977704,0.0011460123977704,0.0011460123977704,0.0011460123977704,0.0011460123977704,0.0011460123977704,0.0011460123977704,0.0011460123977704,0.0011460123977704
2018-11-09,-0.0001,-0.0009365731827879,-0.0009365731827879,-0.0001,-0.0009365731827879,-0.0009365731827879,-0.0009365731827879,-0.0009365731827879,-0.0009365731827879
2018-11-12,-0.0005166449664079,-0.0004166449664079,-0.0004166449664079,-0.0005166449664079,-0.0004166449664079,-0.0004166449664079,-0.0004166449664079,-0.0004166449664079,-0.0004166449664079
2018-11-13,0.0009899442505079,0.0009899442505079,0.0009899442505079,0.0009899442505079,0.0009899442505079,0.0009899442505079,0.0009899442505079,0.0009899442505079,0.0009899442505079
2018-11-15,0.0011406055578597,0.0011406055578597,0.0011406055578597,0.0011406055578597,0.0011406055578597,0.0011406055578597,0.0011406055578597,0.0011406055578597,0.0011406055578597
2018-11-16,0.0037804246504402,0.0037804246504402,0.0037804246504402,0.0037804246504402,0.0037804246504402,0.0037804246504402,0.0037804246504402,0.0037804246504402,0.0037804246504402
2018-11-19,-0.0013413816230718,-0.0013413816230718,-0.0013413816230718,-0.0013413816230718,-0.0013413816230718,-0.0013413816230718,-0.0013413816230718,-0.0013413816230718,-0.0013413816230718
2018-11-20,-0.0008265743658624,-0.0008265743658624,-0.0008265743658624,-0.0008265743658624,-0.0008265743658624,-0.0008265743658624,-0.0008265743658624,-0.0008265743658624,-0.0008265743658624
2018-11-21,0.0012925908691381,0.0012925908691381,0.0012925908691381,0.0012925908691381,0.0012925908691381,0.0012925908691381,0.0012925908691381,0.0012925908691381,0.0012925908691381
2018-11-22,-0.0024269338015078,-0.0024269338015078,-0.0024269338015078,-0.0024269338015078,-0.0024269338015078,-0.0024269338015078,-0.0024269338015078,-0.0024269338015078,-0.0024269338015078
2018-11-23,0.0007764377038148,0.0007764377038148,0.0007764377038148,0.0007764377038148,0.0007764377038148,0.0007764377038148,0.0007764377038148,0.0007764377038148,0.0007764377038148
2018-11-26,-0.0021206165304644,-0.0021206165304644,-0.0021206165304644,-0.0021206165304644,-0.0021206165304644,-0.0021206165304644,-0.0021206165304644,-0.0021206165304644,-0.0021206165304644
2018-11-27,0.0017104649354686,0.0017104649354686,0.0017104649354686,0.0017104649354686,0.0017104649354686,0.0017104649354686,0.0017104649354686,0.0017104649354686,0.0017104649354686
2018-11-28,0.0001552312946289,0.0001552312946289,0.0001552312946289,0.0001552312946289,0.0001552312946289,0.0001552312946289,0.0001552312946289,0.0001552312946289,0.0001552312946289
2018-11-29,0.0020176936209841,0.0020176936209841,0.0020176936209841,0.0020176936209841,0.0020176936209841,0.0020176936209841,0.0020176936209841,0.0020176936209841,0.0020176936209841
2018-11-30,-0.0016522098306485,-0.0016522098306485,-0.0016522098306485,-0.0016522098306485,-0.0016522098306485,-0.0016522098306485,-0.0016522098306485,-0.0016522098306485,-0.0016522098306485
2018-12-03,0.0015515101365328,0.0015515101365328,0.0015515101365328,0.0015515101365328,0.0015515101365328,0.0015515101365328,0.0015515101365328,0.0015515101365328,0.0015515101365328
2018-12-04,0.002375296912114,0.002375296912114,0.002375296912114,0.002375296912114,0.002375296912114,0.002375296912114,0.002375296912114,0.002375296912114,0.002375296912114
2018-12-05,-0.0003606016896764,-0.0003606016896764,-0.0003606016896764,-0.0003606016896764,-0.0003606016896764,-0.0003606016896764,-0.0003606016896764,-0.0003606016896764,-0.0003606016896764
2018-12-06,0.0015975264107188,0.0015975264107188,0.0015975264107188,0.0015975264107188,0.0015975264107188,0.0015975264107188,0.0015975264107188,0.0015975264107188,0.0015975264107188
2018-12-07,-0.0001029018316526,-0.0001029018316526,-0.0001029018316526,-0.0001029018316526,-0.0001029018316526,-0.0001029018316526,-0.0001029018316526,-0.0001029018316526,-0.0001029018316526
2018-12-10,0.0011834928475866,0.0011834928475866,0.0011834928475866,0.0011834928475866,0.0011834928475866,0.0011834928475866,0.0011834928475866,0.0011834928475866,0.0011834928475866
2018-12-11,-0.0004111630775555,-0.0004111630775555,-0.0004111630775555,-0.0004111630775555,-0.0004111630775555,-0.0004111630775555,-0.0004111630775555,-0.0004111630775555,-0.0004111630775555
2018-12-12,0.0005655817779832,0.0005655817779832,0.0005655817779832,0.0005655817779832,0.0005655817779832,0.0005655817779832,0.0005655817779832,0.0005655817779832,0.0005655817779832
2018-12-13,-0.0001,-0.0062692702980472,-0.0062692702980472,-0.0001,-0.0062692702980472,-0.0062692702980472,-0.0001,-0.0062692702980472,-0.0062692702980472
2018-12-14,-0.0,-0.0001,-0.0013445030509876,-0.0,-0.0001,-0.0013445030509876,-0.0,-0.0001,-0.0013445030509876
2018-12-17,-0.0032068765534381998,-0.0032068765534381998,-0.0031068765534382,-0.0,-0.0032068765534381998,-0.0031068765534382,-0.0,-0.0032068765534381998,-0.0031068765534382
2018-12-18,0.0021815915229586,0.0021815915229586,0.0021815915229586,0.0,0.0021815915229586,0.0021815915229586,0.0,0.0021815915229586,0.0021815915229586
2018-12-19,-0.0001,-0.0001,-0.0001,0.0,-0.0001,-0.0001,0.0,-0.0001,-0.0001
2018-12-20,0.0036751460929822003,0.0036751460929822003,0.0036751460929822003,0.0036751460929822003,0.0036751460929822003,0.0036751460929822003,0.0036751460929822003,0.0036751460929822003,0.0036751460929822003
2018-12-21,-0.0015455950540957,-0.0015455950540957,-0.0015455950540957,-0.0015455950540957,-0.0015455950540957,-0.0015455950540957,-0.0015455950540957,-0.0015455950540957,-0.0015455950540957
2018-12-24,-0.001031991744066,-0.001031991744066,-0.001031991744066,-0.001031991744066,-0.001031991744066,-0.001031991744066,-0.001031991744066,-0.001031991744066,-0.001031991744066
2018-12-25,0.0025309917355371,0.0025309917355371,0.0025309917355371,0.0025309917355371,0.0025309917355371,0.0025309917355371,0.0025309917355371,0.0025309917355371,0.0025309917355371
2018-12-26,0.0025761244783348,0.0025761244783348,0.0025761244783348,0.0025761244783348,0.0025761244783348,0.0025761244783348,0.0025761244783348,0.0025761244783348,0.0025761244783348
2018-12-27,-0.0001,-0.0001,0.0001541703067988,-0.0001,-0.0001,0.0001541703067988,0.0001541703067988,0.0001541703067988,0.0001541703067988
2018-12-28,0.0,0.0042674853560784,0.0043674853560784,0.0,0.0042674853560784,0.0043674853560784,0.0043674853560784,0.0043674853560784,0.0043674853560784
2019-01-02,0.0036857471734794,0.0037857471734794,0.0037857471734794,0.0036857471734794,0.0037857471734794,0.0037857471734794,0.0037857471734794,0.0037857471734794,0.0037857471734794
2019-01-03,0.0005606238214157,0.0005606238214157,0.0005606238214157,0.0005606238214157,0.0005606238214157,0.0005606238214157,0.0005606238214157,0.0005606238214157,0.0005606238214157
2019-01-04,-0.0021903015484923,-0.0021903015484923,-0.0021903015484923,-0.0021903015484923,-0.0021903015484923,-0.0021903015484923,-0.0021903015484923,-0.0021903015484923,-0.0021903015484923
2019-01-07,-0.0001,-0.0001,-0.0001020981162896,-0.0001,-0.0001,-0.0001020981162896,-0.0001,-0.0001,-0.0001020981162896
2019-01-08,0.0052096441517332,0.0052096441517332,0.0053096441517332,0.0052096441517332,0.0052096441517332,0.0053096441517332,0.0052096441517332,0.0052096441517332,0.0053096441517332
2019-01-09,-0.0016758925397388,-0.0016758925397388,-0.0016758925397388,-0.0016758925397388,-0.0016758925397388,-0.0016758925397388,-0.0016758925397388,-0.0016758925397388,-0.0016758925397388
2019-01-10,-0.0001,-0.0001,-0.002797843117306,-0.002797843117306,-0.002797843117306,-0.002797843117306,-0.002797843117306,-0.002797843117306,-0.002797843117306
2019-01-11,0.0,0.0,-0.0001,-0.0001,-0.0001,-0.0001,-0.0001,-0.0001,-0.0001
2019-01-14,-0.0021398796471008,-0.0021398796471008,-0.0021398796471008,-0.0021398796471008,-0.0021398796471008,-0.0021398796471008,-0.0021398796471008,-0.0021398796471008,-0.0021398796471008
2019-01-15,-0.0004599110838571,-0.0004599110838571,-0.0004599110838571,-0.0001,-0.0004599110838571,-0.0004599110838571,-0.0001,-0.0004599110838571,-0.0004599110838571
2019-01-16,0.0050613496932516,0.0050613496932516,0.0050613496932516,0.0049613496932516,0.0050613496932516,0.0050613496932516,0.0049613496932516,0.0050613496932516,0.0050613496932516
2019-01-17,-0.0001,-0.0001,-0.0001,0.0003560710107328,0.0003560710107328,0.0003560710107328,-0.0001,-0.0001,-0.0001
2019-01-18,-0.002642459066409,-0.002642459066409,-0.002642459066409,-0.002542459066409,-0.002542459066409,-0.002542459066409,-0.002642459066409,-0.002642459066409,-0.002642459066409
2019-01-21,-0.0012234910277325,-0.0012234910277325,-0.0012234910277325,-0.0012234910277325,-0.0012234910277325,-0.0012234910277325,-0.0012234910277325,-0.0012234910277325,-0.0012234910277325
2019-01-22,-0.0001,0.0007145773785219,0.0007145773785219,0.0007145773785219,0.0007145773785219,0.0007145773785219,0.0007145773785219,0.0007145773785219,0.0007145773785219
2019-01-23,-0.0027522493114353,-0.0026522493114353,-0.0026522493114353,-0.0026522493114353,-0.0026522493114353,-0.0026522493114353,-0.0026522493114353,-0.0026522493114353,-0.0026522493114353
2019-01-24,-0.0001,-0.0001,-0.0001,-0.0001,-0.0001,-0.0001,0.0003068425897514,0.0003068425897514,0.0003068425897514
2019-01-25,-0.0017871165644171001,-0.0017871165644171001,-0.0017871165644171001,-0.0017871165644171001,-0.0017871165644171001,-0.0017871165644171001,-0.0016871165644171,-0.0016871165644171,-0.0016871165644171
2019-01-28,0.0004609002919035,0.0004609002919035,0.0004609002919035,0.0004609002919035,0.0004609002919035,0.0004609002919035,0.0004609002919035,0.0004609002919035,0.0004609002919035
2019-01-29,-0.0001,-0.0001,0.0023034398034398,-0.0001,-0.0001,0.0023034398034398,-0.0001,-0.0001,0.0023034398034398
2019-01-30,0.0,0.0,-0.0001,0.0,0.0,-0.0001,0.0,0.0,-0.0001
2019-01-31,-0.0002019991840065,-0.0002019991840065,-0.0002019991840065,-0.0002019991840065,-0.0002019991840065,-0.0002019991840065,-0.0002019991840065,-0.0002019991840065,-0.0002019991840065
2019-02-01,-0.0001,-0.0001,-0.0001,-0.0001,-0.0001,-0.0001,-0.0001,-0.0001,-0.0001
2019-02-11,0.0,0.0,0.0037300480032682,0.0,0.0,0.0037300480032682,0.0,0.0,0.0037300480032682
2019-02-12,-0.0006087246273591,-0.0006087246273591,-0.0005087246273591,-0.0006087246273591,-0.0006087246273591,-0.0005087246273591,-0.0006087246273591,-0.0006087246273591,-0.0005087246273591
2019-02-13,-0.0008652720517127,-0.0008652720517127,-0.0008652720517127,-0.0001,-0.0001,-0.0008652720517127,-0.0001,-0.0001,-0.0008652720517127
2019-02-14,-0.0023433520122262,-0.0023433520122262,-0.0023433520122262,-0.0024433520122262,-0.0024433520122262,-0.0023433520122262,-0.0024433520122262,-0.0024433520122262,-0.0023433520122262
2019-02-15,0.0004084967320261,0.0004084967320261,0.0004084967320261,0.0004084967320261,0.0004084967320261,0.0004084967320261,0.0004084967320261,0.0004084967320261,0.0004084967320261
2019-02-18,-0.0017864434463046,-0.0017864434463046,-0.0017864434463046,-0.0017864434463046,-0.0017864434463046,-0.0017864434463046,-0.0017864434463046,-0.0017864434463046,-0.0017864434463046
2019-02-19,0.0022498338190928,0.0022498338190928,0.0022498338190928,0.0022498338190928,0.0022498338190928,0.0022498338190928,0.0022498338190928,0.0022498338190928,0.0022498338190928
2019-02-21,0.0008192524321557,0.0008192524321557,0.0008192524321557,0.0008192524321557,0.0008192524321557,0.0008192524321557,0.0008192524321557,0.0008192524321557,0.0008192524321557
2019-02-22,-0.0018418090657935,-0.0018418090657935,-0.0018418090657935,-0.0018418090657935,-0.0018418090657935,-0.0018418090657935,-0.0018418090657935,-0.0018418090657935,-0.0018418090657935
2019-02-25,-0.0035879036391593,-0.0035879036391593,-0.0035879036391593,-0.0035879036391593,-0.0035879036391593,-0.0035879036391593,-0.0035879036391593,-0.0035879036391593,-0.0035879036391593
2019-02-26,-0.0028806584362139,-0.0028806584362139,-0.0028806584362139,-0.0028806584362139,-0.0028806584362139,-0.0028806584362139,-0.0028806584362139,-0.0028806584362139,-0.0028806584362139
2019-02-27,-0.0001,-0.0001,-0.0001,-0.0001,-0.0001,-0.0001,-0.0001,-0.0001,-0.0001
2019-02-28,-0.001747700942279,-0.001747700942279,-0.001747700942279,-0.001747700942279,-0.001747700942279,-0.001747700942279,-0.001747700942279,-0.001747700942279,-0.001747700942279
2019-03-01,-0.0019598741554489,-0.0019598741554489,-0.0019598741554489,-0.0019598741554489,-0.0019598741554489,-0.0019598741554489,-0.0019598741554489,-0.0019598741554489,-0.0019598741554489
2019-03-04,-0.0001,0.0029972611234561,0.0029972611234561,0.0029972611234561,0.0029972611234561,0.0029972611234561,-0.0001,0.0029972611234561,0.0029972611234561
2019-03-05,0.0,-0.0001,-0.0001,0.0007728373435005,0.0007728373435005,0.0007728373435005,0.0,-0.0001,-0.0001
2019-03-06,0.0010841021416801999,0.0010841021416801999,0.0010841021416801999,0.0011841021416802,0.0011841021416802,0.0011841021416802,0.0010841021416801999,0.0010841021416801999,0.0010841021416801999
2019-03-07,0.0050907595001801,0.0050907595001801,0.0050907595001801,0.0050907595001801,0.0050907595001801,0.0050907595001801,0.0050907595001801,0.0050907595001801,0.0050907595001801
2019-03-08,0.0002558068146933,0.0002558068146933,0.0002558068146933,0.0002558068146933,0.0002558068146933,0.0002558068146933,0.0002558068146933,0.0002558068146933,0.0002558068146933
2019-03-11,-0.0001,-0.0001,-0.0001,-0.0001,-0.0001,-0.0001,-0.0001,-0.0001,-0.0001
2019-03-12,0.00046312071260350005,0.00046312071260350005,0.00046312071260350005,0.00046312071260350005,0.00046312071260350005,0.00046312071260350005,0.00046312071260350005,0.00046312071260350005,0.00046312071260350005
2019-03-13,0.0008186236889231,0.0008186236889231,0.0008186236889231,0.0008186236889231,0.0008186236889231,0.0008186236889231,0.0008186236889231,0.0008186236889231,0.0008186236889231
2019-03-14,-0.002607228669291,-0.002607228669291,-0.002607228669291,-0.002607228669291,-0.002607228669291,-0.002607228669291,-0.002607228669291,-0.002607228669291,-0.002607228669291
2019-03-15,-0.0001,-0.0001,0.0011276268580215,-0.0001,-0.0001,0.0011276268580215,0.0011276268580215,0.0011276268580215,0.0011276268580215
2019-03-18,-0.0,-0.0,-0.0001,-0.0,-0.0,-0.0001,-0.0001,-0.0001,-0.0001
2019-03-19,-0.0013307061176348,-0.0013307061176348,-0.0013307061176348,-0.0013307061176348,-0.0013307061176348,-0.0013307061176348,-0.0013307061176348,-0.0013307061176348,-0.0013307061176348
2019-03-20,0.0004620834830826,0.0004620834830826,0.0004620834830826,0.0004620834830826,0.0004620834830826,0.0004620834830826,0.0004620834830826,0.0004620834830826,0.0004620834830826
2019-03-21,0.002104074720312,0.002104074720312,0.002104074720312,0.002104074720312,0.002104074720312,0.002104074720312,0.002104074720312,0.002104074720312,0.002104074720312
2019-03-22,0.0015875454498899,0.0015875454498899,0.0015875454498899,0.0015875454498899,0.0015875454498899,0.0015875454498899,0.0015875454498899,0.0015875454498899,0.0015875454498899
2019-03-25,0.0031189283157786,0.0031189283157786,0.0031189283157786,0.0031189283157786,0.0031189283157786,0.0031189283157786,0.0031189283157786,0.0031189283157786,0.0031189283157786
2019-03-26,0.0,0.0,0.0,0.0,0.0,0.0,0.0,0.0,0.0
2019-03-27,-0.0015291299250727,-0.0015291299250727,-0.0015291299250727,-0.0015291299250727,-0.0015291299250727,-0.0015291299250727,-0.0015291299250727,-0.0015291299250727,-0.0015291299250727
2019-03-28,-0.0001,-0.0001,-0.0001,-0.0001,-0.0001,-0.0001,0.0011230792791874,0.0011230792791874,0.0011230792791874
2019-03-29,-0.0015277701290091,-0.0015277701290091,-0.0015277701290091,-0.0015277701290091,-0.0015277701290091,-0.0015277701290091,-0.0014277701290091,-0.0014277701290091,-0.0014277701290091
2019-04-01,-0.0047490170045447,-0.0047490170045447,-0.0047490170045447,-0.0001,-0.0047490170045447,-0.0047490170045447,-0.0001,-0.0047490170045447,-0.0047490170045447
2019-04-02,-0.0020010261672653,-0.0020010261672653,-0.0020010261672653,-0.0021010261672653,-0.0020010261672653,-0.0020010261672653,-0.0021010261672653,-0.0020010261672653,-0.0020010261672653
2019-04-03,-0.0051925350881701,-0.0051925350881701,-0.0051925350881701,-0.0051925350881701,-0.0051925350881701,-0.0051925350881701,-0.0051925350881701,-0.0051925350881701,-0.0051925350881701
2019-04-04,-0.0029974160206719,-0.0029974160206719,-0.0029974160206719,-0.0029974160206719,-0.0029974160206719,-0.0029974160206719,-0.0029974160206719,-0.0029974160206719,-0.0029974160206719
2019-04-08,0.0022807381297949,0.0022807381297949,0.0022807381297949,0.0022807381297949,0.0022807381297949,0.0022807381297949,0.0022807381297949,0.0022807381297949,0.0022807381297949
2019-04-09,-0.0001,-0.0018618121638395,-0.0018618121638395,-0.0001,-0.0018618121638395,-0.0018618121638395,-0.0001,-0.0018618121638395,-0.0018618121638395
2019-04-10,0.0020243523316061003,0.0021243523316061,0.0021243523316061,0.0020243523316061003,0.0021243523316061,0.0021243523316061,0.0020243523316061003,0.0021243523316061,0.0021243523316061
2019-04-11,-0.0001,-0.0001,0.0014994054082002,-0.0001,-0.0001,0.0014994054082002,0.0014994054082002,0.0014994054082002,0.0014994054082002
2019-04-12,-0.0022166752710376,-0.0022166752710376,-0.0021166752710376,-0.0022166752710376,-0.0022166752710376,-0.0021166752710376,-0.0021166752710376,-0.0021166752710376,-0.0021166752710376
2019-04-15,-0.002845465362926,-0.002845465362926,-0.002845465362926,-0.002845465362926,-0.002845465362926,-0.002845465362926,-0.002845465362926,-0.002845465362926,-0.002845465362926
2019-04-16,-0.0021272180139046,-0.0021272180139046,-0.0021272180139046,-0.0021272180139046,-0.0021272180139046,-0.0021272180139046,-0.0021272180139046,-0.0021272180139046,-0.0021272180139046
2019-04-17,0.002651692403681,0.002651692403681,0.002651692403681,0.002651692403681,0.002651692403681,0.002651692403681,0.002651692403681,0.002651692403681,0.002651692403681
2019-04-18,-0.0001,-0.0001,-0.0001,-0.0001,-0.0001,-0.0001,-0.0001,-0.0001,-0.0001
2019-04-19,-0.0010328358208955,-0.0010328358208955,-0.0010328358208955,-0.0010328358208955,-0.0010328358208955,-0.0010328358208955,-0.0010328358208955,-0.0010328358208955,-0.0010328358208955
2019-04-22,-0.0017636684303351,-0.0017636684303351,-0.0017636684303351,-0.0001,-0.0017636684303351,-0.0017636684303351,-0.0017636684303351,-0.0017636684303351,-0.0017636684303351
2019-04-23,0.0010392849719391,0.0010392849719391,0.0010392849719391,0.0009392849719391,0.0010392849719391,0.0010392849719391,0.0010392849719391,0.0010392849719391,0.0010392849719391
2019-04-24,-0.0042566445182723,-0.0042566445182723,-0.0042566445182723,-0.0042566445182723,-0.0042566445182723,-0.0042566445182723,-0.0042566445182723,-0.0042566445182723,-0.0042566445182723
2019-04-25,0.0018767594619957,0.0018767594619957,0.0018767594619957,0.0018767594619957,0.0018767594619957,0.0018767594619957,0.0018767594619957,0.0018767594619957,0.0018767594619957
2019-04-26,-0.0001,-0.0001,-0.0001,-0.0001,-0.0001,-0.0001,-0.0001,-0.0001,-0.0001
2019-04-29,-0.0,-0.0,-0.0018640344505551,-0.0,-0.0,-0.0018640344505551,-0.0,-0.0,-0.0018640344505551
2019-04-30,0.0048376299376298,0.0048376299376298,0.0049376299376298,0.0048376299376298,0.0048376299376298,0.0049376299376298,0.0048376299376298,0.0048376299376298,0.0049376299376298
2019-05-06,0.0017067494181537,0.0017067494181537,0.0017067494181537,-0.0001,-0.0001,0.0017067494181537,-0.0001,-0.0001,0.0017067494181537
2019-05-07,-0.0007744733581165,-0.0007744733581165,-0.0007744733581165,-0.0008744733581165001,-0.0008744733581165001,-0.0007744733581165,-0.0008744733581165001,-0.0008744733581165001,-0.0007744733581165
2019-05-08,0.0014468041130573,0.0014468041130573,0.0014468041130573,0.0014468041130573,0.0014468041130573,0.0014468041130573,0.0014468041130573,0.0014468041130573,0.0014468041130573
2019-05-09,0.0018058923688148,0.0018058923688148,0.0018058923688148,0.0018058923688148,0.0018058923688148,0.0018058923688148,0.0018058923688148,0.0018058923688148,0.0018058923688148
2019-05-10,0.0006180469715697,0.0006180469715697,0.0006180469715697,0.0006180469715697,0.0006180469715697,0.0006180469715697,0.0006180469715697,0.0006180469715697,0.0006180469715697
2019-05-13,0.0027794935145151,0.0027794935145151,0.0027794935145151,0.0027794935145151,0.0027794935145151,0.0027794935145151,0.0027794935145151,0.0027794935145151,0.0027794935145151
2019-05-14,-0.0012319063751153,-0.0012319063751153,-0.0012319063751153,-0.0012319063751153,-0.0012319063751153,-0.0012319063751153,-0.0012319063751153,-0.0012319063751153,-0.0012319063751153
2019-05-15,0.0002569637167231,0.0002569637167231,0.0002569637167231,0.0002569637167231,0.0002569637167231,0.0002569637167231,0.0002569637167231,0.0002569637167231,0.0002569637167231
2019-05-16,-0.0001,-0.0001,-0.0001,-0.0001,-0.0001,-0.0001,-0.0001,-0.0001,-0.0001
2019-05-17,0.0,0.0,0.0005161429451631999,0.0,0.0,0.0005161429451631999,0.0,0.0,0.0005161429451631999
2019-05-21,-0.0024772914946324,-0.0024772914946324,-0.0024772914946324,-0.0024772914946324,-0.0024772914946324,-0.0024772914946324,-0.0024772914946324,-0.0024772914946324,-0.0024772914946324
2019-05-22,-0.0001,-0.0007243377483444,-0.0007243377483444,-0.0007243377483444,-0.0007243377483444,-0.0007243377483444,-0.0001,-0.0007243377483444,-0.0007243377483444
2019-05-23,0.0021781402091747,0.0022781402091747,0.0022781402091747,0.0022781402091747,0.0022781402091747,0.0022781402091747,0.0021781402091747,0.0022781402091747,0.0022781402091747
2019-05-24,-0.0002066329166237,-0.0002066329166237,-0.0002066329166237,-0.0002066329166237,-0.0002066329166237,-0.0002066329166237,-0.0002066329166237,-0.0002066329166237,-0.0002066329166237
2019-05-27,-0.0048568771313423,-0.0048568771313423,-0.0048568771313423,-0.0048568771313423,-0.0048568771313423,-0.0048568771313423,-0.0048568771313423,-0.0048568771313423,-0.0048568771313423
2019-05-28,-0.0001,-0.0001,0.0024922118380064,-0.0001,-0.0001,0.0024922118380064,0.0024922118380064,0.0024922118380064,0.0024922118380064
2019-05-29,0.0033182722187694003,0.0033182722187694003,0.0034182722187694,0.0033182722187694003,0.0033182722187694003,0.0034182722187694,0.0034182722187694,0.0034182722187694,0.0034182722187694
2019-05-30,0.0001548467017653,0.0001548467017653,0.0001548467017653,0.0001548467017653,0.0001548467017653,0.0001548467017653,0.0001548467017653,0.0001548467017653,0.0001548467017653
2019-05-31,0.0004644681839294,0.0004644681839294,0.0004644681839294,0.0004644681839294,0.0004644681839294,0.0004644681839294,0.0004644681839294,0.0004644681839294,0.0004644681839294
2019-06-03,-0.0001,0.0027855153203342,0.0027855153203342,0.0027855153203342,0.0027855153203342,0.0027855153203342,-0.0001,0.0027855153203342,0.0027855153203342
2019-06-04,0.0014946502057612999,0.0015946502057613,0.0015946502057613,0.0015946502057613,0.0015946502057613,0.0015946502057613,0.0014946502057612999,0.0015946502057613,0.0015946502057613
2019-06-05,0.0015407529145907,0.0015407529145907,0.0015407529145907,0.0015407529145907,0.0015407529145907,0.0015407529145907,0.0015407529145907,0.0015407529145907,0.0015407529145907
2019-06-06,-0.0003589559509767,-0.0003589559509767,-0.0003589559509767,-0.0003589559509767,-0.0003589559509767,-0.0003589559509767,-0.0003589559509767,-0.0003589559509767,-0.0003589559509767
2019-06-10,-0.0001,-0.0001,-0.0001,-0.0001,-0.0001,-0.0001,-0.0001,-0.0001,-0.0001
2019-06-11,-0.0,-0.0,-0.0,-0.0,-0.0,-0.0,-0.0,-0.0,-0.0
2019-06-12,0.0002604717029712,0.0002604717029712,0.0002604717029712,0.0002604717029712,0.0002604717029712,0.0002604717029712,0.0002604717029712,0.0002604717029712,0.0002604717029712
2019-06-13,0.0021620508596726,0.0021620508596726,0.0021620508596726,0.0021620508596726,0.0021620508596726,0.0021620508596726,0.0021620508596726,0.0021620508596726,0.0021620508596726
2019-06-14,-0.0001,-0.0001,0.0024142182042325,0.0024142182042325,0.0024142182042325,0.0024142182042325,-0.0001,-0.0001,0.0024142182042325
2019-06-17,0.0,0.0008223674096849,0.0009223674096849,0.0009223674096849,0.0009223674096849,0.0009223674096849,0.0,0.0008223674096849,0.0009223674096849
2019-06-18,-0.0,-0.0001,-0.0001,-0.0001,-0.0001,-0.0001,-0.0,-0.0001,-0.0001
2019-06-19,-0.0014334700994973,-0.0014334700994973,-0.0014334700994973,-0.0014334700994973,-0.0014334700994973,-0.0014334700994973,-0.0014334700994973,-0.0014334700994973,-0.0014334700994973
2019-06-20,0.0001027115858669,0.0001027115858669,0.0001027115858669,0.0001027115858669,0.0001027115858669,0.0001027115858669,0.0001027115858669,0.0001027115858669,0.0001027115858669
2019-06-21,0.0010783608914448,0.0010783608914448,0.0010783608914448,0.0010783608914448,0.0010783608914448,0.0010783608914448,0.0010783608914448,0.0010783608914448,0.0010783608914448
2019-06-24,-0.0016927417286483,-0.0016927417286483,-0.0016927417286483,-0.0016927417286483,-0.0016927417286483,-0.0016927417286483,-0.0016927417286483,-0.0016927417286483,-0.0016927417286483
2019-06-25,0.0008734970712156,0.0008734970712156,0.0008734970712156,0.0008734970712156,0.0008734970712156,0.0008734970712156,0.0008734970712156,0.0008734970712156,0.0008734970712156
2019-06-26,-0.0001,-0.0001,-0.0013347707787874,-0.0001,-0.0001,-0.0013347707787874,-0.0013347707787874,-0.0013347707787874,-0.0013347707787874
2019-06-27,-0.0,-0.0006654654809027,-0.0005654654809027,-0.0,-0.0006654654809027,-0.0005654654809027,-0.0005654654809027,-0.0005654654809027,-0.0005654654809027
2019-06-28,0.0032947124781401,0.0033947124781401,0.0033947124781401,0.0032947124781401,0.0033947124781401,0.0033947124781401,0.0033947124781401,0.0033947124781401,0.0033947124781401
2019-07-01,-0.0001,-0.0001,-0.0001,-0.0001,-0.0001,-0.0001,0.000666393274554,0.000666393274554,0.000666393274554
2019-07-02,0.0045616464320473995,0.0045616464320473995,0.0045616464320473995,0.0045616464320473995,0.0045616464320473995,0.0045616464320473995,0.0046616464320474,0.0046616464320474,0.0046616464320474
2019-07-03,0.0017336324699164,0.0017336324699164,0.0017336324699164,0.0017336324699164,0.0017336324699164,0.0017336324699164,-0.0001,-0.0001,0.0017336324699164
2019-07-04,-0.0001527028402728,-0.0001527028402728,-0.0001527028402728,-0.0001527028402728,-0.0001527028402728,-0.0001527028402728,-0.0002527028402728,-0.0002527028402728,-0.0001527028402728
2019-07-05,-0.0017818052232346,-0.0017818052232346,-0.0017818052232346,-0.0017818052232346,-0.0017818052232346,-0.0017818052232346,-0.0017818052232346,-0.0017818052232346,-0.0017818052232346
2019-07-08,-0.0007139942880457,-0.0007139942880457,-0.0007139942880457,-0.0007139942880457,-0.0007139942880457,-0.0007139942880457,-0.0007139942880457,-0.0007139942880457,-0.0007139942880457
2019-07-09,-0.0001,-0.0001,-0.0001,-0.0001,-0.0001,-0.0001,0.0019393691946514,0.0019393691946514,0.0019393691946514
2019-07-10,-0.0006093724531377001,-0.0006093724531377001,-0.0006093724531377001,-0.0006093724531377001,-0.0006093724531377001,-0.0006093724531377001,-0.0005093724531377,-0.0005093724531377,-0.0005093724531377
2019-07-11,-0.0001,-0.0001,-0.0001,-0.0001,-0.0001,-0.0001,-0.0001,-0.0001,-0.0001
2019-07-12,0.0,0.0,0.0,0.0,0.0,0.0,0.0,0.0,0.0
2019-07-15,-0.0031521924916064997,-0.0031521924916064997,-0.0031521924916064997,-0.0031521924916064997,-0.0031521924916064997,-0.0031521924916064997,-0.0031521924916064997,-0.0031521924916064997,-0.0031521924916064997
2019-07-16,-0.0001,-0.0001,-0.0001,-0.0001,-0.0001,-0.0001,-0.0001,-0.0001,-0.0001
2019-07-17,0.00041002193094300004,0.00041002193094300004,0.00041002193094300004,0.00041002193094300004,0.00041002193094300004,0.00041002193094300004,0.00041002193094300004,0.00041002193094300004,0.00041002193094300004
2019-07-18,0.0018861191823418,0.0018861191823418,0.0018861191823418,0.0018861191823418,0.0018861191823418,0.0018861191823418,0.0018861191823418,0.0018861191823418,0.0018861191823418
2019-07-19,-0.0002035209117736,-0.0002035209117736,-0.0002035209117736,-0.0002035209117736,-0.0002035209117736,-0.0002035209117736,-0.0002035209117736,-0.0002035209117736,-0.0002035209117736
2019-07-22,0.0012722646310432,0.0012722646310432,0.0012722646310432,0.0012722646310432,0.0012722646310432,0.0012722646310432,0.0012722646310432,0.0012722646310432,0.0012722646310432
2019-07-23,-0.0001,-0.0001,-0.0001,-0.0001,-0.0001,-0.0001,5.082592121974372e-05,5.082592121974372e-05,5.082592121974372e-05
2019-07-24,-0.0,-0.0024886968896116997,-0.0024886968896116997,-0.0,-0.0024886968896116997,-0.0024886968896116997,-0.0023886968896117,-0.0023886968896117,-0.0023886968896117
2019-07-25,0.0004603953334352,0.0005603953334352,0.0005603953334352,0.0004603953334352,0.0005603953334352,0.0005603953334352,0.0005603953334352,0.0005603953334352,0.0005603953334352
2019-07-26,0.0004073319755599,0.0004073319755599,0.0004073319755599,0.0004073319755599,0.0004073319755599,0.0004073319755599,0.0004073319755599,0.0004073319755599,0.0004073319755599
2019-07-29,-0.0001,-0.0018831433224754,-0.0018831433224754,-0.0018831433224754,-0.0018831433224754,-0.0018831433224754,-0.0018831433224754,-0.0018831433224754,-0.0018831433224754
2019-07-30,0.0,-0.0001,-0.0001,-0.0001,-0.0001,-0.0001,-0.0001,-0.0001,-0.0001
2019-07-31,0.0023452368823228,0.0023452368823228,0.0023452368823228,0.0023452368823228,0.0023452368823228,0.0023452368823228,0.0023452368823228,0.0023452368823228,0.0023452368823228
2019-08-01,0.0005589998983634,0.0005589998983634,0.0005589998983634,-0.0001,-0.0001,0.0005589998983634,-0.0001,-0.0001,0.0005589998983634
2019-08-02,-0.0001,-0.0001,0.0027934379602825,0.0,0.0,0.0027934379602825,0.0,0.0,0.0027934379602825
2019-08-05,0.0033947325769854,0.0033947325769854,0.0034947325769854,0.0033947325769854,0.0033947325769854,0.0034947325769854,0.0033947325769854,0.0033947325769854,0.0034947325769854
2019-08-06,0.0,0.0,0.0,0.0,0.0,0.0,0.0,0.0,0.0
2019-08-07,0.0007066067733307,0.0007066067733307,0.0007066067733307,0.0007066067733307,0.0007066067733307,0.0007066067733307,0.0007066067733307,0.0007066067733307,0.0007066067733307
2019-08-08,-0.0001008725475362,-0.0001008725475362,-0.0001008725475362,-0.0001008725475362,-0.0001008725475362,-0.0001008725475362,-0.0001008725475362,-0.0001008725475362,-0.0001008725475362
2019-08-09,-0.0001,0.0014627994955862,0.0014627994955862,-0.0001,0.0014627994955862,0.0014627994955862,0.0014627994955862,0.0014627994955862,0.0014627994955862
2019-08-12,-0.0,-0.0005540445250327,-0.0005540445250327,-0.0,-0.0005540445250327,-0.0005540445250327,-0.0005540445250327,-0.0005540445250327,-0.0005540445250327
2019-08-13,0.0012102857430831,0.0013102857430831,0.0013102857430831,0.0012102857430831,0.0013102857430831,0.0013102857430831,0.0013102857430831,0.0013102857430831,0.0013102857430831
2019-08-15,-0.0009594021409815,-0.0009594021409815,-0.0009594021409815,-0.0009594021409815,-0.0009594021409815,-0.0009594021409815,-0.0009594021409815,-0.0009594021409815,-0.0009594021409815
2019-08-16,-0.0007581501137225,-0.0007581501137225,-0.0007581501137225,-0.0007581501137225,-0.0007581501137225,-0.0007581501137225,-0.0007581501137225,-0.0007581501137225,-0.0007581501137225
2019-08-19,0.0010622154779968,0.0010622154779968,0.0010622154779968,0.0010622154779968,0.0010622154779968,0.0010622154779968,0.0010622154779968,0.0010622154779968,0.0010622154779968
2019-08-20,-0.0009600323379314,-0.0009600323379314,-0.0009600323379314,-0.0009600323379314,-0.0009600323379314,-0.0009600323379314,-0.0009600323379314,-0.0009600323379314,-0.0009600323379314
2019-08-21,-0.0021242160631195,-0.0021242160631195,-0.0021242160631195,-0.0021242160631195,-0.0021242160631195,-0.0021242160631195,-0.0021242160631195,-0.0021242160631195,-0.0021242160631195
2019-08-22,-0.0001,-0.0001,0.0008616320324379,-0.0001,-0.0001,0.0008616320324379,0.0008616320324379,0.0008616320324379,0.0008616320324379
2019-08-23,0.0,0.0,0.0004051248290879,0.0,0.0,0.0004051248290879,-0.0001,-0.0001,0.0004051248290879
2019-08-26,0.0005074411541380999,0.0005074411541380999,0.0006074411541381,0.0,0.0005074411541380999,0.0006074411541381,0.0,0.0005074411541380999,0.0006074411541381
2019-08-27,0.000809429857844,0.000809429857844,0.000809429857844,0.000709429857844,0.000809429857844,0.000809429857844,0.000709429857844,0.000809429857844,0.000809429857844
2019-08-28,-0.0004549360562099,-0.0004549360562099,-0.0004549360562099,-0.0004549360562099,-0.0004549360562099,-0.0004549360562099,-0.0004549360562099,-0.0004549360562099,-0.0004549360562099
2019-08-29,0.0036917163952665,0.0036917163952665,0.0036917163952665,0.0036917163952665,0.0036917163952665,0.0036917163952665,0.0036917163952665,0.0036917163952665,0.0036917163952665
2019-08-30,-0.0030231269209451,-0.0030231269209451,-0.0030231269209451,-0.0030231269209451,-0.0030231269209451,-0.0030231269209451,-0.0030231269209451,-0.0030231269209451,-0.0030231269209451
2019-09-02,-0.0016172234295244,-0.0016172234295244,-0.0016172234295244,-0.0016172234295244,-0.0016172234295244,-0.0016172234295244,-0.0016172234295244,-0.0016172234295244,-0.0016172234295244
2019-09-03,-0.000303720577069,-0.000303720577069,-0.000303720577069,-0.000303720577069,-0.000303720577069,-0.000303720577069,-0.000303720577069,-0.000303720577069,-0.000303720577069
2019-09-04,0.0014177933059902,0.0014177933059902,0.0014177933059902,0.0014177933059902,0.0014177933059902,0.0014177933059902,0.0014177933059902,0.0014177933059902,0.0014177933059902
2019-09-05,0.0025787530970318,0.0025787530970318,0.0025787530970318,0.0025787530970318,0.0025787530970318,0.0025787530970318,0.0025787530970318,0.0025787530970318,0.0025787530970318
2019-09-06,0.0003026023804719,0.0003026023804719,0.0003026023804719,0.0003026023804719,0.0003026023804719,0.0003026023804719,0.0003026023804719,0.0003026023804719,0.0003026023804719
2019-09-09,-0.0009075325199153,-0.0009075325199153,-0.0009075325199153,-0.0009075325199153,-0.0009075325199153,-0.0009075325199153,-0.0009075325199153,-0.0009075325199153,-0.0009075325199153
2019-09-10,-0.0001,-0.0001,-0.0001,-0.0001,-0.0001,-0.0001,-0.0018167137666531,-0.0018167137666531,-0.0018167137666531
2019-09-11,-0.0,-0.0013133468149646,-0.0013133468149646,-0.0,-0.0013133468149646,-0.0013133468149646,-0.0001,-0.0012133468149646,-0.0012133468149646
2019-09-12,-0.0030358169669974,-0.0029358169669974,-0.0029358169669974,-0.0030358169669974,-0.0029358169669974,-0.0029358169669974,-0.0030358169669974,-0.0029358169669974,-0.0029358169669974
2019-09-16,-0.0001,-0.0001,-0.0001,-0.0001,-0.0001,-0.0001,-0.0001,-0.0001,-0.0001
2019-09-17,-0.0,-0.0018243128106299,-0.0018243128106299,-0.0018243128106299,-0.0018243128106299,-0.0018243128106299,-0.0,-0.0018243128106299,-0.0018243128106299
2019-09-18,-0.0020305019305019,-0.0019305019305019,-0.0019305019305019,-0.0019305019305019,-0.0019305019305019,-0.0019305019305019,-0.0020305019305019,-0.0019305019305019,-0.0019305019305019
2019-09-19,0.0019851369235466,0.0019851369235466,0.0019851369235466,0.0019851369235466,0.0019851369235466,0.0019851369235466,0.0019851369235466,0.0019851369235466,0.0019851369235466
2019-09-20,-0.0001,-0.0001,0.0011176022352044,0.0011176022352044,0.0011176022352044,0.0011176022352044,-0.0001,-0.0001,0.0011176022352044
2019-09-23,-0.0007089206880803,-0.0007089206880803,-0.0006089206880803,-0.0006089206880803,-0.0006089206880803,-0.0006089206880803,-0.0007089206880803,-0.0007089206880803,-0.0006089206880803
2019-09-24,-0.0009139375476008,-0.0009139375476008,-0.0009139375476008,-0.0009139375476008,-0.0009139375476008,-0.0009139375476008,-0.0009139375476008,-0.0009139375476008,-0.0009139375476008
2019-09-25,-0.0001,-0.0001,0.0012196981247141,-0.0001,-0.0001,0.0012196981247141,0.0012196981247141,0.0012196981247141,0.0012196981247141
2019-09-26,-0.0030440129942641,-0.0030440129942641,-0.0029440129942641,-0.0030440129942641,-0.0030440129942641,-0.0029440129942641,-0.0029440129942641,-0.0029440129942641,-0.0029440129942641
2019-09-27,-0.0001,-0.0001,-0.0017308965025708,-0.0001,-0.0001,-0.0017308965025708,-0.0001,-0.0001,-0.0017308965025708
2019-09-30,0.0,0.0,0.0019378856647458,0.0,0.0,0.0019378856647458,0.0,0.0,0.0019378856647458
2019-10-08,0.0,0.0,-0.0001,0.0,0.0,-0.0001,0.0,0.0,-0.0001
2019-10-09,-0.0005061119853799,-0.0005061119853799,-0.0005061119853799,-0.0005061119853799,-0.0005061119853799,-0.0005061119853799,-0.0005061119853799,-0.0005061119853799,-0.0005061119853799
2019-10-10,-0.001371184805241,-0.001371184805241,-0.001371184805241,-0.001371184805241,-0.001371184805241,-0.001371184805241,-0.001371184805241,-0.001371184805241,-0.001371184805241
2019-10-11,-0.0024410089503661,-0.0024410089503661,-0.0024410089503661,-0.0024410089503661,-0.0024410089503661,-0.0024410089503661,-0.0024410089503661,-0.0024410089503661,-0.0024410089503661
2019-10-14,0.0007137030995105,0.0007137030995105,0.0007137030995105,0.0007137030995105,0.0007137030995105,0.0007137030995105,0.0007137030995105,0.0007137030995105,0.0007137030995105
2019-10-15,-0.0001528273051452,-0.0001528273051452,-0.0001528273051452,-0.0001528273051452,-0.0001528273051452,-0.0001528273051452,-0.0001528273051452,-0.0001528273051452,-0.0001528273051452
2019-10-16,-0.0004076017730677,-0.0004076017730677,-0.0004076017730677,-0.0004076017730677,-0.0004076017730677,-0.0004076017730677,-0.0004076017730677,-0.0004076017730677,-0.0004076017730677
2019-10-17,0.002191752892604,0.002191752892604,0.002191752892604,0.002191752892604,0.002191752892604,0.002191752892604,0.002191752892604,0.002191752892604,0.002191752892604
2019-10-18,-0.0027464144034177,-0.0027464144034177,-0.0027464144034177,-0.0027464144034177,-0.0027464144034177,-0.0027464144034177,-0.0027464144034177,-0.0027464144034177,-0.0027464144034177
2019-10-21,-0.0026009791921665,-0.0026009791921665,-0.0026009791921665,-0.0026009791921665,-0.0026009791921665,-0.0026009791921665,-0.0026009791921665,-0.0026009791921665,-0.0026009791921665
2019-10-22,-0.0002556629339877,-0.0002556629339877,-0.0002556629339877,-0.0002556629339877,-0.0002556629339877,-0.0002556629339877,-0.0002556629339877,-0.0002556629339877,-0.0002556629339877
2019-10-23,-0.0001,-0.0001,-0.0001,-0.0001,-0.0001,-0.0001,-0.0001,-0.0001,-0.0001
2019-10-24,-0.0005086845466156,-0.0005086845466156,-0.0005086845466156,-0.0005086845466156,-0.0005086845466156,-0.0005086845466156,-0.0005086845466156,-0.0005086845466156,-0.0005086845466156
2019-10-25,-0.0015331936423569,-0.0015331936423569,-0.0015331936423569,-0.0015331936423569,-0.0015331936423569,-0.0015331936423569,-0.0015331936423569,-0.0015331936423569,-0.0015331936423569
2019-10-28,-0.0027128013512821,-0.0027128013512821,-0.0027128013512821,-0.0027128013512821,-0.0027128013512821,-0.0027128013512821,-0.0027128013512821,-0.0027128013512821,-0.0027128013512821
2019-10-29,0.0,0.0,0.0,0.0,0.0,0.0,0.0,0.0,0.0
2019-10-30,-0.0031820981318004,-0.0031820981318004,-0.0031820981318004,-0.0031820981318004,-0.0031820981318004,-0.0031820981318004,-0.0031820981318004,-0.0031820981318004,-0.0031820981318004
2019-10-31,-0.0001,0.0038616002471423,0.0038616002471423,-0.0001,0.0038616002471423,0.0038616002471423,-0.0001,0.0038616002471423,0.0038616002471423
2019-11-01,0.0,0.0001538698261271,0.0001538698261271,0.0,0.0001538698261271,0.0001538698261271,5.386982612709999e-05,0.0001538698261271,0.0001538698261271
2019-11-04,-0.0009717948717947,-0.0008717948717947,-0.0008717948717947,-0.0009717948717947,-0.0008717948717947,-0.0008717948717947,-0.0008717948717947,-0.0008717948717947,-0.0008717948717947
2019-11-05,0.0039008366268027,0.0039008366268027,0.0039008366268027,0.0039008366268027,0.0039008366268027,0.0039008366268027,0.0039008366268027,0.0039008366268027,0.0039008366268027
2019-11-06,0.0006135282989927,0.0006135282989927,0.0006135282989927,0.0006135282989927,0.0006135282989927,0.0006135282989927,0.0006135282989927,0.0006135282989927,0.0006135282989927
2019-11-07,-0.0004598640846149,-0.0004598640846149,-0.0004598640846149,-0.0004598640846149,-0.0004598640846149,-0.0004598640846149,-0.0004598640846149,-0.0004598640846149,-0.0004598640846149
2019-11-08,-0.0015847050403844,-0.0015847050403844,-0.0015847050403844,-0.0015847050403844,-0.0015847050403844,-0.0015847050403844,-0.0015847050403844,-0.0015847050403844,-0.0015847050403844
2019-11-11,0.0032256412882085,0.0032256412882085,0.0032256412882085,0.0032256412882085,0.0032256412882085,0.0032256412882085,0.0032256412882085,0.0032256412882085,0.0032256412882085
2019-11-12,-0.0012248647545167,-0.0012248647545167,-0.0012248647545167,-0.0012248647545167,-0.0012248647545167,-0.0012248647545167,-0.0012248647545167,-0.0012248647545167,-0.0012248647545167
2019-11-13,0.0013285641287685,0.0013285641287685,0.0013285641287685,0.0013285641287685,0.0013285641287685,0.0013285641287685,0.0013285641287685,0.0013285641287685,0.0013285641287685
2019-11-14,-0.0008675239844867,-0.0008675239844867,-0.0008675239844867,-0.0008675239844867,-0.0008675239844867,-0.0008675239844867,-0.0008675239844867,-0.0008675239844867,-0.0008675239844867
2019-11-15,-0.0001,-0.0001,-0.0001,-0.0001,-0.0001,-0.0001,-0.0001,-0.0001,-0.0001
2019-11-19,0.0010707729961247,0.0010707729961247,0.0010707729961247,0.0010707729961247,0.0010707729961247,0.0010707729961247,0.0010707729961247,0.0010707729961247,0.0010707729961247
2019-11-20,-0.0004074772067438,-0.0004074772067438,-0.0004074772067438,-0.0004074772067438,-0.0004074772067438,-0.0004074772067438,-0.0004074772067438,-0.0004074772067438,-0.0004074772067438
2019-11-21,0.0005095541401274,0.0005095541401274,0.0005095541401274,0.0005095541401274,0.0005095541401274,0.0005095541401274,0.0005095541401274,0.0005095541401274,0.0005095541401274
2019-11-22,-0.0001,-0.000305576776165,-0.000305576776165,-0.0001,-0.000305576776165,-0.000305576776165,-0.0001,-0.000305576776165,-0.000305576776165
2019-11-25,-0.0,-0.0001,-0.0023434713943654,-0.0,-0.0001,-0.0023434713943654,-0.0,-0.0001,-0.0023434713943654
2019-11-26,0.0014319409692078,0.0014319409692078,0.0015319409692078,0.0014319409692078,0.0014319409692078,0.0015319409692078,0.0014319409692078,0.0014319409692078,0.0015319409692078
2019-11-27,-0.0005608524957935,-0.0005608524957935,-0.0005608524957935,-0.0005608524957935,-0.0005608524957935,-0.0005608524957935,-0.0005608524957935,-0.0005608524957935,-0.0005608524957935
2019-11-28,5.101520253036895e-05,5.101520253036895e-05,5.101520253036895e-05,5.101520253036895e-05,5.101520253036895e-05,5.101520253036895e-05,5.101520253036895e-05,5.101520253036895e-05,5.101520253036895e-05
2019-11-29,0.0,0.0,0.0,0.0,0.0,0.0,0.0,0.0,0.0
2019-12-02,-0.003366831607407,-0.003366831607407,-0.003366831607407,-0.003366831607407,-0.003366831607407,-0.003366831607407,-0.003366831607407,-0.003366831607407,-0.003366831607407
2019-12-03,0.0010748835542817,0.0010748835542817,0.0010748835542817,0.0010748835542817,0.0010748835542817,0.0010748835542817,0.0010748835542817,0.0010748835542817,0.0010748835542817
2019-12-04,0.0008692095306268,0.0008692095306268,0.0008692095306268,0.0008692095306268,0.0008692095306268,0.0008692095306268,0.0008692095306268,0.0008692095306268,0.0008692095306268
2019-12-05,0.000102171136654,0.000102171136654,0.000102171136654,0.000102171136654,0.000102171136654,0.000102171136654,0.000102171136654,0.000102171136654,0.000102171136654
2019-12-06,-0.001736731879246,-0.001736731879246,-0.001736731879246,-0.001736731879246,-0.001736731879246,-0.001736731879246,-0.001736731879246,-0.001736731879246,-0.001736731879246
2019-12-09,-0.0001,-0.0001,-0.0001,-0.0001,-0.0001,-0.0001,-0.0001,-0.0001,-0.0001
2019-12-10,0.0,0.0016408222825252,0.0016408222825252,0.0,0.0016408222825252,0.0016408222825252,0.0,0.0016408222825252,0.0016408222825252
2019-12-11,0.0009222335803731,0.0010222335803731,0.0010222335803731,0.0009222335803731,0.0010222335803731,0.0010222335803731,0.0009222335803731,0.0010222335803731,0.0010222335803731
2019-12-12,0.0003063569057952,0.0003063569057952,0.0003063569057952,0.0003063569057952,0.0003063569057952,0.0003063569057952,0.0003063569057952,0.0003063569057952,0.0003063569057952
2019-12-13,-0.0001,-0.001990710019907,-0.001990710019907,-0.001990710019907,-0.001990710019907,-0.001990710019907,-0.0001,-0.001990710019907,-0.001990710019907
2019-12-16,-4.8854337152193144e-05,5.114566284780686e-05,5.114566284780686e-05,5.114566284780686e-05,5.114566284780686e-05,5.114566284780686e-05,-4.8854337152193144e-05,5.114566284780686e-05,5.114566284780686e-05
2019-12-17,-0.002403723213829,-0.002403723213829,-0.002403723213829,-0.002403723213829,-0.002403723213829,-0.002403723213829,-0.002403723213829,-0.002403723213829,-0.002403723213829
2019-12-18,-0.0007689941556444,-0.0007689941556444,-0.0007689941556444,-0.0007689941556444,-0.0007689941556444,-0.0007689941556444,-0.0007689941556444,-0.0007689941556444,-0.0007689941556444
2019-12-19,0.0010774203478529,0.0010774203478529,0.0010774203478529,0.0010774203478529,0.0010774203478529,0.0010774203478529,0.0010774203478529,0.0010774203478529,0.0010774203478529
2019-12-20,0.0034850348503485,0.0034850348503485,0.0034850348503485,0.0034850348503485,0.0034850348503485,0.0034850348503485,0.0034850348503485,0.0034850348503485,0.0034850348503485
2019-12-23,0.0008682328907048,0.0008682328907048,0.0008682328907048,0.0008682328907048,0.0008682328907048,0.0008682328907048,0.0008682328907048,0.0008682328907048,0.0008682328907048
2019-12-24,-0.0001,-0.0001,0.0006123386232586,-0.0001,-0.0001,0.0006123386232586,-0.0001,-0.0001,0.0006123386232586
2019-12-25,0.0007669488500176999,0.0007669488500176999,0.0008669488500177,0.0007669488500176999,0.0007669488500176999,0.0008669488500177,0.0007669488500176999,0.0007669488500176999,0.0008669488500177
2019-12-26,0.0011719148068889,0.0011719148068889,0.0011719148068889,0.0011719148068889,0.0011719148068889,0.0011719148068889,0.0011719148068889,0.0011719148068889,0.0011719148068889
2019-12-27,-0.000508931752252,-0.000508931752252,-0.000508931752252,-0.000508931752252,-0.000508931752252,-0.000508931752252,-0.000508931752252,-0.000508931752252,-0.000508931752252
2019-12-30,-0.0001,-0.0001,-0.0001,-0.0001,-0.0001,-0.0001,-0.0001,-0.0001,-0.0001
2019-12-31,-0.000761914460285,-0.000761914460285,-0.000761914460285,-0.000761914460285,-0.000761914460285,-0.000761914460285,-0.000761914460285,-0.000761914460285,-0.000761914460285
2020-01-02,-0.0012228053192031,-0.0012228053192031,-0.0012228053192031,-0.0012228053192031,-0.0012228053192031,-0.0012228053192031,-0.0012228053192031,-0.0012228053192031,-0.0012228053192031
2020-01-03,-0.0001,-0.0001,-0.0001,-0.0001,-0.0001,-0.0001,-0.0001,-0.0001,-0.0001
2020-01-06,0.0,0.0,0.0019923705026794,0.0,0.0,0.0019923705026794,0.0,0.0,0.0019923705026794
2020-01-07,-0.0018824404155634,-0.0018824404155634,-0.0017824404155634,-0.0018824404155634,-0.0018824404155634,-0.0017824404155634,-0.0018824404155634,-0.0018824404155634,-0.0017824404155634
2020-01-08,0.0010713739094945,0.0010713739094945,0.0010713739094945,0.0010713739094945,0.0010713739094945,0.0010713739094945,0.0010713739094945,0.0010713739094945,0.0010713739094945
2020-01-09,0.0012231169095913,0.0012231169095913,0.0012231169095913,0.0012231169095913,0.0012231169095913,0.0012231169095913,0.0012231169095913,0.0012231169095913,0.0012231169095913
2020-01-10,-0.0001,-0.0001,-0.0001,-0.0001,-0.0001,-0.0001,0.0033594624860022,0.0033594624860022,0.0033594624860022
2020-01-13,-0.0007087662337662001,-0.0007087662337662001,-0.0007087662337662001,-0.0007087662337662001,-0.0007087662337662001,-0.0007087662337662001,-0.0006087662337662,-0.0006087662337662,-0.0006087662337662
2020-01-14,-0.0006091370558375,-0.0006091370558375,-0.0006091370558375,-0.0006091370558375,-0.0006091370558375,-0.0006091370558375,-0.0006091370558375,-0.0006091370558375,-0.0006091370558375
2020-01-15,-0.0001,0.0008634701340919,0.0008634701340919,-0.0001,0.0008634701340919,0.0008634701340919,-0.0001,0.0008634701340919,0.0008634701340919
2020-01-16,-0.0,-0.0001,-0.0001,-0.0008612281146917001,-0.0007612281146917,-0.0007612281146917,-0.0,-0.0001,-0.0001
2020-01-17,0.0016267648552565,0.0016267648552565,0.0016267648552565,0.0017267648552565,0.0017267648552565,0.0017267648552565,0.0016267648552565,0.0016267648552565,0.0016267648552565
2020-01-20,-0.0001,-0.0001,-0.0001,-0.0001,-0.0001,-0.0001,-0.0001,-0.0001,-0.0001
2020-01-21,0.0024274225344993,0.0024274225344993,0.0024274225344993,0.0024274225344993,0.0024274225344993,0.0024274225344993,0.0024274225344993,0.0024274225344993,0.0024274225344993
2020-01-22,-0.0001,-0.0001,-0.0001,-0.0001,-0.0001,-0.0001,-0.0001,-0.0001,-0.0001
2020-01-23,0.0055491475839806,0.0055491475839806,0.0055491475839806,0.0055491475839806,0.0055491475839806,0.0055491475839806,0.0055491475839806,0.0055491475839806,0.0055491475839806
2020-02-03,0.0128398033905106,0.0128398033905106,0.0128398033905106,0.0128398033905106,0.0128398033905106,0.0128398033905106,0.0128398033905106,0.0128398033905106,0.0128398033905106
2020-02-04,-0.0018322273942755,-0.0018322273942755,-0.0018322273942755,-0.0018322273942755,-0.0018322273942755,-0.0018322273942755,-0.0018322273942755,-0.0018322273942755,-0.0018322273942755
2020-02-05,0.0007937689140249,0.0007937689140249,0.0007937689140249,0.0007937689140249,0.0007937689140249,0.0007937689140249,0.0007937689140249,0.0007937689140249,0.0007937689140249
2020-02-06,0.000446140881376,0.000446140881376,0.000446140881376,0.000446140881376,0.000446140881376,0.000446140881376,0.000446140881376,0.000446140881376,0.000446140881376
2020-02-07,0.0026756515707067,0.0026756515707067,0.0026756515707067,0.0026756515707067,0.0026756515707067,0.0026756515707067,0.0026756515707067,0.0026756515707067,0.0026756515707067
2020-02-10,-0.0001,-0.0001,-0.0009883376161297,-0.0001,-0.0001,-0.0009883376161297,-0.0009883376161297,-0.0009883376161297,-0.0009883376161297
2020-02-11,-0.0035626038781161997,-0.0035626038781161997,-0.0034626038781162,-0.0035626038781161997,-0.0035626038781161997,-0.0034626038781162,-0.0034626038781162,-0.0034626038781162,-0.0034626038781162
2020-02-12,-0.0001489129355702,-0.0001489129355702,-0.0001489129355702,-0.0001,-0.0001489129355702,-0.0001489129355702,-0.0001489129355702,-0.0001489129355702,-0.0001489129355702
2020-02-13,0.0015389961773319,0.0015389961773319,0.0015389961773319,0.0014389961773319,0.0015389961773319,0.0015389961773319,0.0015389961773319,0.0015389961773319,0.0015389961773319
2020-02-14,-0.0001,-0.0001,-0.0001,-0.0001,-0.0001,-0.0001,-0.0001,-0.0001,-0.0001
2020-02-18,0.0035593312948016,0.0036593312948016,0.0036593312948016,0.0,0.0036593312948016,0.0036593312948016,0.0,0.0036593312948016,0.0036593312948016
2020-02-19,-9.989012086708549e-05,-9.989012086708549e-05,-9.989012086708549e-05,-0.00019989012086708548,-9.989012086708549e-05,-9.989012086708549e-05,-0.00019989012086708548,-9.989012086708549e-05,-9.989012086708549e-05
2020-02-20,-0.002147852147852,-0.002147852147852,-0.002147852147852,-0.002147852147852,-0.002147852147852,-0.002147852147852,-0.002147852147852,-0.002147852147852,-0.002147852147852
2020-02-21,-0.0001,0.0034539720678781,0.0034539720678781,0.0034539720678781,0.0034539720678781,0.0034539720678781,0.0034539720678781,0.0034539720678781,0.0034539720678781
2020-02-24,0.0022944926668661,0.0023944926668661,0.0023944926668661,0.0023944926668661,0.0023944926668661,0.0023944926668661,0.0023944926668661,0.0023944926668661,0.0023944926668661
2020-02-25,-0.0001990643973325,-0.0001990643973325,-0.0001990643973325,-0.0001990643973325,-0.0001990643973325,-0.0001990643973325,-0.0001990643973325,-0.0001990643973325,-0.0001990643973325
2020-02-26,-0.0001,-0.0001493280238924,-0.0001493280238924,-0.0001,-0.0001493280238924,-0.0001493280238924,-0.0001493280238924,-0.0001493280238924,-0.0001493280238924
2020-02-27,0.0017917707970329,0.0018917707970329,0.0018917707970329,0.0017917707970329,0.0018917707970329,0.0018917707970329,0.0018917707970329,0.0018917707970329,0.0018917707970329
2020-02-28,0.0048198757763975,0.0048198757763975,0.0048198757763975,0.0048198757763975,0.0048198757763975,0.0048198757763975,0.0048198757763975,0.0048198757763975,0.0048198757763975
2020-03-02,-0.0017802393432894,-0.0017802393432894,-0.0017802393432894,-0.0017802393432894,-0.0017802393432894,-0.0017802393432894,-0.0017802393432894,-0.0017802393432894,-0.0017802393432894
2020-03-03,-0.0013375606856237,-0.0013375606856237,-0.0013375606856237,-0.0013375606856237,-0.0013375606856237,-0.0013375606856237,-0.0013375606856237,-0.0013375606856237,-0.0013375606856237
2020-03-04,0.0042164789920133,0.0042164789920133,0.0042164789920133,0.0042164789920133,0.0042164789920133,0.0042164789920133,0.0042164789920133,0.0042164789920133,0.0042164789920133
2020-03-05,-0.0005433708753209,-0.0005433708753209,-0.0005433708753209,-0.0005433708753209,-0.0005433708753209,-0.0005433708753209,-0.0005433708753209,-0.0005433708753209,-0.0005433708753209
2020-03-06,0.0031137251025552,0.0031137251025552,0.0031137251025552,0.0031137251025552,0.0031137251025552,0.0031137251025552,0.0031137251025552,0.0031137251025552,0.0031137251025552
2020-03-09,0.0044836420969649,0.0044836420969649,0.0044836420969649,0.0044836420969649,0.0044836420969649,0.0044836420969649,0.0044836420969649,0.0044836420969649,0.0044836420969649
2020-03-10,-0.0072104772649237,-0.0072104772649237,-0.0072104772649237,-0.0072104772649237,-0.0072104772649237,-0.0072104772649237,-0.0072104772649237,-0.0072104772649237,-0.0072104772649237
2020-03-11,0.0032608695652174,0.0032608695652174,0.0032608695652174,0.0032608695652174,0.0032608695652174,0.0032608695652174,0.0032608695652174,0.0032608695652174,0.0032608695652174
2020-03-12,-0.00211760070915,-0.00211760070915,-0.00211760070915,-0.00211760070915,-0.00211760070915,-0.00211760070915,-0.00211760070915,-0.00211760070915,-0.00211760070915
2020-03-13,-0.0001,-0.0031584661698661,-0.0031584661698661,-0.0001,-0.0031584661698661,-0.0031584661698661,-0.0001,-0.0031584661698661,-0.0031584661698661
2020-03-16,0.0,-0.0001,-0.0001,0.0,-0.0001,-0.0001,0.0,-0.0001,-0.0001
2020-03-17,-0.0045031069113935,-0.0045031069113935,-0.0045031069113935,-0.0045031069113935,-0.0045031069113935,-0.0045031069113935,-0.0045031069113935,-0.0045031069113935,-0.0045031069113935
2020-03-18,0.0040250447227192,0.0040250447227192,0.0040250447227192,0.0040250447227192,0.0040250447227192,0.0040250447227192,0.0040250447227192,0.0040250447227192,0.0040250447227192
2020-03-19,-0.0001,-0.0001,-0.0037119524870081,-0.0037119524870081,-0.0037119524870081,-0.0037119524870081,-0.0001,-0.0001,-0.0037119524870081
2020-03-20,0.0,0.0016386984600097998,0.0017386984600098,0.0017386984600098,0.0017386984600098,0.0017386984600098,0.0,0.0016386984600097998,0.0017386984600098
2020-03-23,0.0,-0.0001,0.0050086784031737,-0.0001,-0.0001,0.0050086784031737,0.0,-0.0001,0.0050086784031737
2020-03-24,0.000344093555709,0.000344093555709,0.000444093555709,0.000344093555709,0.000344093555709,0.000444093555709,0.000344093555709,0.000344093555709,0.000444093555709
2020-03-25,0.0019235511713933,0.0019235511713933,0.0019235511713933,0.0019235511713933,0.0019235511713933,0.0019235511713933,0.0019235511713933,0.0019235511713933,0.0019235511713933
2020-03-26,-0.0001,0.0019690853598504,0.0019690853598504,0.0019690853598504,0.0019690853598504,0.0019690853598504,0.0019690853598504,0.0019690853598504,0.0019690853598504
2020-03-27,-0.0022617372506632,-0.0021617372506632,-0.0021617372506632,-0.0021617372506632,-0.0021617372506632,-0.0021617372506632,-0.0021617372506632,-0.0021617372506632,-0.0021617372506632
2020-03-30,0.0006400787789266,0.0006400787789266,0.0006400787789266,0.0006400787789266,0.0006400787789266,0.0006400787789266,0.0006400787789266,0.0006400787789266,0.0006400787789266
2020-03-31,-0.0001,-0.0001,-0.0001,-0.0001,-0.0001,-0.0001,-0.0001,-0.0001,-0.0001
2020-04-01,0.0019112828059847998,0.0019112828059847998,0.0019112828059847998,0.0019112828059847998,0.0019112828059847998,0.0019112828059847998,0.0019112828059847998,0.0019112828059847998,0.0019112828059847998
2020-04-02,-0.0025457749926562,-0.0025457749926562,-0.0025457749926562,-0.0025457749926562,-0.0025457749926562,-0.0025457749926562,-0.0025457749926562,-0.0025457749926562,-0.0025457749926562
2020-04-03,-0.0001,-0.0001,-0.0036320801020909,-0.0001,-0.0001,-0.0036320801020909,-0.0001,-0.0001,-0.0036320801020909
2020-04-07,0.0,0.0,0.0079310344827587,0.0,0.0,0.0079310344827587,0.0,0.0,0.0079310344827587
2020-04-08,0.0035166365280287003,0.0035166365280287003,0.0036166365280287,0.0,0.0,0.0036166365280287,0.0,0.0,0.0036166365280287
2020-04-09,-0.0028731434136839,-0.0028731434136839,-0.0028731434136839,-0.0029731434136838998,-0.0029731434136838998,-0.0028731434136839,-0.0029731434136838998,-0.0029731434136838998,-0.0028731434136839
2020-04-10,-0.0018069935534283,-0.0018069935534283,-0.0018069935534283,-0.0018069935534283,-0.0018069935534283,-0.0018069935534283,-0.0018069935534283,-0.0018069935534283,-0.0018069935534283
2020-04-13,0.000342482508929,0.000342482508929,0.000342482508929,0.000342482508929,0.000342482508929,0.000342482508929,0.000342482508929,0.000342482508929,0.000342482508929
2020-04-14,-0.0001467279663504,-0.0001467279663504,-0.0001467279663504,-0.0001467279663504,-0.0001467279663504,-0.0001467279663504,-0.0001467279663504,-0.0001467279663504,-0.0001467279663504
2020-04-15,0.0021034094800176,0.0021034094800176,0.0021034094800176,0.0021034094800176,0.0021034094800176,0.0021034094800176,0.0021034094800176,0.0021034094800176,0.0021034094800176
2020-04-16,-0.0001,-0.0001,0.0015620423703992,-0.0001,-0.0001,0.0015620423703992,0.0015620423703992,0.0015620423703992,0.0015620423703992
2020-04-17,-0.0028293108490106,-0.0028293108490106,-0.0027293108490106,-0.0028293108490106,-0.0028293108490106,-0.0027293108490106,-0.0027293108490106,-0.0027293108490106,-0.0027293108490106
2020-04-20,-0.0001,-0.0001,-0.0001,-0.0001,-0.0001,-0.0001,-0.0018082298895514,-0.0018082298895514,-0.0018082298895514
2020-04-21,0.0,0.00043855569155440004,0.00043855569155440004,0.0,0.00043855569155440004,0.00043855569155440004,-0.0001,0.0005385556915544,0.0005385556915544
2020-04-22,0.0024934625171264,0.0025934625171264,0.0025934625171264,0.0,-0.0001,0.0025934625171264,0.0,-0.0001,0.0025934625171264
2020-04-23,-0.0001,-0.0001,-0.0001,0.0,0.0,-0.0001,0.0,0.0,-0.0001
2020-04-24,0.0,0.0,0.0,0.0,0.0,0.0,0.0,0.0,0.0
2020-04-27,-0.0021326186904127,-0.0021326186904127,-0.0021326186904127,-0.0021326186904127,-0.0021326186904127,-0.0021326186904127,-0.0021326186904127,-0.0021326186904127,-0.0021326186904127
2020-04-28,0.00150332185636,0.00150332185636,0.00150332185636,0.00150332185636,0.00150332185636,0.00150332185636,0.00150332185636,0.00150332185636,0.00150332185636
2020-04-29,0.0020337013364322,0.0020337013364322,0.0020337013364322,0.0020337013364322,0.0020337013364322,0.0020337013364322,0.0020337013364322,0.0020337013364322,0.0020337013364322
2020-04-30,-0.0051222576592249,-0.0051222576592249,-0.0051222576592249,-0.0051222576592249,-0.0051222576592249,-0.0051222576592249,-0.0051222576592249,-0.0051222576592249,-0.0051222576592249
2020-05-06,-0.0029628910044685,-0.0029628910044685,-0.0029628910044685,-0.0029628910044685,-0.0029628910044685,-0.0029628910044685,-0.0029628910044685,-0.0029628910044685,-0.0029628910044685
2020-05-07,-0.0051639304330881,-0.0051639304330881,-0.0051639304330881,-0.0051639304330881,-0.0051639304330881,-0.0051639304330881,-0.0051639304330881,-0.0051639304330881,-0.0051639304330881
2020-05-08,-0.0001,-0.0001,-0.0001,-0.0001,-0.0001,-0.0001,0.0003427843886194,0.0003427843886194,0.0003427843886194
2020-05-11,-0.0,-0.0,-0.0050441942431955,-0.0,-0.0,-0.0050441942431955,-0.0001,-0.0001,-0.0049441942431955
2020-05-12,0.0024581738574309003,0.0024581738574309003,0.0025581738574309,0.0,0.0,0.0025581738574309,0.0,0.0,0.0025581738574309
2020-05-13,-0.0023553658177535,-0.0023553658177535,-0.0023553658177535,-0.0024553658177534996,-0.0024553658177534996,-0.0023553658177535,-0.0024553658177534996,-0.0024553658177534996,-0.0023553658177535
2020-05-14,0.0003934877772857,0.0003934877772857,0.0003934877772857,0.0003934877772857,0.0003934877772857,0.0003934877772857,0.0003934877772857,0.0003934877772857,0.0003934877772857
2020-05-18,-0.005143512658227801,-0.005143512658227801,-0.005143512658227801,-0.005143512658227801,-0.005143512658227801,-0.005143512658227801,-0.005143512658227801,-0.005143512658227801,-0.005143512658227801
2020-05-19,0.0008945432859557,0.0008945432859557,0.0008945432859557,0.0008945432859557,0.0008945432859557,0.0008945432859557,0.0008945432859557,0.0008945432859557,0.0008945432859557
2020-05-20,0.0022840119165838,0.0022840119165838,0.0022840119165838,0.0022840119165838,0.0022840119165838,0.0022840119165838,0.0022840119165838,0.0022840119165838,0.0022840119165838
2020-05-21,0.00108986426236,0.00108986426236,0.00108986426236,0.00108986426236,0.00108986426236,0.00108986426236,0.00108986426236,0.00108986426236,0.00108986426236
2020-05-22,0.006779493269992,0.006779493269992,0.006779493269992,0.006779493269992,0.006779493269992,0.006779493269992,0.006779493269992,0.006779493269992,0.006779493269992
2020-05-25,-0.005013516834603,-0.005013516834603,-0.005013516834603,-0.005013516834603,-0.005013516834603,-0.005013516834603,-0.005013516834603,-0.005013516834603,-0.005013516834603
2020-05-26,-0.0041495825717532,-0.0041495825717532,-0.0041495825717532,-0.0041495825717532,-0.0041495825717532,-0.0041495825717532,-0.0041495825717532,-0.0041495825717532,-0.0041495825717532
2020-05-27,0.0012897465152039,0.0012897465152039,0.0012897465152039,0.0012897465152039,0.0012897465152039,0.0012897465152039,0.0012897465152039,0.0012897465152039,0.0012897465152039
2020-05-28,0.002526628684667,0.002526628684667,0.002526628684667,0.002526628684667,0.002526628684667,0.002526628684667,0.002526628684667,0.002526628684667,0.002526628684667
2020-05-29,-0.0001,-0.0019272583514529,-0.0019272583514529,-0.0001,-0.0019272583514529,-0.0019272583514529,-0.0001,-0.0019272583514529,-0.0019272583514529
2020-06-01,-0.0018824429370697,-0.0017824429370697,-0.0017824429370697,-0.0018824429370697,-0.0017824429370697,-0.0017824429370697,-0.0018824429370697,-0.0017824429370697,-0.0017824429370697
2020-06-02,-0.0050096721392789,-0.0050096721392789,-0.0050096721392789,-0.0001,-0.0050096721392789,-0.0050096721392789,-0.0001,-0.0050096721392789,-0.0050096721392789
2020-06-03,-0.0001,-0.0001,0.0007477567298106,0.0,-0.0001,0.0007477567298106,0.0,-0.0001,0.0007477567298106
2020-06-04,-0.0,-0.0,-0.0026899128268991,-0.0,-0.0,-0.0026899128268991,-0.0,-0.0,-0.0026899128268991
2020-06-05,-0.0026972728634933997,-0.0026972728634933997,-0.0025972728634934,-0.0026972728634933997,-0.0026972728634933997,-0.0025972728634934,-0.0026972728634933997,-0.0026972728634933997,-0.0025972728634934
2020-06-08,-0.0001,-0.0001,-0.0001,-0.0001,-0.0001,-0.0001,-0.0001,-0.0001,-0.0001
2020-06-09,-0.0013478163214374,-0.0013478163214374,-0.0013478163214374,-0.0013478163214374,-0.0013478163214374,-0.0013478163214374,-0.0013478163214374,-0.0013478163214374,-0.0013478163214374
2020-06-10,0.0007496251874063,0.0007496251874063,0.0007496251874063,0.0007496251874063,0.0007496251874063,0.0007496251874063,0.0007496251874063,0.0007496251874063,0.0007496251874063
2020-06-11,-0.0001,0.0031460674157304,0.0031460674157304,0.0031460674157304,0.0031460674157304,0.0031460674157304,-0.0001,0.0031460674157304,0.0031460674157304
2020-06-12,0.0020405814416568,0.0021405814416568,0.0021405814416568,0.0021405814416568,0.0021405814416568,0.0021405814416568,0.0020405814416568,0.0021405814416568,0.0021405814416568
2020-06-15,0.0012915404103124,0.0012915404103124,0.0012915404103124,0.0012915404103124,0.0012915404103124,0.0012915404103124,0.0012915404103124,0.0012915404103124,0.0012915404103124
2020-06-16,-0.0062013196408196,-0.0062013196408196,-0.0062013196408196,-0.0062013196408196,-0.0062013196408196,-0.0062013196408196,-0.0062013196408196,-0.0062013196408196,-0.0062013196408196
2020-06-17,-0.0009484824281149,-0.0009484824281149,-0.0009484824281149,-0.0009484824281149,-0.0009484824281149,-0.0009484824281149,-0.0009484824281149,-0.0009484824281149,-0.0009484824281149
2020-06-18,0.0012991555488932,0.0012991555488932,0.0012991555488932,0.0012991555488932,0.0012991555488932,0.0012991555488932,0.0012991555488932,0.0012991555488932,0.0012991555488932
2020-06-19,0.0002495134487749,0.0002495134487749,0.0002495134487749,0.0002495134487749,0.0002495134487749,0.0002495134487749,0.0002495134487749,0.0002495134487749,0.0002495134487749
2020-06-22,-0.0026940730393134,-0.0026940730393134,-0.0026940730393134,-0.0026940730393134,-0.0026940730393134,-0.0026940730393134,-0.0026940730393134,-0.0026940730393134,-0.0026940730393134
2020-06-23,-0.0001,-0.0001,-0.0001,-0.0001,-0.0001,-0.0001,-0.00040020010005,-0.00040020010005,-0.00040020010005
2020-06-24,0.0,0.0,0.0,0.0,0.0,0.0,-0.0001,-0.0001,-0.0001
2020-06-29,0.0003493484447551,0.0003493484447551,0.0003493484447551,0.0003493484447551,0.0003493484447551,0.0003493484447551,0.0003493484447551,0.0003493484447551,0.0003493484447551
2020-06-30,0.0012476295039425,0.0012476295039425,0.0012476295039425,0.0012476295039425,0.0012476295039425,0.0012476295039425,0.0012476295039425,0.0012476295039425,0.0012476295039425
2020-07-01,-0.0001,-0.0001,-0.0001,-0.0006479589293724,-0.0006479589293724,-0.0006479589293724,-0.0001,-0.0001,-0.0001
2020-07-02,0.0,0.0,0.0,-0.0001,-0.0001,-0.0001,0.0,0.0,0.0
2020-07-03,-0.0031914983794564997,-0.0031914983794564997,-0.0031914983794564997,-0.0,-0.0031914983794564997,-0.0031914983794564997,-0.0,-0.0031914983794564997,-0.0031914983794564997
2020-07-06,-0.0103036062621917,-0.0103036062621917,-0.0103036062621917,-0.0104036062621917,-0.0103036062621917,-0.0103036062621917,-0.0104036062621917,-0.0103036062621917,-0.0103036062621917
2020-07-07,-0.0001,-0.0001,-0.0001,-0.0001,-0.0001,-0.0001,-0.0001,-0.0001,-0.0001
2020-07-08,-0.0044952712943315005,-0.0044952712943315005,-0.0044952712943315005,-0.0044952712943315005,-0.0044952712943315005,-0.0044952712943315005,-0.0044952712943315005,-0.0044952712943315005,-0.0044952712943315005
2020-07-09,-0.0010148678134672,-0.0010148678134672,-0.0010148678134672,-0.0010148678134672,-0.0010148678134672,-0.0010148678134672,-0.0010148678134672,-0.0010148678134672,-0.0010148678134672
2020-07-10,-0.0001,-0.0001,0.001371463402245,0.001371463402245,0.001371463402245,0.001371463402245,-0.0001,-0.0001,0.001371463402245
2020-07-13,-0.0020275641675965997,-0.0020275641675965997,-0.0019275641675966,-0.0019275641675966,-0.0019275641675966,-0.0019275641675966,-0.0020275641675965997,-0.0020275641675965997,-0.0019275641675966
2020-07-14,-0.0001,-0.0001,0.0024395202276885,-0.0001,-0.0001,0.0024395202276885,0.0024395202276885,0.0024395202276885,0.0024395202276885
2020-07-15,0.0040066720746298,0.0040066720746298,0.0041066720746298,0.0040066720746298,0.0040066720746298,0.0041066720746298,0.0041066720746298,0.0041066720746298,0.0041066720746298
2020-07-16,0.0024741226962887,0.0024741226962887,0.0024741226962887,0.0024741226962887,0.0024741226962887,0.0024741226962887,0.0024741226962887,0.0024741226962887,0.0024741226962887
2020-07-17,-0.0008562506295959,-0.0008562506295959,-0.0008562506295959,-0.0008562506295959,-0.0008562506295959,-0.0008562506295959,-0.0008562506295959,-0.0008562506295959,-0.0008562506295959
2020-07-20,0.0006049301809749,0.0006049301809749,0.0006049301809749,0.0006049301809749,0.0006049301809749,0.0006049301809749,0.0006049301809749,0.0006049301809749,0.0006049301809749
2020-07-21,0.0014106504105999,0.0014106504105999,0.0014106504105999,0.0014106504105999,0.0014106504105999,0.0014106504105999,0.0014106504105999,0.0014106504105999,0.0014106504105999
2020-07-22,0.0038738240177087,0.0038738240177087,0.0038738240177087,0.0038738240177087,0.0038738240177087,0.0038738240177087,0.0038738240177087,0.0038738240177087,0.0038738240177087
2020-07-23,-0.0001,-0.0001,-0.0001,-0.0001,-0.0001,-0.0001,-0.0011526510975242,-0.0011526510975242,-0.0011526510975242
2020-07-24,0.0,0.0,0.0,0.0,0.0,0.0,-0.0001,-0.0001,-0.0001
2020-07-27,-0.0014001950292543,-0.0014001950292543,-0.0014001950292543,-0.0014001950292543,-0.0014001950292543,-0.0014001950292543,-0.0014001950292543,-0.0014001950292543,-0.0014001950292543
2020-07-28,-0.0035551549747133,-0.0035551549747133,-0.0035551549747133,-0.0001,-0.0001,-0.0001,-0.0001,-0.0001,-0.0001
2020-07-29,-0.0026633165829146,-0.0026633165829146,-0.0026633165829146,-0.0027633165829146,-0.0027633165829146,-0.0027633165829146,-0.0027633165829146,-0.0027633165829146,-0.0027633165829146
2020-07-30,-0.0007557817302363,-0.0007557817302363,-0.0007557817302363,-0.0007557817302363,-0.0007557817302363,-0.0007557817302363,-0.0007557817302363,-0.0007557817302363,-0.0007557817302363
2020-07-31,-0.0032271077047195,-0.0032271077047195,-0.0032271077047195,-0.0032271077047195,-0.0032271077047195,-0.0032271077047195,-0.0032271077047195,-0.0032271077047195,-0.0032271077047195
2020-08-03,-0.0001,-0.0001,-0.0001,-0.0001,-0.0001,-0.0001,-0.0001,-0.0001,-0.0001
2020-08-04,0.0011112647622892,0.0011112647622892,0.0011112647622892,0.0011112647622892,0.0011112647622892,0.0011112647622892,0.0011112647622892,0.0011112647622892,0.0011112647622892
2020-08-05,-0.0020163322915617,-0.0020163322915617,-0.0020163322915617,-0.0020163322915617,-0.0020163322915617,-0.0020163322915617,-0.0020163322915617,-0.0020163322915617,-0.0020163322915617
2020-08-06,-0.0010102030508131,-0.0010102030508131,-0.0010102030508131,-0.0010102030508131,-0.0010102030508131,-0.0010102030508131,-0.0010102030508131,-0.0010102030508131,-0.0010102030508131
2020-08-07,-0.000960663363333,-0.000960663363333,-0.000960663363333,-0.000960663363333,-0.000960663363333,-0.000960663363333,-0.000960663363333,-0.000960663363333,-0.000960663363333
2020-08-10,0.0047573257755959,0.0047573257755959,0.0047573257755959,0.0047573257755959,0.0047573257755959,0.0047573257755959,0.0047573257755959,0.0047573257755959,0.0047573257755959
2020-08-11,-0.0001,-0.0007051830957538,-0.0007051830957538,-0.0001,-0.0007051830957538,-0.0007051830957538,-0.0001,-0.0007051830957538,-0.0007051830957538
2020-08-12,0.0009585210948132999,0.0010585210948133,0.0010585210948133,0.0009585210948132999,0.0010585210948133,0.0010585210948133,0.0009585210948132999,0.0010585210948133,0.0010585210948133
2020-08-13,-0.0001,-0.0001,-0.0001,-0.0001,-0.0001,-0.0001,-0.0001,-0.0001,-0.0001
2020-08-14,0.0016114668277458,0.0016114668277458,0.0016114668277458,0.0016114668277458,0.0016114668277458,0.0016114668277458,0.0016114668277458,0.0016114668277458,0.0016114668277458
2020-08-17,0.0006030150753768,0.0006030150753768,0.0006030150753768,0.0006030150753768,0.0006030150753768,0.0006030150753768,0.0006030150753768,0.0006030150753768,0.0006030150753768
2020-08-18,-0.0019586179188429,-0.0019586179188429,-0.0019586179188429,-0.0019586179188429,-0.0019586179188429,-0.0019586179188429,-0.0019586179188429,-0.0019586179188429,-0.0019586179188429
2020-08-19,-0.0031198107985708,-0.0031198107985708,-0.0031198107985708,-0.0031198107985708,-0.0031198107985708,-0.0031198107985708,-0.0031198107985708,-0.0031198107985708,-0.0031198107985708
2020-08-24,-0.00106564342346,-0.00096564342346,-0.00096564342346,-0.00106564342346,-0.00096564342346,-0.00096564342346,-0.00096564342346,-0.00096564342346,-0.00096564342346
2020-08-25,-0.0035610723915143,-0.0035610723915143,-0.0035610723915143,-0.0035610723915143,-0.0035610723915143,-0.0035610723915143,-0.0035610723915143,-0.0035610723915143,-0.0035610723915143
2020-08-27,-0.0011231939551743,-0.0011231939551743,-0.0011231939551743,-0.0011231939551743,-0.0011231939551743,-0.0011231939551743,-0.0011231939551743,-0.0011231939551743,-0.0011231939551743
2020-08-28,-0.0003066700741118,-0.0003066700741118,-0.0003066700741118,-0.0003066700741118,-0.0003066700741118,-0.0003066700741118,-0.0003066700741118,-0.0003066700741118,-0.0003066700741118
2020-08-31,0.00255636791247,0.00255636791247,0.00255636791247,0.00255636791247,0.00255636791247,0.00255636791247,0.00255636791247,0.00255636791247,0.00255636791247
2020-09-01,-0.0007649548676628,-0.0007649548676628,-0.0007649548676628,-0.0007649548676628,-0.0007649548676628,-0.0007649548676628,-0.0007649548676628,-0.0007649548676628,-0.0007649548676628
2020-09-02,-0.0001,-0.0001,-0.0028069817291007,-0.0001,-0.0001,-0.0028069817291007,-0.0001,-0.0001,-0.0028069817291007
2020-09-03,0.0014353907569477,0.0014353907569477,0.0015353907569477,0.0014353907569477,0.0014353907569477,0.0015353907569477,0.0014353907569477,0.0014353907569477,0.0015353907569477
2020-09-04,-0.00158413817773,-0.00158413817773,-0.00158413817773,-0.00158413817773,-0.00158413817773,-0.00158413817773,-0.00158413817773,-0.00158413817773,-0.00158413817773
2020-09-07,-0.0010236462278635,-0.0010236462278635,-0.0010236462278635,-0.0010236462278635,-0.0010236462278635,-0.0010236462278635,-0.0010236462278635,-0.0010236462278635,-0.0010236462278635
2020-09-08,0.0031765549748949,0.0031765549748949,0.0031765549748949,0.0031765549748949,0.0031765549748949,0.0031765549748949,0.0031765549748949,0.0031765549748949,0.0031765549748949
2020-09-09,-0.0001,0.0037793667007148,0.0037793667007148,-0.0001,0.0037793667007148,0.0037793667007148,-0.0001,0.0037793667007148,0.0037793667007148
2020-09-10,0.000612323191208,0.000712323191208,0.000712323191208,0.000612323191208,0.000712323191208,0.000712323191208,0.000612323191208,0.000712323191208,0.000712323191208
2020-09-11,-0.0048810250152532,-0.0048810250152532,-0.0048810250152532,-0.0048810250152532,-0.0048810250152532,-0.0048810250152532,-0.0048810250152532,-0.0048810250152532,-0.0048810250152532
2020-09-14,-0.0016349887594522,-0.0016349887594522,-0.0016349887594522,-0.0016349887594522,-0.0016349887594522,-0.0016349887594522,-0.0016349887594522,-0.0016349887594522,-0.0016349887594522
2020-09-15,-0.0001,-0.0001,0.0034288638689865,0.0034288638689865,0.0034288638689865,0.0034288638689865,-0.0001,-0.0001,0.0034288638689865
2020-09-16,-0.0009160350895087001,-0.0009160350895087001,-0.0008160350895087,-0.0008160350895087,-0.0008160350895087,-0.0008160350895087,-0.0009160350895087001,-0.0009160350895087001,-0.0008160350895087
2020-09-17,-0.0007146138532999,-0.0007146138532999,-0.0007146138532999,-0.0007146138532999,-0.0007146138532999,-0.0007146138532999,-0.0007146138532999,-0.0007146138532999,-0.0007146138532999
2020-09-18,-0.0001,-0.0002043213975584,-0.0002043213975584,-0.0001,-0.0002043213975584,-0.0002043213975584,-0.0001,-0.0002043213975584,-0.0002043213975584
2020-09-21,0.0038850814898074002,0.0039850814898074,0.0039850814898074,0.0038850814898074002,0.0039850814898074,0.0039850814898074,0.0038850814898074002,0.0039850814898074,0.0039850814898074
2020-09-22,0.0029515037402676,0.0029515037402676,0.0029515037402676,0.0029515037402676,0.0029515037402676,0.0029515037402676,0.0029515037402676,0.0029515037402676,0.0029515037402676
2020-09-23,-0.0013191942767263,-0.0013191942767263,-0.0013191942767263,-0.0013191942767263,-0.0013191942767263,-0.0013191942767263,-0.0013191942767263,-0.0013191942767263,-0.0013191942767263
2020-09-24,-0.000711273687954,-0.000711273687954,-0.000711273687954,-0.000711273687954,-0.000711273687954,-0.000711273687954,-0.000711273687954,-0.000711273687954,-0.000711273687954
2020-09-25,-0.0001,-0.0024912298540851,-0.0024912298540851,-0.0001,-0.0024912298540851,-0.0024912298540851,-0.0001,-0.0024912298540851,-0.0024912298540851
2020-09-28,0.0016838939857288,0.0017838939857288,0.0017838939857288,0.0016838939857288,0.0017838939857288,0.0017838939857288,0.0016838939857288,0.0017838939857288,0.0017838939857288
2020-09-29,-0.0023403714067667,-0.0023403714067667,-0.0023403714067667,-0.0023403714067667,-0.0023403714067667,-0.0023403714067667,-0.0023403714067667,-0.0023403714067667,-0.0023403714067667
2020-09-30,-0.0001,-0.002753837523586,-0.002753837523586,-0.002753837523586,-0.002753837523586,-0.002753837523586,-0.002753837523586,-0.002753837523586,-0.002753837523586
2020-10-09,-0.0,-0.0001,-0.0001,-0.0001,-0.0001,-0.0001,-0.0001,-0.0001,-0.0001
2020-10-12,0.0016443948489046,0.0016443948489046,0.0016443948489046,0.0016443948489046,0.0016443948489046,0.0016443948489046,0.0016443948489046,0.0016443948489046,0.0016443948489046
2020-10-13,-0.000921895006402,-0.000921895006402,-0.000921895006402,-0.000921895006402,-0.000921895006402,-0.000921895006402,-0.000921895006402,-0.000921895006402,-0.000921895006402
2020-10-14,-0.0001,-0.0001025272978929,-0.0001025272978929,-0.0001025272978929,-0.0001025272978929,-0.0001025272978929,-0.0001,-0.0001025272978929,-0.0001025272978929
2020-10-15,-0.0018431427839015,-0.0017431427839015,-0.0017431427839015,-0.0017431427839015,-0.0017431427839015,-0.0017431427839015,-0.0018431427839015,-0.0017431427839015,-0.0017431427839015
2020-10-16,0.0014380360536181,0.0014380360536181,0.0014380360536181,0.0014380360536181,0.0014380360536181,0.0014380360536181,0.0014380360536181,0.0014380360536181,0.0014380360536181
2020-10-19,0.0032822196010051,0.0032822196010051,0.0032822196010051,0.0032822196010051,0.0032822196010051,0.0032822196010051,0.0032822196010051,0.0032822196010051,0.0032822196010051
2020-10-20,-0.0001,-0.0001,-0.0001,-0.0001,-0.0001,-0.0001,-0.0001,-0.0001,-0.0001
2020-10-21,-0.0006619412515964001,-0.0006619412515964001,-0.0006619412515964001,-0.0006619412515964001,-0.0006619412515964001,-0.0006619412515964001,-0.0006619412515964001,-0.0006619412515964001,-0.0006619412515964001
2020-10-22,0.003169086076467,0.003169086076467,0.003169086076467,0.003169086076467,0.003169086076467,0.003169086076467,0.003169086076467,0.003169086076467,0.003169086076467
2020-10-23,-0.0016814429837969,-0.0016814429837969,-0.0016814429837969,-0.0016814429837969,-0.0016814429837969,-0.0016814429837969,-0.0016814429837969,-0.0016814429837969,-0.0016814429837969
2020-10-26,-0.0001,0.000255193181238,0.000255193181238,0.000255193181238,0.000255193181238,0.000255193181238,-0.0001,0.000255193181238,0.000255193181238
2020-10-27,0.0021961526686398,0.0022961526686398,0.0022961526686398,0.0022961526686398,0.0022961526686398,0.0022961526686398,0.0021961526686398,0.0022961526686398,0.0022961526686398
2020-10-28,-0.0001,-0.0001,-0.0001,-0.0001,-0.0001,-0.0001,-0.0001,-0.0001,-0.0001
2020-10-29,-0.0012208477684939,-0.0012208477684939,-0.0012208477684939,-0.0012208477684939,-0.0012208477684939,-0.0012208477684939,-0.0012208477684939,-0.0012208477684939,-0.0012208477684939
2020-10-30,0.0005610527389574,0.0005610527389574,0.0005610527389574,0.0005610527389574,0.0005610527389574,0.0005610527389574,0.0005610527389574,0.0005610527389574,0.0005610527389574
2020-11-02,0.0021919763470459,0.0021919763470459,0.0021919763470459,0.0021919763470459,0.0021919763470459,0.0021919763470459,0.0021919763470459,0.0021919763470459,0.0021919763470459
2020-11-03,-0.0001,-0.0001,-0.0001,-0.0001,-0.0001,-0.0001,-0.0001,-0.0001,-0.0001
2020-11-04,0.0008659870862779,0.0008659870862779,0.0008659870862779,0.0008659870862779,0.0008659870862779,0.0008659870862779,0.0008659870862779,0.0008659870862779,0.0008659870862779
2020-11-05,-0.0001,-0.0001,-0.0001,-0.0001,-0.0001,-0.0001,-0.0001,-0.0001,-0.0001
2020-11-06,-0.0024906408952186,-0.0024906408952186,-0.0024906408952186,-0.0024906408952186,-0.0024906408952186,-0.0024906408952186,-0.0024906408952186,-0.0024906408952186,-0.0024906408952186
2020-11-09,-0.0018865038494876,-0.0018865038494876,-0.0018865038494876,-0.0018865038494876,-0.0018865038494876,-0.0018865038494876,-0.0018865038494876,-0.0018865038494876,-0.0018865038494876
2020-11-10,0.0004597466285247,0.0004597466285247,0.0004597466285247,0.0004597466285247,0.0004597466285247,0.0004597466285247,0.0004597466285247,0.0004597466285247,0.0004597466285247
2020-11-11,-5.105948429917628e-05,-5.105948429917628e-05,-5.105948429917628e-05,-5.105948429917628e-05,-5.105948429917628e-05,-5.105948429917628e-05,-5.105948429917628e-05,-5.105948429917628e-05,-5.105948429917628e-05
2020-11-12,-0.0007659313725491,-0.0007659313725491,-0.0007659313725491,-0.0007659313725491,-0.0007659313725491,-0.0007659313725491,-0.0007659313725491,-0.0007659313725491,-0.0007659313725491
2020-11-13,-0.0021462517246665,-0.0021462517246665,-0.0021462517246665,-0.0021462517246665,-0.0021462517246665,-0.0021462517246665,-0.0021462517246665,-0.0021462517246665,-0.0021462517246665
2020-11-16,-0.0001,-0.0001,-0.0001536334306344,-0.0001,-0.0001,-0.0001536334306344,-0.0001536334306344,-0.0001536334306344,-0.0001536334306344
2020-11-17,-0.0011755992624462,-0.0011755992624462,-0.0010755992624462,-0.0011755992624462,-0.0011755992624462,-0.0010755992624462,-0.0010755992624462,-0.0010755992624462,-0.0010755992624462
2020-11-18,-0.0030764497769573,-0.0030764497769573,-0.0030764497769573,-0.0030764497769573,-0.0030764497769573,-0.0030764497769573,-0.0030764497769573,-0.0030764497769573,-0.0030764497769573
2020-11-19,-0.0007200534896878,-0.0007200534896878,-0.0007200534896878,-0.0007200534896878,-0.0007200534896878,-0.0007200534896878,-0.0007200534896878,-0.0007200534896878,-0.0007200534896878
2020-11-23,0.0027344671201814,0.0027344671201814,0.0028344671201814,0.0027344671201814,0.0027344671201814,0.0028344671201814,0.0027344671201814,0.0027344671201814,0.0028344671201814
2020-11-24,-0.0011305822498586,-0.0011305822498586,-0.0011305822498586,-0.0011305822498586,-0.0011305822498586,-0.0011305822498586,-0.0011305822498586,-0.0011305822498586,-0.0011305822498586
2020-11-25,0.0027267582445851,0.0027267582445851,0.0027267582445851,0.0027267582445851,0.0027267582445851,0.0027267582445851,0.0027267582445851,0.0027267582445851,0.0027267582445851
2020-11-26,-0.0001,-0.0001,-0.0001,-0.0001,-0.0001,-0.0001,-0.0013853258081067,-0.0013853258081067,-0.0013853258081067
2020-11-27,-0.0015386271386733002,-0.0015386271386733002,-0.0015386271386733002,-0.0015386271386733002,-0.0015386271386733002,-0.0015386271386733002,-0.0014386271386733,-0.0014386271386733,-0.0014386271386733
2020-11-30,0.0050939027527656,0.0050939027527656,0.0050939027527656,-0.0001,-0.0001,-0.0001,-0.0001,-0.0001,-0.0001
2020-12-01,-0.0018941333060304,-0.0018941333060304,-0.0018941333060304,-0.0019941333060303997,-0.0019941333060303997,-0.0019941333060303997,-0.0019941333060303997,-0.0019941333060303997,-0.0019941333060303997
2020-12-02,-0.0023593373339488,-0.0023593373339488,-0.0023593373339488,-0.0023593373339488,-0.0023593373339488,-0.0023593373339488,-0.0023593373339488,-0.0023593373339488,-0.0023593373339488
2020-12-03,-0.0002056449539868,-0.0002056449539868,-0.0002056449539868,-0.0002056449539868,-0.0002056449539868,-0.0002056449539868,-0.0002056449539868,-0.0002056449539868,-0.0002056449539868
2020-12-04,0.0020568725253253,0.0020568725253253,0.0020568725253253,0.0020568725253253,0.0020568725253253,0.0020568725253253,0.0020568725253253,0.0020568725253253,0.0020568725253253
2020-12-07,-0.0001,-0.0001,-0.0001,-0.0001,-0.0001,-0.0001,-0.0001,-0.0001,-0.0001
2020-12-08,0.0,0.0,0.0022121981296885002,0.0,0.0,0.0022121981296885002,0.0,0.0,0.0022121981296885002
2020-12-09,-0.0004588455426256,-0.0004588455426256,-0.0003588455426256,-0.0004588455426256,-0.0004588455426256,-0.0003588455426256,-0.0004588455426256,-0.0004588455426256,-0.0003588455426256
2020-12-10,0.0004615384615385,0.0004615384615385,0.0004615384615385,0.0004615384615385,0.0004615384615385,0.0004615384615385,0.0004615384615385,0.0004615384615385,0.0004615384615385
2020-12-11,-0.0001,-0.0001,-0.0033830539750884,-0.0033830539750884,-0.0033830539750884,-0.0033830539750884,-0.0033830539750884,-0.0033830539750884,-0.0033830539750884
2020-12-14,-4.8567607879423844e-05,-4.8567607879423844e-05,5.143239212057616e-05,5.143239212057616e-05,5.143239212057616e-05,5.143239212057616e-05,5.143239212057616e-05,5.143239212057616e-05,5.143239212057616e-05
2020-12-15,0.0014400329150381,0.0014400329150381,0.0014400329150381,0.0014400329150381,0.0014400329150381,0.0014400329150381,0.0014400329150381,0.0014400329150381,0.0014400329150381
2020-12-16,-0.0001540673788003,-0.0001540673788003,-0.0001540673788003,-0.0001540673788003,-0.0001540673788003,-0.0001540673788003,-0.0001540673788003,-0.0001540673788003,-0.0001540673788003
2020-12-17,-0.0012840926601263,-0.0012840926601263,-0.0012840926601263,-0.0012840926601263,-0.0012840926601263,-0.0012840926601263,-0.0012840926601263,-0.0012840926601263,-0.0012840926601263
2020-12-18,-0.001594322155935,-0.001594322155935,-0.001594322155935,-0.001594322155935,-0.001594322155935,-0.001594322155935,-0.001594322155935,-0.001594322155935,-0.001594322155935
2020-12-21,0.0021119868129604,0.0021119868129604,0.0021119868129604,0.0021119868129604,0.0021119868129604,0.0021119868129604,0.0021119868129604,0.0021119868129604,0.0021119868129604
2020-12-22,0.0037010383468696,0.0037010383468696,0.0037010383468696,0.0037010383468696,0.0037010383468696,0.0037010383468696,0.0037010383468696,0.0037010383468696,0.0037010383468696
2020-12-23,0.0011779166239886,0.0011779166239886,0.0011779166239886,0.0011779166239886,0.0011779166239886,0.0011779166239886,0.0011779166239886,0.0011779166239886,0.0011779166239886
2020-12-24,-0.0014322983272802,-0.0014322983272802,-0.0014322983272802,-0.0014322983272802,-0.0014322983272802,-0.0014322983272802,-0.0014322983272802,-0.0014322983272802,-0.0014322983272802
2020-12-25,0.0025613441934326,0.0025613441934326,0.0025613441934326,0.0025613441934326,0.0025613441934326,0.0025613441934326,0.0025613441934326,0.0025613441934326,0.0025613441934326
2020-12-28,-0.0001,0.0002554800470082,0.0002554800470082,-0.0001,0.0002554800470082,0.0002554800470082,-0.0001,0.0002554800470082,0.0002554800470082
2020-12-29,0.0013303228442991,0.0014303228442991,0.0014303228442991,0.0013303228442991,0.0014303228442991,0.0014303228442991,0.0013303228442991,0.0014303228442991,0.0014303228442991
2020-12-30,0.0019383799224648,0.0019383799224648,0.0019383799224648,0.0019383799224648,0.0019383799224648,0.0019383799224648,0.0019383799224648,0.0019383799224648,0.0019383799224648
2020-12-31,-0.0001,-0.0021891864372262,-0.0021891864372262,-0.0001,-0.0021891864372262,-0.0021891864372262,-0.0001,-0.0021891864372262,-0.0021891864372262
2021-01-04,-0.0,-0.0001,-0.001581713352722,-0.0,-0.0001,-0.001581713352722,-0.0,-0.0001,-0.001581713352722
2021-01-05,0.0022507767784136,0.0022507767784136,0.0023507767784136,0.0022507767784136,0.0022507767784136,0.0023507767784136,0.0022507767784136,0.0022507767784136,0.0023507767784136
2021-01-06,0.0003568879371877,0.0003568879371877,0.0003568879371877,0.0003568879371877,0.0003568879371877,0.0003568879371877,0.0003568879371877,0.0003568879371877,0.0003568879371877
2021-01-07,-0.0001,-0.0001,-0.0001,-0.0001,-0.0001,-0.0001,-0.0001,-0.0001,-0.0001
2021-01-08,-0.0019853503184713,-0.0019853503184713,-0.0019853503184713,-0.0019853503184713,-0.0019853503184713,-0.0019853503184713,-0.0019853503184713,-0.0019853503184713,-0.0019853503184713
2021-01-11,-0.0010720849499694,-0.0010720849499694,-0.0010720849499694,-0.0010720849499694,-0.0010720849499694,-0.0010720849499694,-0.0010720849499694,-0.0010720849499694,-0.0010720849499694
2021-01-12,-0.0001,-0.0001,0.0013287678233762,-0.0001,-0.0001,0.0013287678233762,-0.0001,-0.0001,0.0013287678233762
2021-01-13,0.0006655795437146999,0.0006655795437146999,0.0007655795437147,0.0006655795437146999,0.0006655795437146999,0.0007655795437147,0.0006655795437146999,0.0006655795437146999,0.0007655795437147
2021-01-14,0.0016319869441043,0.0016319869441043,0.0016319869441043,-0.0001,0.0016319869441043,0.0016319869441043,-0.0001,0.0016319869441043,0.0016319869441043
2021-01-15,-0.0001,-0.0028513238289206,-0.0028513238289206,-0.0,-0.0028513238289206,-0.0028513238289206,-0.0,-0.0028513238289206,-0.0028513238289206
2021-01-18,-0.001070179738562,-0.000970179738562,-0.000970179738562,-0.001070179738562,-0.000970179738562,-0.000970179738562,-0.001070179738562,-0.000970179738562,-0.000970179738562
2021-01-19,-0.0001,-0.0001,-0.0001,-0.0001,-0.0001,-0.0001,0.0003577817531306,0.0003577817531306,0.0003577817531306
2021-01-20,0.0010240547721233999,0.0010240547721233999,0.0010240547721233999,0.0010240547721233999,0.0010240547721233999,0.0010240547721233999,0.0011240547721234,0.0011240547721234,0.0011240547721234
2021-01-21,0.0021945493518424,0.0021945493518424,0.0021945493518424,0.0021945493518424,0.0021945493518424,0.0021945493518424,0.0021945493518424,0.0021945493518424,0.0021945493518424
2021-01-22,-0.0001,0.0016805010948719,0.0016805010948719,-0.0001,0.0016805010948719,0.0016805010948719,0.0016805010948719,0.0016805010948719,0.0016805010948719
2021-01-25,-0.0,-0.0001,-0.0001525165226232,-0.0,-0.0001,-0.0001525165226232,-0.0001525165226232,-0.0001525165226232,-0.0001525165226232
2021-01-26,-0.0042694208572735,-0.0042694208572735,-0.0041694208572735,-0.0042694208572735,-0.0042694208572735,-0.0041694208572735,-0.0041694208572735,-0.0041694208572735,-0.0041694208572735
2021-01-27,0.0004595353586929,0.0004595353586929,0.0004595353586929,0.0004595353586929,0.0004595353586929,0.0004595353586929,0.0004595353586929,0.0004595353586929,0.0004595353586929
2021-01-28,-0.0029600898234152,-0.0029600898234152,-0.0029600898234152,-0.0029600898234152,-0.0029600898234152,-0.0029600898234152,-0.0029600898234152,-0.0029600898234152,-0.0029600898234152
2021-01-29,-0.0001,-0.0001,-0.0001,-0.0001,-0.0001,-0.0001,-0.0001,-0.0001,-0.0001
2021-02-01,0.0,0.0,0.0,0.0,0.0,0.0,0.0,0.0,0.0
2021-02-02,-0.0006623434384746001,-0.0006623434384746001,-0.0006623434384746001,-0.0006623434384746001,-0.0006623434384746001,-0.0006623434384746001,-0.0006623434384746001,-0.0006623434384746001,-0.0006623434384746001
2021-02-03,-0.0034782608695652,-0.0034782608695652,-0.0034782608695652,-0.0034782608695652,-0.0034782608695652,-0.0034782608695652,-0.0034782608695652,-0.0034782608695652,-0.0034782608695652
2021-02-04,-0.0001,-0.0001,-0.0018478595626731,-0.0018478595626731,-0.0018478595626731,-0.0018478595626731,-0.0018478595626731,-0.0018478595626731,-0.0018478595626731
2021-02-05,-4.85755425281397e-05,-4.85755425281397e-05,5.142445747186031e-05,5.142445747186031e-05,5.142445747186031e-05,5.142445747186031e-05,5.142445747186031e-05,5.142445747186031e-05,5.142445747186031e-05
2021-02-08,0.0004113745050651,0.0004113745050651,0.0004113745050651,-0.0001,0.0004113745050651,0.0004113745050651,-0.0001,0.0004113745050651,0.0004113745050651
2021-02-09,0.0005140066820867,0.0005140066820867,0.0005140066820867,0.00041400668208669997,0.0005140066820867,0.0005140066820867,0.00041400668208669997,0.0005140066820867,0.0005140066820867
2021-02-10,-0.0019008476753147,-0.0019008476753147,-0.0019008476753147,-0.0019008476753147,-0.0019008476753147,-0.0019008476753147,-0.0019008476753147,-0.0019008476753147,-0.0019008476753147
2021-02-18,-0.0001,-0.0001,-0.0038604076590488,-0.0001,-0.0001,-0.0038604076590488,-0.0038604076590488,-0.0038604076590488,-0.0038604076590488
2021-02-22,-0.0007757550682664,-0.0007757550682664,-0.0007757550682664,-0.0007757550682664,-0.0007757550682664,-0.0007757550682664,-0.0007757550682664,-0.0007757550682664,-0.0007757550682664
2021-02-23,0.000362300087987,0.000362300087987,0.000362300087987,0.000362300087987,0.000362300087987,0.000362300087987,0.000362300087987,0.000362300087987,0.000362300087987
2021-02-24,0.0007760761589403,0.0007760761589403,0.0007760761589403,0.0007760761589403,0.0007760761589403,0.0007760761589403,0.0007760761589403,0.0007760761589403,0.0007760761589403
2021-02-25,-0.0001,-0.0006720777542262,-0.0006720777542262,-0.0001,-0.0006720777542262,-0.0006720777542262,-0.0006720777542262,-0.0006720777542262,-0.0006720777542262
2021-02-26,-0.0023245214692189,-0.0022245214692189,-0.0022245214692189,-0.0023245214692189,-0.0022245214692189,-0.0022245214692189,-0.0022245214692189,-0.0022245214692189,-0.0022245214692189
2021-03-01,-0.0001,-0.0001,-0.0001,-0.0001,-0.0001,-0.0001,-0.0001,-0.0001,-0.0001
2021-03-02,0.00046812312777580006,0.00046812312777580006,0.00046812312777580006,0.00046812312777580006,0.00046812312777580006,0.00046812312777580006,0.00046812312777580006,0.00046812312777580006,0.00046812312777580006
2021-03-03,-0.0004645640840345,-0.0004645640840345,-0.0004645640840345,-0.0004645640840345,-0.0004645640840345,-0.0004645640840345,-0.0001,-0.0004645640840345,-0.0004645640840345
2021-03-04,-0.0012394133443502,-0.0012394133443502,-0.0012394133443502,-0.0012394133443502,-0.0012394133443502,-0.0012394133443502,-0.0013394133443502,-0.0012394133443502,-0.0012394133443502
2021-03-05,0.0035677352637022,0.0035677352637022,0.0035677352637022,0.0035677352637022,0.0035677352637022,0.0035677352637022,0.0035677352637022,0.0035677352637022,0.0035677352637022
2021-03-08,-0.0001,-0.0001,0.0011334947704673,-0.0001,-0.0001,0.0011334947704673,-0.0001,-0.0001,0.0011334947704673
2021-03-09,-0.0009748906386703001,-0.0009748906386703001,-0.0008748906386703,-0.0009748906386703001,-0.0009748906386703001,-0.0008748906386703,-0.0009748906386703001,-0.0009748906386703001,-0.0008748906386703
2021-03-10,0.0010816936231585,0.0010816936231585,0.0010816936231585,-0.0001,0.0010816936231585,0.0010816936231585,0.0010816936231585,0.0010816936231585,0.0010816936231585
2021-03-11,-0.0001,-0.0001,-0.0001,-0.0,-0.0001,-0.0001,-0.0021610496526883,-0.0021610496526883,-0.0021610496526883
2021-03-12,-0.0008734749651936,-0.0008734749651936,-0.0008734749651936,-0.0008734749651936,-0.0008734749651936,-0.0008734749651936,-0.0007734749651936,-0.0007734749651936,-0.0007734749651936
2021-03-15,-0.0014965424708431,-0.0014965424708431,-0.0014965424708431,-0.0014965424708431,-0.0014965424708431,-0.0014965424708431,-0.0014965424708431,-0.0014965424708431,-0.0014965424708431
2021-03-16,0.0006201870897721,0.0006201870897721,0.0006201870897721,0.0006201870897721,0.0006201870897721,0.0006201870897721,0.0006201870897721,0.0006201870897721,0.0006201870897721
2021-03-17,-0.0001,-0.0001,-0.0001,-0.0001,-0.0001,-0.0001,-0.0001,-0.0001,-0.0001
2021-03-18,-0.0,-0.0011835913312693,-0.0011835913312693,-0.0,-0.0011835913312693,-0.0011835913312693,-0.0,-0.0011835913312693,-0.0011835913312693
2021-03-19,0.0026894002789399,0.0027894002789399,0.0027894002789399,0.0026894002789399,0.0027894002789399,0.0027894002789399,0.0026894002789399,0.0027894002789399,0.0027894002789399
2021-03-22,0.0005666306083553,0.0005666306083553,0.0005666306083553,0.0005666306083553,0.0005666306083553,0.0005666306083553,0.0005666306083553,0.0005666306083553,0.0005666306083553
2021-03-23,0.0010296540362437,0.0010296540362437,0.0010296540362437,0.0010296540362437,0.0010296540362437,0.0010296540362437,0.0010296540362437,0.0010296540362437,0.0010296540362437
2021-03-24,0.0030857848179386,0.0030857848179386,0.0030857848179386,0.0030857848179386,0.0030857848179386,0.0030857848179386,0.0030857848179386,0.0030857848179386,0.0030857848179386
2021-03-25,0.0005127153404429,0.0005127153404429,0.0005127153404429,0.0005127153404429,0.0005127153404429,0.0005127153404429,0.0005127153404429,0.0005127153404429,0.0005127153404429
2021-03-26,-0.00133237675515,-0.00133237675515,-0.00133237675515,-0.00133237675515,-0.00133237675515,-0.00133237675515,-0.00133237675515,-0.00133237675515,-0.00133237675515
2021-03-29,-0.0002052545155992,-0.0002052545155992,-0.0002052545155992,-0.0002052545155992,-0.0002052545155992,-0.0002052545155992,-0.0002052545155992,-0.0002052545155992,-0.0002052545155992
2021-03-30,-0.0009238349414905,-0.0009238349414905,-0.0009238349414905,-0.0009238349414905,-0.0009238349414905,-0.0009238349414905,-0.0009238349414905,-0.0009238349414905,-0.0009238349414905
2021-03-31,0.0015925202917908,0.0015925202917908,0.0015925202917908,0.0015925202917908,0.0015925202917908,0.0015925202917908,0.0015925202917908,0.0015925202917908,0.0015925202917908
2021-04-01,-0.0008719290147201,-0.0008719290147201,-0.0008719290147201,-0.0008719290147201,-0.0008719290147201,-0.0008719290147201,-0.0008719290147201,-0.0008719290147201,-0.0008719290147201
2021-04-02,0.0002566735112934,0.0002566735112934,0.0002566735112934,0.0002566735112934,0.0002566735112934,0.0002566735112934,0.0002566735112934,0.0002566735112934,0.0002566735112934
2021-04-06,-0.0001,-0.0001,-0.0001,-0.0001,-0.0001,-0.0001,-0.0001,-0.0001,-0.0001
2021-04-07,-0.0,-0.0016409111921517,-0.0016409111921517,-0.0,-0.0016409111921517,-0.0016409111921517,-0.0,-0.0016409111921517,-0.0016409111921517
2021-04-08,-0.0009230876073871001,-0.0008230876073871,-0.0008230876073871,-0.0009230876073871001,-0.0008230876073871,-0.0008230876073871,-0.0009230876073871001,-0.0008230876073871,-0.0008230876073871
2021-04-09,0.0009267363435103,0.0009267363435103,0.0009267363435103,0.0009267363435103,0.0009267363435103,0.0009267363435103,0.0009267363435103,0.0009267363435103,0.0009267363435103
2021-04-12,-0.0001,-0.0001,0.002623321845584,0.002623321845584,0.002623321845584,0.002623321845584,-0.0001,-0.0001,0.002623321845584
2021-04-13,0.0034399138107943004,0.0034399138107943004,0.0035399138107943,0.0035399138107943,0.0035399138107943,0.0035399138107943,0.0034399138107943004,0.0034399138107943004,0.0035399138107943
2021-04-14,-0.0001533663923112,-0.0001533663923112,-0.0001533663923112,-0.0001533663923112,-0.0001533663923112,-0.0001533663923112,-0.0001533663923112,-0.0001533663923112,-0.0001533663923112
2021-04-15,-0.0009203395030167,-0.0009203395030167,-0.0009203395030167,-0.0009203395030167,-0.0009203395030167,-0.0009203395030167,-0.0009203395030167,-0.0009203395030167,-0.0009203395030167
2021-04-16,-0.0001,0.0008700102354144,0.0008700102354144,0.0008700102354144,0.0008700102354144,0.0008700102354144,0.0008700102354144,0.0008700102354144,0.0008700102354144
2021-04-19,0.0,-0.0001,-0.0001,-0.0001,-0.0001,-0.0001,0.000818121388761,0.000818121388761,0.000818121388761
2021-04-20,5.32723649926e-05,5.32723649926e-05,5.32723649926e-05,5.32723649926e-05,5.32723649926e-05,5.32723649926e-05,0.0001532723649926,0.0001532723649926,0.0001532723649926
2021-04-21,0.0009194932570495,0.0009194932570495,0.0009194932570495,-0.0001,0.0009194932570495,0.0009194932570495,-0.0001,0.0009194932570495,0.0009194932570495
2021-04-22,-0.0001,-0.0001,-0.0001,-0.0,-0.0001,-0.0001,-0.0,-0.0001,-0.0001
2021-04-23,0.00020648209633760003,0.00020648209633760003,0.00020648209633760003,0.00020648209633760003,0.00020648209633760003,0.00020648209633760003,0.00020648209633760003,0.00020648209633760003,0.00020648209633760003
2021-04-26,-0.0024511055507329,-0.0024511055507329,-0.0024511055507329,-0.0024511055507329,-0.0024511055507329,-0.0024511055507329,-0.0024511055507329,-0.0024511055507329,-0.0024511055507329
2021-04-27,-0.0009726132582543,-0.0009726132582543,-0.0009726132582543,-0.0009726132582543,-0.0009726132582543,-0.0009726132582543,-0.0009726132582543,-0.0009726132582543,-0.0009726132582543
2021-04-28,0.0006148800983807,0.0006148800983807,0.0006148800983807,0.0006148800983807,0.0006148800983807,0.0006148800983807,0.0006148800983807,0.0006148800983807,0.0006148800983807
2021-04-29,-5.120852109785634e-05,-5.120852109785634e-05,-5.120852109785634e-05,-5.120852109785634e-05,-5.120852109785634e-05,-5.120852109785634e-05,-5.120852109785634e-05,-5.120852109785634e-05,-5.120852109785634e-05
2021-04-30,0.0038920469094074,0.0038920469094074,0.0038920469094074,0.0038920469094074,0.0038920469094074,0.0038920469094074,0.0038920469094074,0.0038920469094074,0.0038920469094074
2021-05-06,-0.0001,-0.0001,-0.0001,-0.0001,-0.0001,-0.0001,0.0006121512013468,0.0006121512013468,0.0006121512013468
2021-05-07,-0.0,-0.0,-0.0,-0.0,-0.0,-0.0,-0.0001,-0.0001,-0.0001
2021-05-10,0.0003594415233039,0.0003594415233039,0.0003594415233039,0.0,0.0,0.0003594415233039,0.0,0.0,0.0003594415233039
2021-05-11,0.0022451270537808,0.0022451270537808,0.0022451270537808,0.0,0.0,0.0022451270537808,0.0,0.0,0.0022451270537808
2021-05-12,-0.0001,-0.0001,-0.0001,0.0003582018124428,0.0003582018124428,0.0004582018124428,0.0,0.0,-0.0001
2021-05-13,0.00035799195969670003,0.00035799195969670003,0.00035799195969670003,0.0004579919596967,0.0004579919596967,0.0004579919596967,0.00035799195969670003,0.00035799195969670003,0.00035799195969670003
2021-05-14,0.0005086469989827,0.0005086469989827,0.0005086469989827,0.0005086469989827,0.0005086469989827,0.0005086469989827,0.0005086469989827,0.0005086469989827,0.0005086469989827
2021-05-17,-0.0001,-0.0001,-0.0008134214539908,-0.0008134214539908,-0.0008134214539908,-0.0008134214539908,-0.0001,-0.0001,-0.0008134214539908
2021-05-18,-0.0,-0.0,-0.0005088022794341,-0.0005088022794341,-0.0005088022794341,-0.0005088022794341,-0.0006088022794341001,-0.0006088022794341001,-0.0005088022794341
2021-05-19,0.0,0.0,0.0029525554876808,-0.0001,-0.0001,0.0029525554876808,0.0029525554876808,0.0029525554876808,0.0029525554876808
2021-05-21,0.0018796037592074,0.0018796037592074,0.0018796037592074,0.0018796037592074,0.0018796037592074,0.0018796037592074,0.0018796037592074,0.0018796037592074,0.0018796037592074
2021-05-24,-0.0001,-0.0001,-0.0001,-0.001267619916844,-0.001267619916844,-0.001267619916844,-0.0001,-0.0001,-0.0001
2021-05-25,-0.00035384576331419997,-0.00035384576331419997,-0.00035384576331419997,-0.0002538457633142,-0.0002538457633142,-0.0002538457633142,-0.00035384576331419997,-0.00035384576331419997,-0.00035384576331419997
2021-05-26,0.0010156408693886,0.0010156408693886,0.0010156408693886,0.0010156408693886,0.0010156408693886,0.0010156408693886,0.0010156408693886,0.0010156408693886,0.0010156408693886
2021-05-27,-0.0020292207792208,-0.0020292207792208,-0.0020292207792208,-0.0020292207792208,-0.0020292207792208,-0.0020292207792208,-0.0020292207792208,-0.0020292207792208,-0.0020292207792208
2021-05-28,-0.0001,-0.0009658397722651,-0.0009658397722651,-0.0009658397722651,-0.0009658397722651,-0.0009658397722651,-0.0009658397722651,-0.0009658397722651,-0.0009658397722651
2021-05-31,0.0010703047880731,0.0011703047880731,0.0011703047880731,0.0011703047880731,0.0011703047880731,0.0011703047880731,0.0011703047880731,0.0011703047880731,0.0011703047880731
2021-06-01,-0.0001,-0.0001,-0.0001,-0.0001,-0.0001,-0.0001,-0.0001,-0.0001,-0.0001
2021-06-02,-0.0021832274782783998,-0.0021832274782783998,-0.0021832274782783998,-0.0021832274782783998,-0.0021832274782783998,-0.0021832274782783998,-0.0021832274782783998,-0.0021832274782783998,-0.0021832274782783998
2021-06-03,0.0009674134419552,0.0009674134419552,0.0009674134419552,0.0009674134419552,0.0009674134419552,0.0009674134419552,0.0009674134419552,0.0009674134419552,0.0009674134419552
2021-06-04,-0.0027977007986165,-0.0027977007986165,-0.0027977007986165,-0.0027977007986165,-0.0027977007986165,-0.0027977007986165,-0.0027977007986165,-0.0027977007986165,-0.0027977007986165
2021-06-07,-0.0001,-0.0020914099163436,-0.0020914099163436,-0.0020914099163436,-0.0020914099163436,-0.0020914099163436,-0.0001,-0.0020914099163436,-0.0020914099163436
2021-06-08,0.0,0.0004600521392423,0.0004600521392423,-0.0001,0.0004600521392423,0.0004600521392423,0.0,0.0004600521392423,0.0004600521392423
2021-06-09,-0.0010196811771919,-0.0009196811771919,-0.0009196811771919,-0.0010196811771919,-0.0009196811771919,-0.0009196811771919,-0.0010196811771919,-0.0009196811771919,-0.0009196811771919
2021-06-10,0.0011250894957552,0.0011250894957552,0.0011250894957552,0.0011250894957552,0.0011250894957552,0.0011250894957552,0.0011250894957552,0.0011250894957552,0.0011250894957552
2021-06-11,-0.0019411524315487,-0.0019411524315487,-0.0019411524315487,-0.0019411524315487,-0.0019411524315487,-0.0019411524315487,-0.0019411524315487,-0.0019411524315487,-0.0019411524315487
2021-06-15,0.0007165523595047,0.0007165523595047,0.0007165523595047,0.0007165523595047,0.0007165523595047,0.0007165523595047,0.0007165523595047,0.0007165523595047,0.0007165523595047
2021-06-16,0.0001022913256953,0.0001022913256953,0.0001022913256953,0.0001022913256953,0.0001022913256953,0.0001022913256953,0.0001022913256953,0.0001022913256953,0.0001022913256953
2021-06-17,-0.0009716682008795,-0.0009716682008795,-0.0009716682008795,-0.0009716682008795,-0.0009716682008795,-0.0009716682008795,-0.0009716682008795,-0.0009716682008795,-0.0009716682008795
2021-06-18,0.003429741489634,0.003429741489634,0.003429741489634,0.003429741489634,0.003429741489634,0.003429741489634,0.003429741489634,0.003429741489634,0.003429741489634
2021-06-21,-0.0001,-0.0001,0.0028058361391694,-0.0001,-0.0001,0.0028058361391694,-0.0001,-0.0001,0.0028058361391694
2021-06-22,0.0001543623136797,0.0001543623136797,0.0002543623136797,0.0001543623136797,0.0001543623136797,0.0002543623136797,0.0001543623136797,0.0001543623136797,0.0002543623136797
2021-06-23,0.0002542976299459,0.0002542976299459,0.0002542976299459,0.0002542976299459,0.0002542976299459,0.0002542976299459,0.0002542976299459,0.0002542976299459,0.0002542976299459
2021-06-24,-0.0001016931916407,-0.0001016931916407,-0.0001016931916407,-0.0001016931916407,-0.0001016931916407,-0.0001016931916407,-0.0001016931916407,-0.0001016931916407,-0.0001016931916407
2021-06-25,-0.0001,-0.0001,-0.0004068141367913,-0.0001,-0.0001,-0.0004068141367913,-0.0001,-0.0001,-0.0004068141367913
2021-06-28,-0.0,-0.0,-0.0001,-0.0,-0.0,-0.0001,-0.0,-0.0,-0.0001
2021-06-29,0.0014789741761318,0.0014789741761318,0.0014789741761318,0.0014789741761318,0.0014789741761318,0.0014789741761318,0.0014789741761318,0.0014789741761318,0.0014789741761318
2021-06-30,0.0010170870626526,0.0010170870626526,0.0010170870626526,0.0010170870626526,0.0010170870626526,0.0010170870626526,0.0010170870626526,0.0010170870626526,0.0010170870626526
2021-07-01,-0.0001,-0.0001,-0.0010668563300142,-0.0010668563300142,-0.0010668563300142,-0.0010668563300142,-0.0001,-0.0001,-0.0010668563300142
2021-07-02,0.0,0.0,-0.0001,-0.0001,-0.0001,-0.0001,0.0,0.0,-0.0001
2021-07-05,0.00015414252312680003,0.00015414252312680003,0.00015414252312680003,0.00015414252312680003,0.00015414252312680003,0.00015414252312680003,0.00015414252312680003,0.00015414252312680003,0.00015414252312680003
2021-07-06,-0.0011687585751307,-0.0011687585751307,-0.0011687585751307,-0.0001,-0.0001,-0.0011687585751307,-0.0001,-0.0001,-0.0011687585751307
2021-07-07,0.0040191290191289,0.0040191290191289,0.0040191290191289,0.003919129019128899,0.003919129019128899,0.0040191290191289,0.003919129019128899,0.003919129019128899,0.0040191290191289
2021-07-08,0.0039523688877629,0.0039523688877629,0.0039523688877629,0.0039523688877629,0.0039523688877629,0.0039523688877629,0.0039523688877629,0.0039523688877629,0.0039523688877629
2021-07-09,-0.0006056629485691,-0.0006056629485691,-0.0006056629485691,-0.0006056629485691,-0.0006056629485691,-0.0006056629485691,-0.0006056629485691,-0.0006056629485691,-0.0006056629485691
2021-07-12,0.0036866824907832,0.0036866824907832,0.0036866824907832,0.0036866824907832,0.0036866824907832,0.0036866824907832,0.0036866824907832,0.0036866824907832,0.0036866824907832
2021-07-13,-0.0001,-0.0001,-0.0001,-0.0001,-0.0001,-0.0001,0.0005534869678975,0.0005534869678975,0.0005534869678975
2021-07-14,0.0017104098566759999,0.0017104098566759999,0.0017104098566759999,0.0017104098566759999,0.0017104098566759999,0.0017104098566759999,0.001810409856676,0.001810409856676,0.001810409856676
2021-07-15,-0.0036644746749662,-0.0036644746749662,-0.0036644746749662,-0.0036644746749662,-0.0036644746749662,-0.0036644746749662,-0.0036644746749662,-0.0036644746749662,-0.0036644746749662
2021-07-16,-0.0001,0.0015114873035066,0.0015114873035066,-0.0001,0.0015114873035066,0.0015114873035066,-0.0001,0.0015114873035066,0.0015114873035066
2021-07-19,-0.0004521481034308,-0.0003521481034308,-0.0003521481034308,-0.0004521481034308,-0.0003521481034308,-0.0003521481034308,-0.0004521481034308,-0.0003521481034308,-0.0003521481034308
2021-07-20,0.0016607115897537,0.0016607115897537,0.0016607115897537,0.0016607115897537,0.0016607115897537,0.0016607115897537,0.0016607115897537,0.0016607115897537,0.0016607115897537
2021-07-21,-0.0001,-0.0001,0.0016579581993569,-0.0001,-0.0001,0.0016579581993569,-0.0001,-0.0001,0.0016579581993569
2021-07-22,-0.0010530019561618,-0.0010530019561618,-0.0009530019561618,-0.0010530019561618,-0.0010530019561618,-0.0009530019561618,-0.0010530019561618,-0.0010530019561618,-0.0009530019561618
2021-07-23,0.0014559694748468,0.0014559694748468,0.0014559694748468,0.0014559694748468,0.0014559694748468,0.0014559694748468,0.0014559694748468,0.0014559694748468,0.0014559694748468
2021-07-26,0.0019551812302602,0.0019551812302602,0.0019551812302602,0.0019551812302602,0.0019551812302602,0.0019551812302602,0.0019551812302602,0.0019551812302602,0.0019551812302602
2021-07-27,-0.0033023116181327,-0.0033023116181327,-0.0033023116181327,-0.0033023116181327,-0.0033023116181327,-0.0033023116181327,-0.0033023116181327,-0.0033023116181327,-0.0033023116181327
2021-07-28,0.0013052208835342,0.0013052208835342,0.0013052208835342,0.0013052208835342,0.0013052208835342,0.0013052208835342,0.0013052208835342,0.0013052208835342,0.0013052208835342
2021-07-29,0.0012533841371704,0.0012533841371704,0.0012533841371704,0.0012533841371704,0.0012533841371704,0.0012533841371704,0.0012533841371704,0.0012533841371704,0.0012533841371704
2021-07-30,0.0050072605277653,0.0050072605277653,0.0050072605277653,0.0050072605277653,0.0050072605277653,0.0050072605277653,0.0050072605277653,0.0050072605277653,0.0050072605277653
2021-08-02,0.0013950475810871,0.0013950475810871,0.0013950475810871,0.0013950475810871,0.0013950475810871,0.0013950475810871,0.0013950475810871,0.0013950475810871,0.0013950475810871
2021-08-03,-0.0016418727299866,-0.0016418727299866,-0.0016418727299866,-0.0016418727299866,-0.0016418727299866,-0.0016418727299866,-0.0016418727299866,-0.0016418727299866,-0.0016418727299866
2021-08-04,-0.0002990132562543,-0.0002990132562543,-0.0002990132562543,-0.0002990132562543,-0.0002990132562543,-0.0002990132562543,-0.0002990132562543,-0.0002990132562543,-0.0002990132562543
2021-08-05,0.0024925224327019,0.0024925224327019,0.0024925224327019,0.0024925224327019,0.0024925224327019,0.0024925224327019,0.0024925224327019,0.0024925224327019,0.0024925224327019
2021-08-06,-0.0006464445549477,-0.0006464445549477,-0.0006464445549477,-0.0006464445549477,-0.0006464445549477,-0.0006464445549477,-0.0006464445549477,-0.0006464445549477,-0.0006464445549477
2021-08-09,-0.0054236950788675,-0.0054236950788675,-0.0054236950788675,-0.0054236950788675,-0.0054236950788675,-0.0054236950788675,-0.0054236950788675,-0.0054236950788675,-0.0054236950788675
2021-08-10,-0.0001500900540324,-0.0001500900540324,-0.0001500900540324,-0.0001500900540324,-0.0001500900540324,-0.0001500900540324,-0.0001500900540324,-0.0001500900540324,-0.0001500900540324
2021-08-11,-0.0012509382036527,-0.0012509382036527,-0.0012509382036527,-0.0012509382036527,-0.0012509382036527,-0.0012509382036527,-0.0012509382036527,-0.0012509382036527,-0.0012509382036527
2021-08-12,0.0021042084168336,0.0021042084168336,0.0021042084168336,0.0021042084168336,0.0021042084168336,0.0021042084168336,0.0021042084168336,0.0021042084168336,0.0021042084168336
2021-08-13,-0.0001,-0.0011498850114989,-0.0011498850114989,-0.0001,-0.0011498850114989,-0.0011498850114989,-0.0001,-0.0011498850114989,-0.0011498850114989
2021-08-16,-0.0010009459932928,-0.0009009459932928,-0.0009009459932928,-0.0010009459932928,-0.0009009459932928,-0.0009009459932928,-0.0010009459932928,-0.0009009459932928,-0.0009009459932928
2021-08-17,-0.0001,-0.0001,-0.0001,-0.0001,-0.0001,-0.0001,-0.0001,-0.0001,-0.0001
2021-08-18,0.0037028521391044003,0.0037028521391044003,0.0037028521391044003,0.0037028521391044003,0.0037028521391044003,0.0037028521391044003,0.0037028521391044003,0.0037028521391044003,0.0037028521391044003
2021-08-20,-0.0001,-0.0001,-0.0001,-0.0001,-0.0001,-0.0001,-0.0,-0.0,-0.0001
2021-08-23,-0.0,-0.0,-0.0,-0.0,-0.0,-0.0,-0.0,-0.0,-0.0
2021-08-24,0.0014023286093445,0.0014023286093445,0.0014023286093445,0.0014023286093445,0.0014023286093445,0.0014023286093445,0.0014023286093445,0.0014023286093445,0.0014023286093445
2021-08-25,0.0012000600029999,0.0012000600029999,0.0012000600029999,0.0012000600029999,0.0012000600029999,0.0012000600029999,0.0012000600029999,0.0012000600029999,0.0012000600029999
2021-08-26,-0.0038455775857763,-0.0038455775857763,-0.0038455775857763,-0.0038455775857763,-0.0038455775857763,-0.0038455775857763,-0.0038455775857763,-0.0038455775857763,-0.0038455775857763
2021-08-27,0.0017046024265516,0.0017046024265516,0.0017046024265516,0.0017046024265516,0.0017046024265516,0.0017046024265516,0.0017046024265516,0.0017046024265516,0.0017046024265516
2021-08-30,0.0020020020020019,0.0020020020020019,0.0020020020020019,0.0020020020020019,0.0020020020020019,0.0020020020020019,0.0020020020020019,0.0020020020020019,0.0020020020020019
2021-08-31,-0.0001,-0.0010489510489509,-0.0010489510489509,-0.0010489510489509,-0.0010489510489509,-0.0010489510489509,-0.0010489510489509,-0.0010489510489509,-0.0010489510489509
2021-09-01,0.004550232511625499,0.0046502325116255,0.0046502325116255,0.0046502325116255,0.0046502325116255,0.0046502325116255,0.0046502325116255,0.0046502325116255,0.0046502325116255
2021-09-02,-0.0011945052757315,-0.0011945052757315,-0.0011945052757315,-0.0011945052757315,-0.0011945052757315,-0.0011945052757315,-0.0011945052757315,-0.0011945052757315,-0.0011945052757315
2021-09-03,-0.0006477974885389,-0.0006477974885389,-0.0006477974885389,-0.0006477974885389,-0.0006477974885389,-0.0006477974885389,-0.0006477974885389,-0.0006477974885389,-0.0006477974885389
2021-09-06,-0.00074794315632,-0.00074794315632,-0.00074794315632,-0.00074794315632,-0.00074794315632,-0.00074794315632,-0.00074794315632,-0.00074794315632,-0.00074794315632
2021-09-07,-0.0001,-0.0023952095808383,-0.0023952095808383,-0.0001,-0.0023952095808383,-0.0023952095808383,-0.0001,-0.0023952095808383,-0.0023952095808383
2021-09-08,-0.0001,0.0,0.0,-0.0001,0.0,0.0,-0.0001,0.0,0.0
2021-09-09,-0.0008003201280512,-0.0008003201280512,-0.0008003201280512,-0.0008003201280512,-0.0008003201280512,-0.0008003201280512,-0.0008003201280512,-0.0008003201280512,-0.0008003201280512
2021-09-10,0.0010512615138165,0.0010512615138165,0.0010512615138165,0.0010512615138165,0.0010512615138165,0.0010512615138165,0.0010512615138165,0.0010512615138165,0.0010512615138165
2021-09-13,-0.0001,-0.0037505625843876,-0.0037505625843876,-0.0037505625843876,-0.0037505625843876,-0.0037505625843876,-0.0001,-0.0037505625843876,-0.0037505625843876
2021-09-14,0.000351761871298,0.000451761871298,0.000451761871298,0.000451761871298,0.000451761871298,0.000451761871298,0.000351761871298,0.000451761871298,0.000451761871298
2021-09-15,-0.0001,-0.0001,-0.0001,-0.0001,-0.0001,-0.0001,-0.0001,-0.0001,-0.0001
2021-09-16,0.0013575794129472,0.0013575794129472,0.0013575794129472,0.0013575794129472,0.0013575794129472,0.0013575794129472,0.0013575794129472,0.0013575794129472,0.0013575794129472
2021-09-17,0.0016060225846925,0.0016060225846925,0.0016060225846925,0.0016060225846925,0.0016060225846925,0.0016060225846925,0.0016060225846925,0.0016060225846925,0.0016060225846925
2021-09-22,0.0018539860700506,0.0018539860700506,0.0018539860700506,0.0018539860700506,0.0018539860700506,0.0018539860700506,0.0018539860700506,0.0018539860700506,0.0018539860700506
2021-09-23,0.001150345103531,0.001150345103531,0.001150345103531,0.001150345103531,0.001150345103531,0.001150345103531,0.001150345103531,0.001150345103531,0.001150345103531
2021-09-24,-0.0017485137633012,-0.0017485137633012,-0.0017485137633012,-0.0017485137633012,-0.0017485137633012,-0.0017485137633012,-0.0017485137633012,-0.0017485137633012,-0.0017485137633012
2021-09-27,-0.0001,-0.0001,-0.001050945851266,-0.001050945851266,-0.001050945851266,-0.001050945851266,-0.001050945851266,-0.001050945851266,-0.001050945851266
2021-09-28,-0.0010017584289364,-0.0010017584289364,-0.0009017584289364,-0.0009017584289364,-0.0009017584289364,-0.0009017584289364,-0.0009017584289364,-0.0009017584289364,-0.0009017584289364
2021-09-29,0.002306573735145,0.002306573735145,0.002306573735145,0.002306573735145,0.002306573735145,0.002306573735145,0.002306573735145,0.002306573735145,0.002306573735145
2021-09-30,-0.0008504677572663,-0.0008504677572663,-0.0008504677572663,-0.0008504677572663,-0.0008504677572663,-0.0008504677572663,-0.0008504677572663,-0.0008504677572663,-0.0008504677572663
2021-10-08,-0.0001,-0.0001,-0.0001,-0.0001,-0.0001,-0.0001,-0.0001,-0.0001,-0.0001
2021-10-11,-0.00442139088488,-0.00442139088488,-0.00442139088488,-0.00442139088488,-0.00442139088488,-0.00442139088488,-0.00442139088488,-0.00442139088488,-0.00442139088488
2021-10-12,0.0003028009084027,0.0003028009084027,0.0003028009084027,0.0003028009084027,0.0003028009084027,0.0003028009084027,0.0003028009084027,0.0003028009084027,0.0003028009084027
2021-10-13,0.0002018061651782,0.0002018061651782,0.0002018061651782,0.0002018061651782,0.0002018061651782,0.0002018061651782,0.0002018061651782,0.0002018061651782,0.0002018061651782
2021-10-14,0.0004539722572509,0.0004539722572509,0.0004539722572509,0.0004539722572509,0.0004539722572509,0.0004539722572509,0.0004539722572509,0.0004539722572509,0.0004539722572509
2021-10-15,-0.0001,-0.0001,-0.0003025108399717,-0.0001,-0.0001,-0.0003025108399717,-0.0003025108399717,-0.0003025108399717,-0.0003025108399717
2021-10-18,-0.0,-0.0,-0.0047407706273956,-0.0,-0.0,-0.0047407706273956,-0.0001,-0.0001,-0.0047407706273956
2021-10-19,0.0024336981858721,0.0024336981858721,0.0025336981858721,0.0024336981858721,0.0024336981858721,0.0025336981858721,0.0024336981858721,0.0024336981858721,0.0025336981858721
2021-10-20,-0.0004549130610594,-0.0004549130610594,-0.0004549130610594,-0.0004549130610594,-0.0004549130610594,-0.0004549130610594,-0.0004549130610594,-0.0004549130610594,-0.0004549130610594
2021-10-21,0.0031352718078381,0.0031352718078381,0.0031352718078381,0.0031352718078381,0.0031352718078381,0.0031352718078381,0.0031352718078381,0.0031352718078381,0.0031352718078381
2021-10-22,-0.0014619146040227,-0.0014619146040227,-0.0014619146040227,-0.0014619146040227,-0.0014619146040227,-0.0014619146040227,-0.0014619146040227,-0.0014619146040227,-0.0014619146040227
2021-10-25,0.0,0.0,0.0,0.0,0.0,0.0,0.0,0.0,0.0
2021-10-26,-0.0001,-0.0001,-0.0001,-0.0001,-0.0001,-0.0001,0.0011106623586429,0.0011106623586429,0.0011106623586429
2021-10-27,-0.0001,-0.0001,-0.0001,-0.0001,-0.0001,-0.0001,0.0,0.0,0.0
2021-10-28,0.0012102874432677,0.0012102874432677,0.0012102874432677,0.0012102874432677,0.0012102874432677,0.0012102874432677,0.0012102874432677,0.0012102874432677,0.0012102874432677
2021-10-29,-0.0001,-0.0001,-0.0001,-0.0001,-0.0001,-0.0001,-0.0001,-0.0001,-0.0001
2021-11-01,0.0029750617532893,0.0029750617532893,0.0029750617532893,0.0029750617532893,0.0029750617532893,0.0029750617532893,0.0029750617532893,0.0029750617532893,0.0029750617532893
2021-11-02,-0.0001,-0.0001,-0.0001,-0.0001,-0.0001,-0.0001,-0.0001,-0.0001,-0.0001
2021-11-03,-0.0002504664459825,-0.0002504664459825,-0.0002504664459825,-0.0002504664459825,-0.0002504664459825,-0.0002504664459825,-0.0002504664459825,-0.0002504664459825,-0.0002504664459825
2021-11-04,0.000802608477552,0.000802608477552,0.000802608477552,0.000802608477552,0.000802608477552,0.000802608477552,0.000802608477552,0.000802608477552,0.000802608477552
2021-11-05,0.0036589644629343,0.0036589644629343,0.0036589644629343,0.0036589644629343,0.0036589644629343,0.0036589644629343,0.0036589644629343,0.0036589644629343,0.0036589644629343
2021-11-08,-0.0003995205753096,-0.0003995205753096,-0.0003995205753096,-0.0003995205753096,-0.0003995205753096,-0.0003995205753096,-0.0003995205753096,-0.0003995205753096,-0.0003995205753096
2021-11-09,0.0007494004796162,0.0007494004796162,0.0007494004796162,0.0007494004796162,0.0007494004796162,0.0007494004796162,0.0007494004796162,0.0007494004796162,0.0007494004796162
2021-11-10,-0.0008986071589037,-0.0008986071589037,-0.0008986071589037,-0.0008986071589037,-0.0008986071589037,-0.0008986071589037,-0.0008986071589037,-0.0008986071589037,-0.0008986071589037
2021-11-11,-0.0001,-0.0001,-0.0001,-0.0001,-0.0001,-0.0001,-0.0022985059711188,-0.0022985059711188,-0.0022985059711188
2021-11-12,-0.0006008263634997,-0.0006008263634997,-0.0006008263634997,-0.0006008263634997,-0.0006008263634997,-0.0006008263634997,-0.0005008263634997,-0.0005008263634997,-0.0005008263634997
2021-11-15,0.0029062484341333,0.0029062484341333,0.0029062484341333,0.0029062484341333,0.0029062484341333,0.0029062484341333,0.0029062484341333,0.0029062484341333,0.0029062484341333
2021-11-16,-0.0001,-0.0001,-0.0001,-0.0001,-0.0001,-0.0001,-0.0001,-0.0001,-0.0001
2021-11-17,-0.0007997201119552001,-0.0007997201119552001,-0.0007997201119552001,-0.0007997201119552001,-0.0007997201119552001,-0.0007997201119552001,-0.0007997201119552001,-0.0007997201119552001,-0.0007997201119552001
2021-11-18,0.0014004201260378,0.0014004201260378,0.0014004201260378,0.0014004201260378,0.0014004201260378,0.0014004201260378,0.0014004201260378,0.0014004201260378,0.0014004201260378
2021-11-19,-0.0001,-0.0001,-0.0032963739886124,-0.0032963739886124,-0.0032963739886124,-0.0032963739886124,-0.0001,-0.0001,-0.0032963739886124
2021-11-23,-0.0006007509386734,-0.0006007509386734,-0.0006007509386734,-0.0006007509386734,-0.0006007509386734,-0.0006007509386734,-0.0006007509386734,-0.0006007509386734,-0.0006007509386734
2021-11-24,0.003306116315183,0.003306116315183,0.003306116315183,0.003306116315183,0.003306116315183,0.003306116315183,0.003306116315183,0.003306116315183,0.003306116315183
2021-11-25,-0.0001,-0.0001,-0.0001,-0.0001,-0.0001,-0.0001,-0.0001,-0.0001,-0.0001
2021-11-26,0.0,0.0026478017585931,0.0026478017585931,0.0,0.0026478017585931,0.0026478017585931,0.0026478017585931,0.0026478017585931,0.0026478017585931
2021-11-29,-0.0008971700463355001,-0.0007971700463355,-0.0007971700463355,-0.0008971700463355001,-0.0007971700463355,-0.0007971700463355,-0.0007971700463355,-0.0007971700463355,-0.0007971700463355
2021-11-30,-0.0005484916479681,-0.0005484916479681,-0.0005484916479681,-0.0005484916479681,-0.0005484916479681,-0.0005484916479681,-0.0005484916479681,-0.0005484916479681,-0.0005484916479681
2021-12-01,-0.0013470365196568,-0.0013470365196568,-0.0013470365196568,-0.0013470365196568,-0.0013470365196568,-0.0013470365196568,-0.0013470365196568,-0.0013470365196568,-0.0013470365196568
2021-12-02,-0.0016485986911124,-0.0016485986911124,-0.0016485986911124,-0.0016485986911124,-0.0016485986911124,-0.0016485986911124,-0.0016485986911124,-0.0016485986911124,-0.0016485986911124
2021-12-03,-0.0017514011208966,-0.0017514011208966,-0.0017514011208966,-0.0017514011208966,-0.0017514011208966,-0.0017514011208966,-0.0017514011208966,-0.0017514011208966,-0.0017514011208966
2021-12-06,0.0045115043360568,0.0045115043360568,0.0045115043360568,0.0045115043360568,0.0045115043360568,0.0045115043360568,0.0045115043360568,0.0045115043360568,0.0045115043360568
2021-12-07,-0.0038924098008881,-0.0038924098008881,-0.0038924098008881,-0.0038924098008881,-0.0038924098008881,-0.0038924098008881,-0.0038924098008881,-0.0038924098008881,-0.0038924098008881
2021-12-08,-0.0004007815239718,-0.0004007815239718,-0.0004007815239718,-0.0004007815239718,-0.0004007815239718,-0.0004007815239718,-0.0004007815239718,-0.0004007815239718,-0.0004007815239718
2021-12-09,-0.0001,-0.0001,0.0009021199819576,-0.0001,-0.0001,0.0009021199819576,0.0009021199819576,0.0009021199819576,0.0009021199819576
2021-12-10,0.0015023233688848,0.0015023233688848,0.0016023233688848,0.0015023233688848,0.0015023233688848,0.0016023233688848,0.0016023233688848,0.0016023233688848,0.0016023233688848
2021-12-13,-0.0010498425236215,-0.0010498425236215,-0.0010498425236215,-0.0001,-0.0001,-0.0010498425236215,-0.0001,-0.0001,-0.0010498425236215
2021-12-14,0.0019517565809228,0.0019517565809228,0.0019517565809228,0.0018517565809227999,0.0018517565809227999,0.0019517565809228,0.0018517565809227999,0.0018517565809227999,0.0019517565809228
2021-12-15,0.0003995804405374,0.0003995804405374,0.0003995804405374,0.0003995804405374,0.0003995804405374,0.0003995804405374,0.0003995804405374,0.0003995804405374,0.0003995804405374
2021-12-16,-0.0016975385690748,-0.0016975385690748,-0.0016975385690748,-0.0016975385690748,-0.0016975385690748,-0.0016975385690748,-0.0016975385690748,-0.0016975385690748,-0.0016975385690748
2021-12-17,-0.0001,0.0010502625656414,0.0010502625656414,0.0010502625656414,0.0010502625656414,0.0010502625656414,-0.0001,0.0010502625656414,0.0010502625656414
2021-12-20,-0.0003498001598719,-0.0002498001598719,-0.0002498001598719,-0.0002498001598719,-0.0002498001598719,-0.0002498001598719,-0.0003498001598719,-0.0002498001598719,-0.0002498001598719
2021-12-21,-0.0001,-0.0001,-0.0001,-0.0001,-0.0001,-0.0001,0.00044975263605,0.00044975263605,0.00044975263605
2021-12-22,0.0,0.0020478521478521,0.0020478521478521,0.0,0.0020478521478521,0.0020478521478521,0.0021478521478521,0.0021478521478521,0.0021478521478521
2021-12-23,0.0015946618152817,0.0016946618152817,0.0016946618152817,0.0,-0.0001,0.0016946618152817,-0.0001,-0.0001,0.0016946618152817
2021-12-24,-0.0010946907498631,-0.0010946907498631,-0.0010946907498631,-0.0011946907498631,-0.0011946907498631,-0.0010946907498631,-0.0011946907498631,-0.0011946907498631,-0.0010946907498631
2021-12-27,0.0008966376089662,0.0008966376089662,0.0008966376089662,0.0008966376089662,0.0008966376089662,0.0008966376089662,0.0008966376089662,0.0008966376089662,0.0008966376089662
2021-12-28,0.0006469914895734,0.0006469914895734,0.0006469914895734,0.0006469914895734,0.0006469914895734,0.0006469914895734,0.0006469914895734,0.0006469914895734,0.0006469914895734
2021-12-29,0.0010444643390032,0.0010444643390032,0.0010444643390032,0.0010444643390032,0.0010444643390032,0.0010444643390032,0.0010444643390032,0.0010444643390032,0.0010444643390032
2021-12-30,0.0021861181497491,0.0021861181497491,0.0021861181497491,0.0021861181497491,0.0021861181497491,0.0021861181497491,0.0021861181497491,0.0021861181497491,0.0021861181497491
2021-12-31,-0.0011898269793267,-0.0011898269793267,-0.0011898269793267,-0.0011898269793267,-0.0011898269793267,-0.0011898269793267,-0.0011898269793267,-0.0011898269793267,-0.0011898269793267
2022-01-04,0.0001489055442498,0.0001489055442498,0.0001489055442498,0.0001489055442498,0.0001489055442498,0.0001489055442498,0.0001489055442498,0.0001489055442498,0.0001489055442498
2022-01-05,-0.0014888337468983,-0.0014888337468983,-0.0014888337468983,-0.0014888337468983,-0.0014888337468983,-0.0014888337468983,-0.0014888337468983,-0.0014888337468983,-0.0014888337468983
2022-01-06,-0.0020874751491053,-0.0020874751491053,-0.0020874751491053,-0.0020874751491053,-0.0020874751491053,-0.0020874751491053,-0.0020874751491053,-0.0020874751491053,-0.0020874751491053
2022-01-07,-0.0001,-0.0001,-0.0001,-0.0001,-0.0001,-0.0001,-0.0001,-0.0001,-0.0001
2022-01-10,0.0012942834379045,0.0012942834379045,0.0012942834379045,0.0012942834379045,0.0012942834379045,0.0012942834379045,0.0012942834379045,0.0012942834379045,0.0012942834379045
2022-01-11,0.001392342118349,0.001392342118349,0.001392342118349,-0.0001,0.001392342118349,0.001392342118349,-0.0001,0.001392342118349,0.001392342118349
2022-01-12,-0.0001,-0.0005462310060581,-0.0005462310060581,-0.0,-0.0005462310060581,-0.0005462310060581,-0.0,-0.0005462310060581,-0.0005462310060581
2022-01-13,-0.0,-4.968450340347985e-05,-4.968450340347985e-05,-0.00014968450340347984,-4.968450340347985e-05,-4.968450340347985e-05,-0.0,-4.968450340347985e-05,-4.968450340347985e-05
2022-01-14,0.0,0.0004471827486833,0.0004471827486833,-0.0001,0.0004471827486833,0.0004471827486833,0.0,0.0004471827486833,0.0004471827486833
2022-01-17,0.0,-0.0001,0.0005463123913584,0.0,-0.0001,0.0005463123913584,0.0,-0.0001,0.0005463123913584
2022-01-18,0.0,0.0,-0.0001,0.0,0.0,-0.0001,0.0,0.0,-0.0001
2022-01-19,0.0017801642669832,0.0017801642669832,0.0017801642669832,0.0017801642669832,0.0017801642669832,0.0017801642669832,0.0017801642669832,0.0017801642669832,0.0017801642669832
2022-01-20,-0.0003950812385797,-0.0003950812385797,-0.0003950812385797,-0.0003950812385797,-0.0003950812385797,-0.0003950812385797,-0.0003950812385797,-0.0003950812385797,-0.0003950812385797
2022-01-21,0.0017291635788745,0.0017291635788745,0.0017291635788745,0.0017291635788745,0.0017291635788745,0.0017291635788745,0.0017291635788745,0.0017291635788745,0.0017291635788745
2022-01-24,0.0011836654172421,0.0011836654172421,0.0011836654172421,0.0011836654172421,0.0011836654172421,0.0011836654172421,0.0011836654172421,0.0011836654172421,0.0011836654172421
2022-01-25,0.0001970443349752,0.0001970443349752,0.0001970443349752,0.0001970443349752,0.0001970443349752,0.0001970443349752,0.0001970443349752,0.0001970443349752,0.0001970443349752
2022-01-26,-0.0027088258471236,-0.0027088258471236,-0.0027088258471236,-0.0027088258471236,-0.0027088258471236,-0.0027088258471236,-0.0027088258471236,-0.0027088258471236,-0.0027088258471236
2022-01-27,-0.0001,-0.0001,-0.0001,-0.0001,-0.0001,-0.0001,-0.001284014025384,-0.001284014025384,-0.001284014025384
2022-01-28,0.0028669188547694,0.0028669188547694,0.0028669188547694,0.0028669188547694,0.0028669188547694,0.0028669188547694,0.0029669188547694,0.0029669188547694,0.0029669188547694
2022-02-07,-0.0024158162007592,-0.0024158162007592,-0.0024158162007592,-0.0024158162007592,-0.0024158162007592,-0.0024158162007592,-0.0024158162007592,-0.0024158162007592,-0.0024158162007592
2022-02-08,-0.0001,-0.0001,0.0002471088267272,-0.0001,-0.0001,0.0002471088267272,-0.0001,-0.0001,0.0002471088267272
2022-02-09,-0.0008411433371212,-0.0008411433371212,-0.0007411433371212,-0.0008411433371212,-0.0008411433371212,-0.0007411433371212,-0.0008411433371212,-0.0008411433371212,-0.0007411433371212
2022-02-10,-0.0003461234177216,-0.0003461234177216,-0.0003461234177216,-0.0003461234177216,-0.0003461234177216,-0.0003461234177216,-0.0003461234177216,-0.0003461234177216,-0.0003461234177216
2022-02-11,-0.0043033090963049,-0.0043033090963049,-0.0043033090963049,-0.0043033090963049,-0.0043033090963049,-0.0043033090963049,-0.0043033090963049,-0.0043033090963049,-0.0043033090963049
2022-02-14,-0.0011425732737209,-0.0011425732737209,-0.0011425732737209,-0.0011425732737209,-0.0011425732737209,-0.0011425732737209,-0.0011425732737209,-0.0011425732737209,-0.0011425732737209
2022-02-15,-4.973392350915429e-05,-4.973392350915429e-05,-4.973392350915429e-05,-4.973392350915429e-05,-4.973392350915429e-05,-4.973392350915429e-05,-4.973392350915429e-05,-4.973392350915429e-05,-4.973392350915429e-05
2022-02-16,0.0012931463244802,0.0012931463244802,0.0012931463244802,0.0012931463244802,0.0012931463244802,0.0012931463244802,0.0012931463244802,0.0012931463244802,0.0012931463244802
2022-02-18,-0.0,-0.0,-0.0,-0.0,-0.0,-0.0,-0.0001,-0.0001,-0.0001
2022-02-21,-0.0,-0.0,-0.0,-0.0,-0.0,-0.0,-0.0,-0.0,-0.0
2022-02-22,0.0,0.0,0.0,0.0,0.0,0.0,0.0,0.0,0.0
2022-02-23,0.0017031555221637999,0.0017031555221637999,0.0017031555221637999,0.0,0.0,0.0,0.0,0.0,0.0
2022-02-24,0.0004999750012499,0.0004999750012499,0.0004999750012499,0.0003999750012499,0.0003999750012499,0.0003999750012499,0.0003999750012499,0.0003999750012499,0.0003999750012499
2022-02-25,0.001599120483734,0.001599120483734,0.001599120483734,0.001599120483734,0.001599120483734,0.001599120483734,0.001599120483734,0.001599120483734,0.001599120483734
2022-02-28,0.0001995709225166,0.0001995709225166,0.0001995709225166,0.0001995709225166,0.0001995709225166,0.0001995709225166,0.0001995709225166,0.0001995709225166,0.0001995709225166
2022-03-01,-0.0001,-0.0001,-0.0024442559984038,-0.0001,-0.0001,-0.0024442559984038,-0.0024442559984038,-0.0024442559984038,-0.0024442559984038
2022-03-02,-0.0,-0.0,-0.0007500750075006,-0.0,-0.0,-0.0007500750075006,-0.0007500750075006,-0.0007500750075006,-0.0007500750075006
2022-03-03,-0.0033527648501225998,-0.0033527648501225998,-0.0032527648501226,-0.0033527648501225998,-0.0033527648501225998,-0.0032527648501226,-0.0032527648501226,-0.0032527648501226,-0.0032527648501226
2022-03-04,0.0020584396023697,0.0020584396023697,0.0020584396023697,0.0020584396023697,0.0020584396023697,0.0020584396023697,0.0020584396023697,0.0020584396023697,0.0020584396023697
2022-03-07,-0.0001,-0.0001,-0.0001,0.0008517460794628,0.0008517460794628,0.0008517460794628,0.0008517460794628,0.0008517460794628,0.0008517460794628
2022-03-08,0.001001321585903,0.001001321585903,0.001001321585903,0.001101321585903,0.001101321585903,0.001101321585903,0.001101321585903,0.001101321585903,0.001101321585903
2022-03-09,-0.0024502450245023,-0.0024502450245023,-0.0024502450245023,-0.0024502450245023,-0.0024502450245023,-0.0024502450245023,-0.0024502450245023,-0.0024502450245023,-0.0024502450245023
2022-03-10,-0.0009524286931675,-0.0009524286931675,-0.0009524286931675,-0.0009524286931675,-0.0009524286931675,-0.0009524286931675,-0.0009524286931675,-0.0009524286931675,-0.0009524286931675
2022-03-11,0.0057200200702458,0.0057200200702458,0.0057200200702458,0.0057200200702458,0.0057200200702458,0.0057200200702458,0.0057200200702458,0.0057200200702458,0.0057200200702458
2022-03-14,-0.0001,-0.0001,-0.0001,-0.0001,-0.0001,-0.0001,0.0045400119736578,0.0045400119736578,0.0045400119736578
2022-03-15,-0.0,-0.0047684877079712,-0.0047684877079712,-0.0,-0.0047684877079712,-0.0047684877079712,-0.0001,-0.0046684877079712,-0.0046684877079712
2022-03-16,0.0014468290005488999,0.0015468290005489,0.0015468290005489,0.0014468290005488999,0.0015468290005489,0.0015468290005489,0.0014468290005488999,0.0015468290005489,0.0015468290005489
2022-03-17,0.0001992825827021,0.0001992825827021,0.0001992825827021,0.0001992825827021,0.0001992825827021,0.0001992825827021,0.0001992825827021,0.0001992825827021,0.0001992825827021
2022-03-18,0.00139470013947,0.00139470013947,0.00139470013947,0.00139470013947,0.00139470013947,0.00139470013947,0.00139470013947,0.00139470013947,0.00139470013947
2022-03-21,-0.001541981695185,-0.001541981695185,-0.001541981695185,-0.001541981695185,-0.001541981695185,-0.001541981695185,-0.001541981695185,-0.001541981695185,-0.001541981695185
2022-03-22,-0.003287998804364,-0.003287998804364,-0.003287998804364,-0.003287998804364,-0.003287998804364,-0.003287998804364,-0.003287998804364,-0.003287998804364,-0.003287998804364
2022-03-23,0.0011495976408257,0.0011495976408257,0.0011495976408257,0.0011495976408257,0.0011495976408257,0.0011495976408257,0.0011495976408257,0.0011495976408257,0.0011495976408257
2022-03-24,0.0019470793809286,0.0019470793809286,0.0019470793809286,0.0019470793809286,0.0019470793809286,0.0019470793809286,0.0019470793809286,0.0019470793809286,0.0019470793809286
2022-03-25,-0.0001,-0.0001,0.0006477652100254,-0.0001,-0.0001,0.0006477652100254,0.0006477652100254,0.0006477652100254,0.0006477652100254
2022-03-28,-0.00014979583706798961,-0.00014979583706798961,-4.979583706798962e-05,-0.00014979583706798961,-0.00014979583706798961,-4.979583706798962e-05,-4.979583706798962e-05,-4.979583706798962e-05,-4.979583706798962e-05
2022-03-29,0.0001493949504507,0.0001493949504507,0.0001493949504507,0.0001493949504507,0.0001493949504507,0.0001493949504507,0.0001493949504507,0.0001493949504507,0.0001493949504507
2022-03-30,0.0024397530372435,0.0024397530372435,0.0024397530372435,0.0024397530372435,0.0024397530372435,0.0024397530372435,0.0024397530372435,0.0024397530372435,0.0024397530372435
2022-03-31,-0.002235136343317,-0.002235136343317,-0.002235136343317,-0.002235136343317,-0.002235136343317,-0.002235136343317,-0.002235136343317,-0.002235136343317,-0.002235136343317
2022-04-01,0.0012445240939864,0.0012445240939864,0.0012445240939864,0.0012445240939864,0.0012445240939864,0.0012445240939864,0.0012445240939864,0.0012445240939864,0.0012445240939864
2022-04-06,0.0010441008303088,0.0010441008303088,0.0010441008303088,0.0010441008303088,0.0010441008303088,0.0010441008303088,0.0010441008303088,0.0010441008303088,0.0010441008303088
2022-04-07,-0.0001,-0.0001,0.0019370219529153,-0.0001,-0.0001,0.0019370219529153,-0.0001,-0.0001,0.0019370219529153
2022-04-08,-0.0009427105537103001,-0.0009427105537103001,-0.0008427105537103,-0.0009427105537103001,-0.0009427105537103001,-0.0008427105537103,-0.0009427105537103001,-0.0009427105537103001,-0.0008427105537103
2022-04-11,-0.0001,-0.0001,-0.0001,-0.0001,-0.0001,-0.0001,-0.0001,-0.0001,-0.0001
2022-04-12,-0.0,-0.0,-0.0,-0.0,-0.0,-0.0,-0.0,-0.0,-0.0
2022-04-13,0.0,0.0,0.0,0.0,0.0,0.0,0.0,0.0,0.0
2022-04-14,4.9001688685799984e-05,4.9001688685799984e-05,4.9001688685799984e-05,4.9001688685799984e-05,4.9001688685799984e-05,4.9001688685799984e-05,4.9001688685799984e-05,4.9001688685799984e-05,4.9001688685799984e-05
2022-04-15,-0.0003476188111436,-0.0003476188111436,-0.0003476188111436,-0.0003476188111436,-0.0003476188111436,-0.0003476188111436,-0.0003476188111436,-0.0003476188111436,-0.0003476188111436
2022-04-18,-0.0041231992051664,-0.0041231992051664,-0.0041231992051664,-0.0041231992051664,-0.0041231992051664,-0.0041231992051664,-0.0041231992051664,-0.0041231992051664,-0.0041231992051664
2022-04-19,-0.0004489449792987,-0.0004489449792987,-0.0004489449792987,-0.0004489449792987,-0.0004489449792987,-0.0004489449792987,-0.0004489449792987,-0.0004489449792987,-0.0004489449792987
2022-04-20,-0.0001996207206307,-0.0001996207206307,-0.0001996207206307,-0.0001996207206307,-0.0001996207206307,-0.0001996207206307,-0.0001996207206307,-0.0001996207206307,-0.0001996207206307
2022-04-21,0.0007487271638215,0.0007487271638215,0.0007487271638215,0.0007487271638215,0.0007487271638215,0.0007487271638215,0.0007487271638215,0.0007487271638215,0.0007487271638215
2022-04-22,-0.0014464561823532,-0.0014464561823532,-0.0014464561823532,-0.0014464561823532,-0.0014464561823532,-0.0014464561823532,-0.0014464561823532,-0.0014464561823532,-0.0014464561823532
2022-04-25,-0.0001,0.0022977022977024,0.0022977022977024,-0.0001,0.0022977022977024,0.0022977022977024,0.0022977022977024,0.0022977022977024,0.0022977022977024
2022-04-26,-0.0,-0.0005481909697996,-0.0005481909697996,-0.0,-0.0005481909697996,-0.0005481909697996,-0.0001,-0.0005481909697996,-0.0005481909697996
2022-04-27,-0.0009476689104962001,-0.0008476689104962,-0.0008476689104962,-0.0009476689104962001,-0.0008476689104962,-0.0008476689104962,-0.0009476689104962001,-0.0008476689104962,-0.0008476689104962
2022-04-28,-0.001147819143627,-0.001147819143627,-0.001147819143627,-0.001147819143627,-0.001147819143627,-0.001147819143627,-0.001147819143627,-0.001147819143627,-0.001147819143627
2022-04-29,0.0022483137646764,0.0022483137646764,0.0022483137646764,0.0022483137646764,0.0022483137646764,0.0022483137646764,0.0022483137646764,0.0022483137646764,0.0022483137646764
2022-05-05,0.0014955134596212,0.0014955134596212,0.0014955134596212,0.0014955134596212,0.0014955134596212,0.0014955134596212,0.0014955134596212,0.0014955134596212,0.0014955134596212
2022-05-06,0.0004977600796416,0.0004977600796416,0.0004977600796416,0.0004977600796416,0.0004977600796416,0.0004977600796416,0.0004977600796416,0.0004977600796416,0.0004977600796416
2022-05-09,0.0008955223880597,0.0008955223880597,0.0008955223880597,0.0008955223880597,0.0008955223880597,0.0008955223880597,0.0008955223880597,0.0008955223880597,0.0008955223880597
2022-05-10,0.0011432547966994,0.0011432547966994,0.0011432547966994,0.0011432547966994,0.0011432547966994,0.0011432547966994,0.0011432547966994,0.0011432547966994,0.0011432547966994
2022-05-11,-0.0013405491286431,-0.0013405491286431,-0.0013405491286431,-0.0013405491286431,-0.0013405491286431,-0.0013405491286431,-0.0013405491286431,-0.0013405491286431,-0.0013405491286431
2022-05-12,0.001143482151735,0.001143482151735,0.001143482151735,0.001143482151735,0.001143482151735,0.001143482151735,0.001143482151735,0.001143482151735,0.001143482151735
2022-05-13,-0.0011421760937578,-0.0011421760937578,-0.0011421760937578,-0.0011421760937578,-0.0011421760937578,-0.0011421760937578,-0.0011421760937578,-0.0011421760937578,-0.0011421760937578
2022-05-16,0.0005468827682211,0.0005468827682211,0.0005468827682211,0.0005468827682211,0.0005468827682211,0.0005468827682211,0.0005468827682211,0.0005468827682211,0.0005468827682211
2022-05-17,-0.0001,0.0002981366459626,0.0002981366459626,-0.0001,0.0002981366459626,0.0002981366459626,0.0002981366459626,0.0002981366459626,0.0002981366459626
2022-05-18,0.0010425165168148,0.0011425165168148,0.0011425165168148,0.0010425165168148,0.0011425165168148,0.0011425165168148,0.0011425165168148,0.0011425165168148,0.0011425165168148
2022-05-20,-0.0,-0.0,-0.0001,-0.0,-0.0,-0.0001,-0.0,-0.0,-0.0001
2022-05-23,0.0019443779606082999,0.0019443779606082999,0.0019443779606082999,0.0019443779606082999,0.0019443779606082999,0.0019443779606082999,0.0019443779606082999,0.0019443779606082999,0.0019443779606082999
2022-05-24,0.0003483280254776,0.0003483280254776,0.0003483280254776,0.0003483280254776,0.0003483280254776,0.0003483280254776,0.0003483280254776,0.0003483280254776,0.0003483280254776
2022-05-25,0.0008456449286176,0.0008456449286176,0.0008456449286176,0.0008456449286176,0.0008456449286176,0.0008456449286176,0.0008456449286176,0.0008456449286176,0.0008456449286176
2022-05-26,-0.0001,-0.0001,0.0036282306163022,0.0036282306163022,0.0036282306163022,0.0036282306163022,-0.0001,-0.0001,0.0036282306163022
2022-05-27,-5.047788837720937e-05,-5.047788837720937e-05,4.952211162279063e-05,4.952211162279063e-05,4.952211162279063e-05,4.952211162279063e-05,-5.047788837720937e-05,-5.047788837720937e-05,4.952211162279063e-05
2022-05-30,-0.0020303060314944,-0.0020303060314944,-0.0020303060314944,-0.0020303060314944,-0.0020303060314944,-0.0020303060314944,-0.0020303060314944,-0.0020303060314944,-0.0020303060314944
2022-05-31,-0.0024313997915943,-0.0024313997915943,-0.0024313997915943,-0.0024313997915943,-0.0024313997915943,-0.0024313997915943,-0.0024313997915943,-0.0024313997915943,-0.0024313997915943
2022-06-01,-0.0006963788300834,-0.0006963788300834,-0.0006963788300834,-0.0006963788300834,-0.0006963788300834,-0.0006963788300834,-0.0006963788300834,-0.0006963788300834,-0.0006963788300834
2022-06-02,-0.000647088103534,-0.000647088103534,-0.000647088103534,-0.000647088103534,-0.000647088103534,-0.000647088103534,-0.000647088103534,-0.000647088103534,-0.000647088103534
2022-06-06,-0.0001,-0.0001,-0.0001,-0.0001,-0.0001,-0.0001,-0.0001,-0.0001,-0.0001
2022-06-07,0.0,0.0,0.0015456390565002,0.0,0.0,0.0015456390565002,0.0,0.0,0.0015456390565002
2022-06-08,-0.0005978592054167001,-0.0005978592054167001,-0.0004978592054167,-0.0,-0.0,-0.0004978592054167,-0.0,-0.0,-0.0004978592054167
2022-06-09,0.0010958358238692,0.0010958358238692,0.0010958358238692,0.0009958358238692,0.0009958358238692,0.0010958358238692,0.0009958358238692,0.0009958358238692,0.0010958358238692
2022-06-10,-0.0001,-0.0001,-0.0001,-0.0007463429196934,-0.0007463429196934,-0.0007463429196934,-0.0001,-0.0001,-0.0001
2022-06-13,-0.0,-0.0,-0.0006975202907931001,-0.0001,-0.0001,-0.0005975202907931,-0.0,-0.0,-0.0006975202907931001
2022-06-14,-0.00014982312789603149,-0.00014982312789603149,-4.982312789603149e-05,-0.0,-0.00014982312789603149,-4.982312789603149e-05,-0.0,-0.00014982312789603149,-4.982312789603149e-05
2022-06-15,-0.0012456402590931,-0.0012456402590931,-0.0012456402590931,-0.0013456402590931,-0.0012456402590931,-0.0012456402590931,-0.0013456402590931,-0.0012456402590931,-0.0012456402590931
2022-06-16,0.0010975305562483,0.0010975305562483,0.0010975305562483,0.0010975305562483,0.0010975305562483,0.0010975305562483,0.0010975305562483,0.0010975305562483,0.0010975305562483
2022-06-17,-0.0001,-0.0001,0.0005979967110181,0.0005979967110181,0.0005979967110181,0.0005979967110181,0.0005979967110181,0.0005979967110181,0.0005979967110181
2022-06-20,-0.0021917376363364,-0.0021917376363364,-0.0020917376363364,-0.0020917376363364,-0.0020917376363364,-0.0020917376363364,-0.0020917376363364,-0.0020917376363364,-0.0020917376363364
2022-06-21,9.981534161784822e-05,9.981534161784822e-05,9.981534161784822e-05,-0.0001,9.981534161784822e-05,9.981534161784822e-05,9.981534161784822e-05,9.981534161784822e-05,9.981534161784822e-05
2022-06-22,0.0013972753131394,0.0013972753131394,0.0013972753131394,0.0012972753131394,0.0013972753131394,0.0013972753131394,0.0013972753131394,0.0013972753131394,0.0013972753131394
2022-06-23,-0.001494991777545,-0.001494991777545,-0.001494991777545,-0.001494991777545,-0.001494991777545,-0.001494991777545,-0.001494991777545,-0.001494991777545,-0.001494991777545
2022-06-24,-0.0001,-0.000898338074562,-0.000898338074562,-0.0001,-0.000898338074562,-0.000898338074562,-0.0001,-0.000898338074562,-0.000898338074562
2022-06-27,-0.0034468205205055,-0.0033468205205055,-0.0033468205205055,-0.0034468205205055,-0.0033468205205055,-0.0033468205205055,-0.0,-0.0033468205205055,-0.0033468205205055
2022-06-28,-0.0009522854851643,-0.0009522854851643,-0.0009522854851643,-0.0001,-0.0009522854851643,-0.0009522854851643,-0.0,-0.0009522854851643,-0.0009522854851643
2022-06-29,0.0011538654492548,0.0011538654492548,0.0011538654492548,0.0010538654492548,0.0011538654492548,0.0011538654492548,0.0010538654492548,0.0011538654492548,0.0011538654492548
2022-06-30,0.0021547404289437,0.0021547404289437,0.0021547404289437,0.0021547404289437,0.0021547404289437,0.0021547404289437,0.0021547404289437,0.0021547404289437,0.0021547404289437
2022-07-01,-0.0004000200010001,-0.0004000200010001,-0.0004000200010001,-0.0004000200010001,-0.0004000200010001,-0.0004000200010001,-0.0004000200010001,-0.0004000200010001,-0.0004000200010001
2022-07-04,-0.0020509229153118,-0.0020509229153118,-0.0020509229153118,-0.0020509229153118,-0.0020509229153118,-0.0020509229153118,-0.0020509229153118,-0.0020509229153118,-0.0020509229153118
2022-07-05,-0.0001,-0.0001,0.0011027568922306,-0.0001,-0.0001,0.0011027568922306,0.0011027568922306,0.0011027568922306,0.0011027568922306
2022-07-06,0.0,0.0,0.0009012617664732,0.0,0.0,0.0009012617664732,-0.0001,-0.0001,0.0009012617664732
2022-07-07,0.000150125062531,0.000150125062531,0.000250125062531,0.000150125062531,0.000150125062531,0.000250125062531,0.000150125062531,0.000150125062531,0.000250125062531
2022-07-08,-0.0003500875218804,-0.0003500875218804,-0.0003500875218804,-0.0003500875218804,-0.0003500875218804,-0.0003500875218804,-0.0003500875218804,-0.0003500875218804,-0.0003500875218804
2022-07-11,-0.0001,-0.0001,0.0029517710626376,0.0029517710626376,0.0029517710626376,0.0029517710626376,-0.0001,-0.0001,0.0029517710626376
2022-07-12,0.0007480071831196,0.0007480071831196,0.0008480071831196,0.0008480071831196,0.0008480071831196,0.0008480071831196,0.0007480071831196,0.0007480071831196,0.0008480071831196
2022-07-13,0.0007974481658692,0.0007974481658692,0.0007974481658692,0.0007974481658692,0.0007974481658692,0.0007974481658692,0.0007974481658692,0.0007974481658692,0.0007974481658692
2022-07-14,0.0009462151394421,0.0009462151394421,0.0009462151394421,0.0009462151394421,0.0009462151394421,0.0009462151394421,0.0009462151394421,0.0009462151394421,0.0009462151394421
2022-07-15,0.001094581819991,0.001094581819991,0.001094581819991,0.001094581819991,0.001094581819991,0.001094581819991,0.001094581819991,0.001094581819991,0.001094581819991
2022-07-18,-0.0001,-0.0001,-0.0001,-0.0001,-0.0001,-0.0001,-0.0001,-0.0001,-0.0001
2022-07-19,0.0,0.0,-0.0001,0.0,0.0,-0.0001,0.0,0.0,-0.0001
2022-07-20,0.0014908525975637999,0.0014908525975637999,0.0015908525975638,0.0014908525975637999,0.0014908525975637999,0.0015908525975638,0.0014908525975637999,0.0014908525975637999,0.0015908525975638
2022-07-21,0.0009430684469151,0.0009430684469151,0.0009430684469151,0.0009430684469151,0.0009430684469151,0.0009430684469151,0.0009430684469151,0.0009430684469151,0.0009430684469151
2022-07-22,-0.0001,-0.0001,-0.0001,-0.0010413567390658,-0.0010413567390658,-0.0010413567390658,-0.0001,-0.0001,-0.0001
2022-07-25,-5.0359890791729005e-05,-5.0359890791729005e-05,-5.0359890791729005e-05,4.9640109208271e-05,4.9640109208271e-05,4.9640109208271e-05,-5.0359890791729005e-05,-5.0359890791729005e-05,-5.0359890791729005e-05
2022-07-26,0.0021344187431746,0.0021344187431746,0.0021344187431746,-0.0001,-0.0001,0.0021344187431746,-0.0001,-0.0001,0.0021344187431746
2022-07-27,-0.0001,-0.0001,-0.0001,-0.0,-0.0,-0.0001,-0.0,-0.0,-0.0001
2022-07-28,-0.0014386217154188001,-0.0014386217154188001,-0.0014386217154188001,-0.0014386217154188001,-0.0014386217154188001,-0.0014386217154188001,-0.0014386217154188001,-0.0014386217154188001,-0.0014386217154188001
2022-07-29,0.0033262175445563,0.0033262175445563,0.0033262175445563,0.0033262175445563,0.0033262175445563,0.0033262175445563,0.0033262175445563,0.0033262175445563,0.0033262175445563
2022-08-01,0.0020286986640276,0.0020286986640276,0.0020286986640276,0.0020286986640276,0.0020286986640276,0.0020286986640276,0.0020286986640276,0.0020286986640276,0.0020286986640276
2022-08-02,0.0008888449953088,0.0008888449953088,0.0008888449953088,0.0008888449953088,0.0008888449953088,0.0008888449953088,0.0008888449953088,0.0008888449953088,0.0008888449953088
2022-08-03,0.0002960185504958,0.0002960185504958,0.0002960185504958,0.0002960185504958,0.0002960185504958,0.0002960185504958,0.0002960185504958,0.0002960185504958,0.0002960185504958
2022-08-04,-0.0006905055487052,-0.0006905055487052,-0.0006905055487052,-0.0006905055487052,-0.0006905055487052,-0.0006905055487052,-0.0006905055487052,-0.0006905055487052,-0.0006905055487052
2022-08-05,-0.0006909826760772,-0.0006909826760772,-0.0006909826760772,-0.0006909826760772,-0.0006909826760772,-0.0006909826760772,-0.0006909826760772,-0.0006909826760772,-0.0006909826760772
2022-08-08,-0.0003457302316391,-0.0003457302316391,-0.0003457302316391,-0.0003457302316391,-0.0003457302316391,-0.0003457302316391,-0.0003457302316391,-0.0003457302316391,-0.0003457302316391
2022-08-09,-0.0001,-0.0001,0.0001976284584979,-0.0001,-0.0001,0.0001976284584979,0.0001976284584979,0.0001976284584979,0.0001976284584979
2022-08-10,-0.0008903576368306,-0.0008903576368306,-0.0007903576368306,-0.0008903576368306,-0.0008903576368306,-0.0007903576368306,-0.0007903576368306,-0.0007903576368306,-0.0007903576368306
2022-08-11,-0.0001,-0.0001,-0.0001,-0.0001,-0.0001,-0.0001,-0.0001,-0.0001,-0.0001
2022-08-12,-0.0,-0.0,-0.0007908121977695,-0.0,-0.0,-0.0007908121977695,-0.0,-0.0,-0.0007908121977695
2022-08-15,0.0066153861347026,0.0066153861347026,0.0067153861347026,0.0066153861347026,0.0066153861347026,0.0067153861347026,0.0066153861347026,0.0066153861347026,0.0067153861347026
2022-08-16,0.0004414361389053,0.0004414361389053,0.0004414361389053,0.0004414361389053,0.0004414361389053,0.0004414361389053,0.0004414361389053,0.0004414361389053,0.0004414361389053
2022-08-17,0.0002941609060156,0.0002941609060156,0.0002941609060156,0.0002941609060156,0.0002941609060156,0.0002941609060156,0.0002941609060156,0.0002941609060156,0.0002941609060156
2022-08-18,0.0009802480027445,0.0009802480027445,0.0009802480027445,0.0009802480027445,0.0009802480027445,0.0009802480027445,0.0009802480027445,0.0009802480027445,0.0009802480027445
2022-08-22,-0.0005413918692784,-0.0005413918692784,-0.0005413918692784,-0.0005413918692784,-0.0005413918692784,-0.0005413918692784,-0.0005413918692784,-0.0005413918692784,-0.0005413918692784
2022-08-23,-0.0010341261633918,-0.0010341261633918,-0.0010341261633918,-0.0010341261633918,-0.0010341261633918,-0.0010341261633918,-0.0010341261633918,-0.0010341261633918,-0.0010341261633918
2022-08-24,0.0008380163659666,0.0008380163659666,0.0008380163659666,0.0008380163659666,0.0008380163659666,0.0008380163659666,0.0008380163659666,0.0008380163659666,0.0008380163659666
2022-08-25,-0.0021179136088262,-0.0021179136088262,-0.0021179136088262,-0.0021179136088262,-0.0021179136088262,-0.0021179136088262,-0.0021179136088262,-0.0021179136088262,-0.0021179136088262
2022-08-26,0.0006910167818361,0.0006910167818361,0.0006910167818361,0.0006910167818361,0.0006910167818361,0.0006910167818361,0.0006910167818361,0.0006910167818361,0.0006910167818361
2022-08-29,0.0010851336687383,0.0010851336687383,0.0010851336687383,0.0010851336687383,0.0010851336687383,0.0010851336687383,0.0010851336687383,0.0010851336687383,0.0010851336687383
2022-08-30,-0.0001,-0.0001,-0.0001,-0.0001,-0.0001,-0.0001,-0.0001,-0.0001,-0.0001
2022-08-31,-0.0005926836478297,-0.0005926836478297,-0.0005926836478297,-0.0005926836478297,-0.0005926836478297,-0.0005926836478297,-0.0005926836478297,-0.0005926836478297,-0.0005926836478297
2022-09-01,0.0024646325232908,0.0024646325232908,0.0024646325232908,0.0024646325232908,0.0024646325232908,0.0024646325232908,0.0024646325232908,0.0024646325232908,0.0024646325232908
2022-09-02,-0.0001,-0.0001,-0.0007867433741456,-0.0001,-0.0001,-0.0007867433741456,-0.0001,-0.0001,-0.0007867433741456
2022-09-05,0.0,0.0,-0.0001,0.0,0.0,-0.0001,0.0,0.0,-0.0001
2022-09-06,0.0,0.0,0.00024411562284940003,0.0,0.0,0.00024411562284940003,0.0,0.0,0.00024411562284940003
2022-09-07,-0.0015742739200943,-0.0015742739200943,-0.0014742739200943,-0.0015742739200943,-0.0015742739200943,-0.0014742739200943,-0.0015742739200943,-0.0015742739200943,-0.0014742739200943
2022-09-08,-0.0001,-0.0001,-0.0001,-0.0002460751021212,-0.0002460751021212,-0.0002460751021212,-0.0001,-0.0001,-0.0001
2022-09-09,-0.0027090381018015,-0.0027090381018015,-0.0027090381018015,-0.0026090381018015,-0.0026090381018015,-0.0026090381018015,-0.0027090381018015,-0.0027090381018015,-0.0027090381018015
2022-09-13,0.0008390503923794,0.0008390503923794,0.0008390503923794,-0.0001,-0.0001,0.0008390503923794,0.0008390503923794,0.0008390503923794,0.0008390503923794
2022-09-14,-0.0001,-0.0010849196173192,-0.0010849196173192,-0.0,-0.0011849196173192,-0.0010849196173192,-0.0001,-0.0010849196173192,-0.0010849196173192
2022-09-15,-0.0001987361769352324,-9.87361769352324e-05,-9.87361769352324e-05,-0.0001987361769352324,-9.87361769352324e-05,-9.87361769352324e-05,-0.0001987361769352324,-9.87361769352324e-05,-9.87361769352324e-05
2022-09-16,-4.937296336526842e-05,-4.937296336526842e-05,-4.937296336526842e-05,-4.937296336526842e-05,-4.937296336526842e-05,-4.937296336526842e-05,-4.937296336526842e-05,-4.937296336526842e-05,-4.937296336526842e-05
2022-09-19,0.0006912556164517,0.0006912556164517,0.0006912556164517,0.0006912556164517,0.0006912556164517,0.0006912556164517,0.0006912556164517,0.0006912556164517,0.0006912556164517
2022-09-20,0.0011841910494894,0.0011841910494894,0.0011841910494894,0.0011841910494894,0.0011841910494894,0.0011841910494894,0.0011841910494894,0.0011841910494894,0.0011841910494894
2022-09-21,0.0005913951998424,0.0005913951998424,0.0005913951998424,0.0005913951998424,0.0005913951998424,0.0005913951998424,0.0005913951998424,0.0005913951998424,0.0005913951998424
2022-09-22,-0.0005417918534207,-0.0005417918534207,-0.0005417918534207,-0.0005417918534207,-0.0005417918534207,-0.0005417918534207,-0.0005417918534207,-0.0005417918534207,-0.0005417918534207
2022-09-23,-0.0001,-0.0001,-0.0001,-0.0001,-0.0001,-0.0001,-0.0001,-0.0001,-0.0001
2022-09-26,-0.0036053073315230996,-0.0036053073315230996,-0.0036053073315230996,-0.0036053073315230996,-0.0036053073315230996,-0.0036053073315230996,-0.0036053073315230996,-0.0036053073315230996,-0.0036053073315230996
2022-09-27,0.0010404280618312,0.0010404280618312,0.0010404280618312,0.0010404280618312,0.0010404280618312,0.0010404280618312,0.0010404280618312,0.0010404280618312,0.0010404280618312
2022-09-28,-0.0017817371937639,-0.0017817371937639,-0.0017817371937639,-0.0017817371937639,-0.0017817371937639,-0.0017817371937639,-0.0017817371937639,-0.0017817371937639,-0.0017817371937639
2022-09-29,-0.0021815657692498,-0.0021815657692498,-0.0021815657692498,-0.0021815657692498,-0.0021815657692498,-0.0021815657692498,-0.0021815657692498,-0.0021815657692498,-0.0021815657692498
2022-09-30,-0.0001,-0.0005465838509317,-0.0005465838509317,-0.0001,-0.0005465838509317,-0.0005465838509317,-0.0001,-0.0005465838509317,-0.0005465838509317
2022-10-10,0.0030818633787412,0.0031818633787412,0.0031818633787412,0.0030818633787412,0.0031818633787412,0.0031818633787412,0.0030818633787412,0.0031818633787412,0.0031818633787412
2022-10-11,-0.0002477946278125,-0.0002477946278125,-0.0002477946278125,-0.0002477946278125,-0.0002477946278125,-0.0002477946278125,-0.0002477946278125,-0.0002477946278125,-0.0002477946278125
2022-10-12,0.0018837059435881,0.0018837059435881,0.0018837059435881,0.0018837059435881,0.0018837059435881,0.0018837059435881,0.0018837059435881,0.0018837059435881,0.0018837059435881
2022-10-13,0.0006432140913363,0.0006432140913363,0.0006432140913363,0.0006432140913363,0.0006432140913363,0.0006432140913363,0.0006432140913363,0.0006432140913363,0.0006432140913363
2022-10-14,-0.0001,-0.0001,-0.0001,-0.0001,-0.0001,-0.0001,-0.0001,-0.0001,-0.0001
2022-10-17,-0.0007410256410257,-0.0007410256410257,-0.0007410256410257,-0.0007410256410257,-0.0007410256410257,-0.0007410256410257,-0.0007410256410257,-0.0007410256410257,-0.0007410256410257
2022-10-18,-0.0001,-0.0001,-0.0001,-0.0001,-0.0001,-0.0001,-0.0001,-0.0001,-0.0001
2022-10-19,-1.3368852056604835e-06,-1.3368852056604835e-06,-1.3368852056604835e-06,-1.3368852056604835e-06,-1.3368852056604835e-06,-1.3368852056604835e-06,-1.3368852056604835e-06,-1.3368852056604835e-06,-1.3368852056604835e-06
2022-10-20,-0.0015291274108419,-0.0015291274108419,-0.0015291274108419,-0.0015291274108419,-0.0015291274108419,-0.0015291274108419,-0.0015291274108419,-0.0015291274108419,-0.0015291274108419
2022-10-21,-0.0001,-0.0001,-0.0001,-0.0001,-0.0001,-0.0001,-0.0001,-0.0001,-0.0001
2022-10-24,0.0017788627935721,0.0017788627935721,0.0017788627935721,0.0017788627935721,0.0017788627935721,0.0017788627935721,0.0017788627935721,0.0017788627935721,0.0017788627935721
2022-10-25,-0.0012337758476039,-0.0012337758476039,-0.0012337758476039,-0.0012337758476039,-0.0012337758476039,-0.0012337758476039,-0.0012337758476039,-0.0012337758476039,-0.0012337758476039
2022-10-26,-0.0001,0.0020258918865501,0.0020258918865501,-0.0001,0.0020258918865501,0.0020258918865501,-0.0001,0.0020258918865501,0.0020258918865501
2022-10-27,0.0013300507914593,0.0014300507914593,0.0014300507914593,0.0013300507914593,0.0014300507914593,0.0014300507914593,0.0013300507914593,0.0014300507914593,0.0014300507914593
2022-10-28,0.0010833169194406,0.0010833169194406,0.0010833169194406,0.0010833169194406,0.0010833169194406,0.0010833169194406,0.0010833169194406,0.0010833169194406,0.0010833169194406
2022-10-31,0.0011805213969502,0.0011805213969502,0.0011805213969502,0.0011805213969502,0.0011805213969502,0.0011805213969502,0.0011805213969502,0.0011805213969502,0.0011805213969502
2022-11-01,-0.0017686941141789,-0.0017686941141789,-0.0017686941141789,-0.0017686941141789,-0.0017686941141789,-0.0017686941141789,-0.0017686941141789,-0.0017686941141789,-0.0017686941141789
2022-11-02,-0.0006398267546018,-0.0006398267546018,-0.0006398267546018,-0.0006398267546018,-0.0006398267546018,-0.0006398267546018,-0.0006398267546018,-0.0006398267546018,-0.0006398267546018
2022-11-03,9.849790691940365e-05,9.849790691940365e-05,9.849790691940365e-05,9.849790691940365e-05,9.849790691940365e-05,9.849790691940365e-05,9.849790691940365e-05,9.849790691940365e-05,9.849790691940365e-05
2022-11-04,-0.0014280789875411,-0.0014280789875411,-0.0014280789875411,-0.0014280789875411,-0.0014280789875411,-0.0014280789875411,-0.0014280789875411,-0.0014280789875411,-0.0014280789875411
2022-11-07,0.0004438307525396,0.0004438307525396,0.0004438307525396,0.0004438307525396,0.0004438307525396,0.0004438307525396,0.0004438307525396,0.0004438307525396,0.0004438307525396
2022-11-08,0.0011337309607137,0.0011337309607137,0.0011337309607137,0.0011337309607137,0.0011337309607137,0.0011337309607137,0.0011337309607137,0.0011337309607137,0.0011337309607137
2022-11-09,-0.0001969473165928,-0.0001969473165928,-0.0001969473165928,-0.0001969473165928,-0.0001969473165928,-0.0001969473165928,-0.0001969473165928,-0.0001969473165928,-0.0001969473165928
2022-11-10,-0.0001,-0.0001969861124789,-0.0001969861124789,-0.0001,-0.0001969861124789,-0.0001969861124789,-0.0001,-0.0001969861124789,-0.0001969861124789
2022-11-11,-0.0,-0.0038419860112304,-0.0038419860112304,-0.0,-0.0038419860112304,-0.0038419860112304,-0.0,-0.0038419860112304,-0.0038419860112304
2022-11-14,-0.0069730221518987,-0.0068730221518987,-0.0068730221518987,-0.0069730221518987,-0.0068730221518987,-0.0068730221518987,-0.0069730221518987,-0.0068730221518987,-0.0068730221518987
2022-11-15,0.0006472491909383,0.0006472491909383,0.0006472491909383,0.0006472491909383,0.0006472491909383,0.0006472491909383,0.0006472491909383,0.0006472491909383,0.0006472491909383
2022-11-16,-0.0021892725644342,-0.0021892725644342,-0.0021892725644342,-0.0021892725644342,-0.0021892725644342,-0.0021892725644342,-0.0021892725644342,-0.0021892725644342,-0.0021892725644342
2022-11-18,-0.0001,-0.0026546456298522,-0.0026546456298522,-0.0001,-0.0026546456298522,-0.0026546456298522,-0.0026546456298522,-0.0026546456298522,-0.0026546456298522
2022-11-21,0.0010550823623944,0.0011550823623944,0.0011550823623944,0.0010550823623944,0.0011550823623944,0.0011550823623944,0.0011550823623944,0.0011550823623944,0.0011550823623944
2022-11-22,0.000250815149235,0.000250815149235,0.000250815149235,0.000250815149235,0.000250815149235,0.000250815149235,0.000250815149235,0.000250815149235,0.000250815149235
2022-11-23,0.0023570712136409,0.0023570712136409,0.0023570712136409,0.0023570712136409,0.0023570712136409,0.0023570712136409,0.0023570712136409,0.0023570712136409,0.0023570712136409
2022-11-24,0.0017511382398558,0.0017511382398558,0.0017511382398558,0.0017511382398558,0.0017511382398558,0.0017511382398558,0.0017511382398558,0.0017511382398558,0.0017511382398558
2022-11-25,-0.0035460992907802,-0.0035460992907802,-0.0035460992907802,-0.0035460992907802,-0.0035460992907802,-0.0035460992907802,-0.0035460992907802,-0.0035460992907802,-0.0035460992907802
2022-11-28,-0.0022555260387949,-0.0022555260387949,-0.0022555260387949,-0.0022555260387949,-0.0022555260387949,-0.0022555260387949,-0.0022555260387949,-0.0022555260387949,-0.0022555260387949
2022-11-29,-0.0001,-0.0001,-0.0001,-0.0001,-0.0001,-0.0001,-0.0001,-0.0001,-0.0001
2022-11-30,0.0008576612903225,0.0008576612903225,0.0008576612903225,0.0008576612903225,0.0008576612903225,0.0008576612903225,0.0008576612903225,0.0008576612903225,0.0008576612903225
2022-12-01,0.0028702351578628,0.0028702351578628,0.0028702351578628,0.0028702351578628,0.0028702351578628,0.0028702351578628,0.0028702351578628,0.0028702351578628,0.0028702351578628
2022-12-02,-0.0001,-0.0001,0.0003012653143201,-0.0001,-0.0001,0.0003012653143201,-0.0001,-0.0001,0.0003012653143201
2022-12-05,-0.00030078305391020003,-0.00030078305391020003,-0.0002007830539102,-0.00030078305391020003,-0.00030078305391020003,-0.0002007830539102,-0.00030078305391020003,-0.00030078305391020003,-0.0002007830539102
2022-12-06,-0.0024098805100915,-0.0024098805100915,-0.0024098805100915,-0.0024098805100915,-0.0024098805100915,-0.0024098805100915,-0.0024098805100915,-0.0024098805100915,-0.0024098805100915
2022-12-07,-0.0001,-0.0001,-0.0001,-0.0001,-0.0001,-0.0001,-0.0001,-0.0001,-0.0001
2022-12-08,0.0,0.0,0.0019585429532562003,0.0,0.0,0.0019585429532562003,0.0,0.0,0.0019585429532562003
2022-12-09,-0.0007513678725323001,-0.0007513678725323001,-0.0006513678725323,-0.0007513678725323001,-0.0007513678725323001,-0.0006513678725323,-0.0007513678725323001,-0.0007513678725323001,-0.0006513678725323
2022-12-12,-5.013787916763324e-05,-5.013787916763324e-05,-5.013787916763324e-05,-5.013787916763324e-05,-5.013787916763324e-05,-5.013787916763324e-05,-5.013787916763324e-05,-5.013787916763324e-05,-5.013787916763324e-05
2022-12-13,-0.0011532290413156,-0.0011532290413156,-0.0011532290413156,-0.0011532290413156,-0.0011532290413156,-0.0011532290413156,-0.0011532290413156,-0.0011532290413156,-0.0011532290413156
2022-12-14,-0.0001,-0.0001,0.0046684403393402,0.0046684403393402,0.0046684403393402,0.0046684403393402,-0.0001,-0.0001,0.0046684403393402
2022-12-15,-0.0012491955631057001,-0.0012491955631057001,-0.0011491955631057,-0.0011491955631057,-0.0011491955631057,-0.0011491955631057,-0.0012491955631057001,-0.0012491955631057001,-0.0011491955631057
2022-12-16,0.0004001800810364,0.0004001800810364,0.0004001800810364,0.0004001800810364,0.0004001800810364,0.0004001800810364,0.0004001800810364,0.0004001800810364,0.0004001800810364
2022-12-19,0.0019500975048751,0.0019500975048751,0.0019500975048751,0.0019500975048751,0.0019500975048751,0.0019500975048751,0.0019500975048751,0.0019500975048751,0.0019500975048751
2022-12-20,-0.0016967761253617,-0.0016967761253617,-0.0016967761253617,-0.0016967761253617,-0.0016967761253617,-0.0016967761253617,-0.0016967761253617,-0.0016967761253617,-0.0016967761253617
2022-12-21,0.0025494901019798,0.0025494901019798,0.0025494901019798,0.0025494901019798,0.0025494901019798,0.0025494901019798,0.0025494901019798,0.0025494901019798,0.0025494901019798
2022-12-22,-0.0001,-0.0001,-0.0001,-0.0001,-0.0001,-0.0001,-0.0001,-0.0001,-0.0001
2022-12-23,0.0021941499177098004,0.0021941499177098004,0.0021941499177098004,0.0021941499177098004,0.0021941499177098004,0.0021941499177098004,0.0021941499177098004,0.0021941499177098004,0.0021941499177098004
2022-12-26,-0.002139622829278,-0.002139622829278,-0.002139622829278,-0.0001,-0.0001,-0.0001,-0.0001,-0.0001,-0.0001
2022-12-27,-0.0001,-0.002792460357036,-0.002792460357036,-0.0,-0.0028924603570359996,-0.0028924603570359996,-0.0,-0.0028924603570359996,-0.0028924603570359996
2022-12-28,0.0006000700070007,0.0007000700070007,0.0007000700070007,0.0006000700070007,0.0007000700070007,0.0007000700070007,0.0006000700070007,0.0007000700070007,0.0007000700070007
2022-12-29,0.001449130521687,0.001449130521687,0.001449130521687,0.001449130521687,0.001449130521687,0.001449130521687,0.001449130521687,0.001449130521687,0.001449130521687
2022-12-30,0.0001995908387804,0.0001995908387804,0.0001995908387804,0.0001995908387804,0.0001995908387804,0.0001995908387804,0.0001995908387804,0.0001995908387804,0.0001995908387804
2023-01-03,-0.0001,-0.0001,0.0014467448241457,0.0014467448241457,0.0014467448241457,0.0014467448241457,0.0014467448241457,0.0014467448241457,0.0014467448241457
2023-01-04,0.0014941018232539,0.0014941018232539,0.0015941018232539,0.0015941018232539,0.0015941018232539,0.0015941018232539,0.0015941018232539,0.0015941018232539,0.0015941018232539
2023-01-05,-0.0001,-0.0001,-0.0009449915448125,-0.0001,-0.0001,-0.0009449915448125,-0.0009449915448125,-0.0009449915448125,-0.0009449915448125
2023-01-06,-0.0009463185144621,-0.0009463185144621,-0.0008463185144621,-0.0009463185144621,-0.0009463185144621,-0.0008463185144621,-0.0008463185144621,-0.0008463185144621,-0.0008463185144621
2023-01-09,4.9825610363818384e-05,4.9825610363818384e-05,4.9825610363818384e-05,4.9825610363818384e-05,4.9825610363818384e-05,4.9825610363818384e-05,4.9825610363818384e-05,4.9825610363818384e-05,4.9825610363818384e-05
2023-01-10,-0.0001,-0.0001,-0.0001,-0.0001,-0.0001,-0.0001,-0.0001,-0.0001,-0.0001
2023-01-11,0.0010492529855594,0.0010492529855594,0.0010492529855594,0.0010492529855594,0.0010492529855594,0.0010492529855594,0.0010492529855594,0.0010492529855594,0.0010492529855594
2023-01-12,9.982032341770974e-05,9.982032341770974e-05,9.982032341770974e-05,-0.0001,-0.0001,-0.0001,-0.0001,-0.0001,-0.0001
2023-01-13,-0.0016468709452039,-0.0016468709452039,-0.0016468709452039,-0.0017468709452039002,-0.0017468709452039002,-0.0017468709452039002,-0.0017468709452039002,-0.0017468709452039002,-0.0017468709452039002
2023-01-16,-0.0022494376405899,-0.0022494376405899,-0.0022494376405899,-0.0022494376405899,-0.0022494376405899,-0.0022494376405899,-0.0022494376405899,-0.0022494376405899,-0.0022494376405899
2023-01-17,-0.0001,-0.0001,-0.0001,-0.0001,-0.0001,-0.0001,-0.0001,-0.0001,-0.0001
2023-01-18,-0.0005507663027146,-0.0005507663027146,-0.0005507663027146,-0.0005507663027146,-0.0005507663027146,-0.0005507663027146,-0.0005507663027146,-0.0005507663027146,-0.0005507663027146
2023-01-19,0.0006514005110989,0.0006514005110989,0.0006514005110989,0.0006514005110989,0.0006514005110989,0.0006514005110989,0.0006514005110989,0.0006514005110989,0.0006514005110989
2023-01-20,-0.0015523284927391,-0.0015523284927391,-0.0015523284927391,-0.0015523284927391,-0.0015523284927391,-0.0015523284927391,-0.0015523284927391,-0.0015523284927391,-0.0015523284927391
2023-01-30,0.0033602487587141,0.0033602487587141,0.0033602487587141,0.0033602487587141,0.0033602487587141,0.0033602487587141,0.0033602487587141,0.0033602487587141,0.0033602487587141
2023-01-31,-0.0001,-0.0001,-0.0001,-0.0001,-0.0001,-0.0001,0.0017494751574527,0.0017494751574527,0.0017494751574527
2023-02-01,-0.0010480564842073,-0.0010480564842073,-0.0010480564842073,-0.0010480564842073,-0.0010480564842073,-0.0010480564842073,-0.0009480564842073,-0.0009480564842073,-0.0009480564842073
2023-02-02,0.0019478573569073,0.0019478573569073,0.0019478573569073,0.0019478573569073,0.0019478573569073,0.0019478573569073,0.0019478573569073,0.0019478573569073,0.0019478573569073
2023-02-03,-0.0001,-0.0001,-0.0001,-0.0001,-0.0001,-0.0001,-0.0001,-0.0001,-0.0001
2023-02-06,-0.0009968163021274,-0.0009968163021274,-0.0009968163021274,-0.0009968163021274,-0.0009968163021274,-0.0009968163021274,-0.0009968163021274,-0.0009968163021274,-0.0009968163021274
2023-02-07,0.0021443175584701,0.0021443175584701,0.0021443175584701,0.0021443175584701,0.0021443175584701,0.0021443175584701,0.0021443175584701,0.0021443175584701,0.0021443175584701
2023-02-08,-0.0006468949044585,-0.0006468949044585,-0.0006468949044585,-0.0006468949044585,-0.0006468949044585,-0.0006468949044585,-0.0006468949044585,-0.0006468949044585,-0.0006468949044585
2023-02-09,0.0011452472240203,0.0011452472240203,0.0011452472240203,0.0011452472240203,0.0011452472240203,0.0011452472240203,0.0011452472240203,0.0011452472240203,0.0011452472240203
2023-02-10,-0.0001,-0.0005968367651447,-0.0005968367651447,-0.0001,-0.0005968367651447,-0.0005968367651447,-0.0005968367651447,-0.0005968367651447,-0.0005968367651447
2023-02-13,0.00019859659599869999,0.0002985965959987,0.0002985965959987,0.00019859659599869999,0.0002985965959987,0.0002985965959987,0.0002985965959987,0.0002985965959987,0.0002985965959987
2023-02-14,0.0003980099502487,0.0003980099502487,0.0003980099502487,0.0003980099502487,0.0003980099502487,0.0003980099502487,0.0003980099502487,0.0003980099502487,0.0003980099502487
2023-02-15,-0.0001,4.9731450169066e-05,4.9731450169066e-05,4.9731450169066e-05,4.9731450169066e-05,4.9731450169066e-05,4.9731450169066e-05,4.9731450169066e-05,4.9731450169066e-05
2023-02-16,0.0013421403351731999,0.0014421403351732,0.0014421403351732,0.0014421403351732,0.0014421403351732,0.0014421403351732,0.0014421403351732,0.0014421403351732,0.0014421403351732
2023-02-17,-0.000496573641871,-0.000496573641871,-0.000496573641871,-0.000496573641871,-0.000496573641871,-0.000496573641871,-0.000496573641871,-0.000496573641871,-0.000496573641871
2023-02-20,-0.0001,-0.0001,-0.0025337837837837,-0.0001,-0.0001,-0.0025337837837837,-0.0001,-0.0001,-0.0025337837837837
2023-02-22,0.0010052271813429,0.0010052271813429,0.0010052271813429,0.0010052271813429,0.0010052271813429,0.0010052271813429,0.0010052271813429,0.0010052271813429,0.0010052271813429
2023-02-23,0.0002510544286,0.0002510544286,0.0002510544286,0.0002510544286,0.0002510544286,0.0002510544286,0.0002510544286,0.0002510544286,0.0002510544286
2023-02-24,0.0011043622308117,0.0011043622308117,0.0011043622308117,0.0011043622308117,0.0011043622308117,0.0011043622308117,0.0011043622308117,0.0011043622308117,0.0011043622308117
2023-02-27,0.0002005716291431,0.0002005716291431,0.0002005716291431,0.0002005716291431,0.0002005716291431,0.0002005716291431,0.0002005716291431,0.0002005716291431,0.0002005716291431
2023-02-28,0.0009023913370431,0.0009023913370431,0.0009023913370431,0.0009023913370431,0.0009023913370431,0.0009023913370431,0.0009023913370431,0.0009023913370431,0.0009023913370431
2023-03-01,-0.0001,-0.0001,-0.0001,-0.0001,-0.0001,-0.0001,-0.0001,-0.0001,-0.0001
2023-03-02,-0.0,-0.0015016118536316,-0.0015016118536316,-0.0,-0.0015016118536316,-0.0015016118536316,-0.0,-0.0015016118536316,-0.0015016118536316
2023-03-03,0.0005015339114741999,0.0006015339114742,0.0006015339114742,0.0005015339114741999,0.0006015339114742,0.0006015339114742,0.0005015339114741999,0.0006015339114742,0.0006015339114742
2023-03-06,-0.0001,-0.0001,-0.0001,-0.0001,-0.0001,-0.0001,-0.0001,-0.0001,-0.0001
2023-03-07,0.0013,0.0013,0.0013,0.0013,0.0013,0.0013,0.0013,0.0013,0.0013
2023-03-08,-0.0004493708807669,-0.0004493708807669,-0.0004493708807669,-0.0004493708807669,-0.0004493708807669,-0.0004493708807669,-0.0004493708807669,-0.0004493708807669,-0.0004493708807669
2023-03-09,0.0009990509016433,0.0009990509016433,0.0009990509016433,0.0009990509016433,0.0009990509016433,0.0009990509016433,0.0009990509016433,0.0009990509016433,0.0009990509016433
2023-03-10,-0.0001,-0.0001,0.0009481511053446,0.0009481511053446,0.0009481511053446,0.0009481511053446,0.0009481511053446,0.0009481511053446,0.0009481511053446
2023-03-13,-0.0009475421278293001,-0.0009475421278293001,-0.0008475421278293,-0.0008475421278293,-0.0008475421278293,-0.0008475421278293,-0.0008475421278293,-0.0008475421278293,-0.0008475421278293
2023-03-14,-0.0001,-0.0001,-0.0001,-0.0001,-0.0001,-0.0001,0.0013971358714635,0.0013971358714635,0.0013971358714635
2023-03-15,-0.0009969056754198,-0.0009969056754198,-0.0009969056754198,-0.0009969056754198,-0.0009969056754198,-0.0009969056754198,-0.0008969056754198,-0.0008969056754198,-0.0008969056754198
2023-03-16,0.0021445314448158,0.0021445314448158,0.0021445314448158,-0.0001,-0.0001,0.0021445314448158,-0.0001,-0.0001,0.0021445314448158
2023-03-17,-0.0004478948939982,-0.0004478948939982,-0.0004478948939982,-0.0005478948939982001,-0.0005478948939982001,-0.0004478948939982,-0.0005478948939982001,-0.0005478948939982001,-0.0004478948939982
2023-03-20,0.0006472491909383,0.0006472491909383,0.0006472491909383,0.0006472491909383,0.0006472491909383,0.0006472491909383,0.0006472491909383,0.0006472491909383,0.0006472491909383
2023-03-21,-0.0001,-0.0010946362822171,-0.0010946362822171,-0.0010946362822171,-0.0010946362822171,-0.0010946362822171,-0.0010946362822171,-0.0010946362822171,-0.0010946362822171
2023-03-22,0.00014905359633390002,0.0002490535963339,0.0002490535963339,0.0002490535963339,0.0002490535963339,0.0002490535963339,0.0002490535963339,0.0002490535963339,0.0002490535963339
2023-03-23,-0.0001,-0.0001,-0.0006971764354365,-0.0001,-0.0001,-0.0006971764354365,-0.0006971764354365,-0.0006971764354365,-0.0006971764354365
2023-03-24,-0.0011464942442816,-0.0011464942442816,-0.0010464942442816,-0.0011464942442816,-0.0011464942442816,-0.0010464942442816,-0.0010464942442816,-0.0010464942442816,-0.0010464942442816
2023-03-27,0.002194951611294,0.002194951611294,0.002194951611294,0.002194951611294,0.002194951611294,0.002194951611294,0.002194951611294,0.002194951611294,0.002194951611294
2023-03-28,-4.9776007964297264e-05,-4.9776007964297264e-05,-4.9776007964297264e-05,-4.9776007964297264e-05,-4.9776007964297264e-05,-4.9776007964297264e-05,-4.9776007964297264e-05,-4.9776007964297264e-05,-4.9776007964297264e-05
2023-03-29,0.0002488924286923,0.0002488924286923,0.0002488924286923,0.0002488924286923,0.0002488924286923,0.0002488924286923,0.0002488924286923,0.0002488924286923,0.0002488924286923
2023-03-30,-0.0009953219866626,-0.0009953219866626,-0.0009953219866626,-0.0009953219866626,-0.0009953219866626,-0.0009953219866626,-0.0009953219866626,-0.0009953219866626,-0.0009953219866626
2023-03-31,0.0008468665936036,0.0008468665936036,0.0008468665936036,0.0008468665936036,0.0008468665936036,0.0008468665936036,0.0008468665936036,0.0008468665936036,0.0008468665936036
2023-04-03,-0.0015927529739684,-0.0015927529739684,-0.0015927529739684,-0.0015927529739684,-0.0015927529739684,-0.0015927529739684,-0.0015927529739684,-0.0015927529739684,-0.0015927529739684
2023-04-04,-0.0001,0.0006979410738321,0.0006979410738321,-0.0001,0.0006979410738321,0.0006979410738321,-0.0001,0.0006979410738321,0.0006979410738321
2023-04-06,-0.0002494544911074,-0.0001494544911074,-0.0001494544911074,-0.0002494544911074,-0.0001494544911074,-0.0001494544911074,-0.0002494544911074,-0.0001494544911074,-0.0001494544911074
2023-04-07,-0.0001,-0.0001,-0.0001,-0.0001,-0.0001,-0.0001,-0.0001,-0.0001,-0.0001
2023-04-10,0.0,0.0,0.0004469915464944,0.0,0.0,0.0004469915464944,0.0,0.0,0.0004469915464944
2023-04-11,0.0014903782118185,0.0014903782118185,0.0015903782118185,0.0,0.0,0.0015903782118185,0.0,0.0,0.0015903782118185
2023-04-12,0.0006450652508311,0.0006450652508311,0.0006450652508311,0.0005450652508311,0.0005450652508311,0.0006450652508311,0.0005450652508311,0.0005450652508311,0.0006450652508311
2023-04-13,-0.0006446494098978,-0.0006446494098978,-0.0006446494098978,-0.0006446494098978,-0.0006446494098978,-0.0006446494098978,-0.0001,-0.0006446494098978,-0.0006446494098978
2023-04-14,-0.0001,-0.0001,-0.0003473428273705,-0.0003473428273705,-0.0003473428273705,-0.0003473428273705,-0.0,-0.0001,-0.0003473428273705
2023-04-17,-0.0,-0.0,-0.0015387670008935,-0.0001,-0.0001,-0.0015387670008935,-0.0,-0.0,-0.0015387670008935
2023-04-18,0.001043425304499,0.001043425304499,0.001143425304499,0.001043425304499,0.001043425304499,0.001143425304499,0.001043425304499,0.001043425304499,0.001143425304499
2023-04-19,0.0004469162776838,0.0004469162776838,0.0004469162776838,0.0004469162776838,0.0004469162776838,0.0004469162776838,0.0004469162776838,0.0004469162776838,0.0004469162776838
2023-04-20,-0.0001489055442497,-0.0001489055442497,-0.0001489055442497,-0.0001489055442497,-0.0001489055442497,-0.0001489055442497,-0.0001489055442497,-0.0001489055442497,-0.0001489055442497
2023-04-21,-0.0001,0.0017871326449563,0.0017871326449563,0.0017871326449563,0.0017871326449563,0.0017871326449563,0.0017871326449563,0.0017871326449563,0.0017871326449563
2023-04-24,0.0,0.0005946481665013,0.0005946481665013,-0.0001,0.0005946481665013,0.0005946481665013,0.0005946481665013,0.0005946481665013,0.0005946481665013
2023-04-25,-0.00014952456418383377,-4.9524564183833775e-05,-4.9524564183833775e-05,-0.00014952456418383377,-4.9524564183833775e-05,-4.9524564183833775e-05,-4.9524564183833775e-05,-4.9524564183833775e-05,-4.9524564183833775e-05
2023-04-26,0.0013372294586697,0.0013372294586697,0.0013372294586697,0.0013372294586697,0.0013372294586697,0.0013372294586697,0.0013372294586697,0.0013372294586697,0.0013372294586697
2023-04-27,0.0020773568107625,0.0020773568107625,0.0020773568107625,0.0020773568107625,0.0020773568107625,0.0020773568107625,0.0020773568107625,0.0020773568107625,0.0020773568107625
2023-04-28,-0.0004442250740375,-0.0004442250740375,-0.0004442250740375,-0.0004442250740375,-0.0004442250740375,-0.0004442250740375,-0.0004442250740375,-0.0004442250740375,-0.0004442250740375
2023-05-04,0.0012838872154461,0.0012838872154461,0.0012838872154461,0.0012838872154461,0.0012838872154461,0.0012838872154461,0.0012838872154461,0.0012838872154461,0.0012838872154461
2023-05-05,0.0029097006460521,0.0029097006460521,0.0029097006460521,0.0029097006460521,0.0029097006460521,0.0029097006460521,0.0029097006460521,0.0029097006460521,0.0029097006460521
2023-05-08,-0.0019669551534224,-0.0019669551534224,-0.0019669551534224,-0.0019669551534224,-0.0019669551534224,-0.0019669551534224,-0.0019669551534224,-0.0019669551534224,-0.0019669551534224
2023-05-09,0.0006405202995662,0.0006405202995662,0.0006405202995662,0.0006405202995662,0.0006405202995662,0.0006405202995662,0.0006405202995662,0.0006405202995662,0.0006405202995662
2023-05-10,0.0015756561130533,0.0015756561130533,0.0015756561130533,0.0015756561130533,0.0015756561130533,0.0015756561130533,0.0015756561130533,0.0015756561130533,0.0015756561130533
2023-05-11,0.0012782065778476,0.0012782065778476,0.0012782065778476,0.0012782065778476,0.0012782065778476,0.0012782065778476,0.0012782065778476,0.0012782065778476,0.0012782065778476
2023-05-12,-0.0007855845239848,-0.0007855845239848,-0.0007855845239848,-0.0007855845239848,-0.0007855845239848,-0.0007855845239848,-0.0007855845239848,-0.0007855845239848,-0.0007855845239848
2023-05-15,-0.0005405139796569,-0.0005405139796569,-0.0005405139796569,-0.0005405139796569,-0.0005405139796569,-0.0005405139796569,-0.0005405139796569,-0.0005405139796569,-0.0005405139796569
2023-05-16,9.83284169124854e-05,9.83284169124854e-05,9.83284169124854e-05,9.83284169124854e-05,9.83284169124854e-05,9.83284169124854e-05,9.83284169124854e-05,9.83284169124854e-05,9.83284169124854e-05
2023-05-17,-0.000786549995084,-0.000786549995084,-0.000786549995084,-0.000786549995084,-0.000786549995084,-0.000786549995084,-0.000786549995084,-0.000786549995084,-0.000786549995084
2023-05-18,0.0,0.0,0.0,0.0,0.0,0.0,0.0,0.0,0.0
2023-05-22,0.00044291495977480004,0.00044291495977480004,0.0005429149597748,0.00044291495977480004,0.00044291495977480004,0.0005429149597748,0.00044291495977480004,0.00044291495977480004,0.0005429149597748
2023-05-23,0.0021704814522494,0.0021704814522494,0.0021704814522494,0.0021704814522494,0.0021704814522494,0.0021704814522494,0.0021704814522494,0.0021704814522494,0.0021704814522494
2023-05-24,-4.922228785186888e-05,-4.922228785186888e-05,-4.922228785186888e-05,-4.922228785186888e-05,-4.922228785186888e-05,-4.922228785186888e-05,-4.922228785186888e-05,-4.922228785186888e-05,-4.922228785186888e-05
2023-05-25,-0.0010337189269012,-0.0010337189269012,-0.0010337189269012,-0.0010337189269012,-0.0010337189269012,-0.0010337189269012,-0.0010337189269012,-0.0010337189269012,-0.0010337189269012
2023-05-26,-0.0010840642554449,-0.0010840642554449,-0.0010840642554449,-0.0010840642554449,-0.0010840642554449,-0.0010840642554449,-0.0010840642554449,-0.0010840642554449,-0.0010840642554449
2023-05-29,-0.0001,-0.0001,-0.0001,-0.0001,-0.0001,-0.0001,-0.0001,-0.0001,-0.0001
2023-05-30,-0.0,-0.0,-0.0006911912503693,-0.0,-0.0,-0.0006911912503693,-0.0,-0.0,-0.0006911912503693
2023-05-31,0.0007873114463174,0.0007873114463174,0.0008873114463174,0.0,0.0,0.0008873114463174,0.0,0.0,0.0008873114463174
2023-06-01,-0.0001,-0.0001,-0.0001,0.0,0.0,-0.0001,0.0,0.0,-0.0001
2023-06-02,-0.0035923757993113,-0.0035923757993113,-0.0035923757993113,-0.0035923757993113,-0.0035923757993113,-0.0035923757993113,-0.0,-0.0035923757993113,-0.0035923757993113
2023-06-05,0.0017276272274051,0.0017276272274051,0.0017276272274051,0.0017276272274051,0.0017276272274051,0.0017276272274051,0.0016276272274051,0.0017276272274051,0.0017276272274051
2023-06-06,-0.0001,0.0014782694392432,0.0014782694392432,0.0014782694392432,0.0014782694392432,0.0014782694392432,-0.0001,0.0014782694392432,0.0014782694392432
2023-06-07,0.0006872466049988999,0.0007872466049989,0.0007872466049989,0.0007872466049989,0.0007872466049989,0.0007872466049989,0.0006872466049988999,0.0007872466049989,0.0007872466049989
2023-06-08,-0.0001,-0.0001,-0.0007374631268436,-0.0001,-0.0001,-0.0007374631268436,-0.0001,-0.0001,-0.0007374631268436
2023-06-09,0.0,0.0,-0.0001,0.0,0.0,-0.0001,0.0025076260762608,0.0025076260762608,0.0026076260762608
2023-06-12,-0.00019814505839633724,-0.00019814505839633724,-0.00019814505839633724,-0.00019814505839633724,-0.00019814505839633724,-0.00019814505839633724,-9.814505839633723e-05,-9.814505839633723e-05,-9.814505839633723e-05
2023-06-13,0.002601099332548,0.002601099332548,0.002601099332548,0.002601099332548,0.002601099332548,0.002601099332548,0.002601099332548,0.002601099332548,0.002601099332548
2023-06-14,0.0004895002202751,0.0004895002202751,0.0004895002202751,0.0004895002202751,0.0004895002202751,0.0004895002202751,0.0004895002202751,0.0004895002202751,0.0004895002202751
2023-06-15,-0.0034248250892899,-0.0034248250892899,-0.0034248250892899,-0.0034248250892899,-0.0034248250892899,-0.0034248250892899,-0.0034248250892899,-0.0034248250892899,-0.0034248250892899
2023-06-16,-0.0025528990132064,-0.0025528990132064,-0.0025528990132064,-0.0025528990132064,-0.0025528990132064,-0.0025528990132064,-0.0025528990132064,-0.0025528990132064,-0.0025528990132064
2023-06-19,-0.0013781562238519,-0.0013781562238519,-0.0013781562238519,-0.0013781562238519,-0.0013781562238519,-0.0013781562238519,-0.0013781562238519,-0.0013781562238519,-0.0013781562238519
2023-06-20,-0.0001,-0.0001,0.0013307703681797,-0.0001,-0.0001,0.0013307703681797,0.0013307703681797,0.0013307703681797,0.0013307703681797
2023-06-21,0.0007860011813348999,0.0007860011813348999,0.0008860011813349,0.0007860011813348999,0.0007860011813348999,0.0008860011813349,0.0008860011813349,0.0008860011813349,0.0008860011813349
2023-06-26,0.0005409658699713,0.0005409658699713,0.0005409658699713,0.0005409658699713,0.0005409658699713,0.0005409658699713,0.0005409658699713,0.0005409658699713,0.0005409658699713
2023-06-27,-0.0008847382649298,-0.0008847382649298,-0.0008847382649298,-0.0008847382649298,-0.0008847382649298,-0.0008847382649298,-0.0008847382649298,-0.0008847382649298,-0.0008847382649298
2023-06-28,-0.0001,-0.0001,-0.0001,0.0013282825798197,0.0013282825798197,0.0013282825798197,-0.0001,-0.0001,-0.0001
2023-06-29,0.0002930431364842,0.0002930431364842,0.0002930431364842,0.0003930431364842,0.0003930431364842,0.0003930431364842,0.0002930431364842,0.0002930431364842,0.0002930431364842
2023-06-30,0.0017679992142225,0.0017679992142225,0.0017679992142225,0.0017679992142225,0.0017679992142225,0.0017679992142225,0.0017679992142225,0.0017679992142225,0.0017679992142225
2023-07-03,-0.0010785371114815,-0.0010785371114815,-0.0010785371114815,-0.0010785371114815,-0.0010785371114815,-0.0010785371114815,-0.0010785371114815,-0.0010785371114815,-0.0010785371114815
2023-07-04,-0.0013250883392225,-0.0013250883392225,-0.0013250883392225,-0.0013250883392225,-0.0013250883392225,-0.0013250883392225,-0.0013250883392225,-0.0013250883392225,-0.0013250883392225
2023-07-05,0.001670843776107,0.001670843776107,0.001670843776107,0.001670843776107,0.001670843776107,0.001670843776107,0.001670843776107,0.001670843776107,0.001670843776107
2023-07-06,-0.0005887258990335,-0.0005887258990335,-0.0005887258990335,-0.0005887258990335,-0.0005887258990335,-0.0005887258990335,-0.0005887258990335,-0.0005887258990335,-0.0005887258990335
2023-07-07,0.0007854302685188,0.0007854302685188,0.0007854302685188,0.0007854302685188,0.0007854302685188,0.0007854302685188,0.0007854302685188,0.0007854302685188,0.0007854302685188
2023-07-10,0.0003924069259821,0.0003924069259821,0.0003924069259821,0.0003924069259821,0.0003924069259821,0.0003924069259821,0.0003924069259821,0.0003924069259821,0.0003924069259821
2023-07-11,-0.0001,-0.0001,-0.0001,-0.0001,-0.0001,-0.0001,-0.0001,-0.0001,-0.0001
2023-07-12,-5.1002008917733126e-05,-5.1002008917733126e-05,-5.1002008917733126e-05,-5.1002008917733126e-05,-5.1002008917733126e-05,-5.1002008917733126e-05,-5.1002008917733126e-05,-5.1002008917733126e-05,-5.1002008917733126e-05
2023-07-13,-0.0004899559039686,-0.0004899559039686,-0.0004899559039686,-0.0004899559039686,-0.0004899559039686,-0.0004899559039686,-0.0004899559039686,-0.0004899559039686,-0.0004899559039686
2023-07-14,-0.0003431372549019,-0.0003431372549019,-0.0003431372549019,-0.0003431372549019,-0.0003431372549019,-0.0003431372549019,-0.0003431372549019,-0.0003431372549019,-0.0003431372549019
2023-07-17,-0.0001,-0.0001,-0.0001,-0.0001,-0.0001,-0.0001,-0.0001,-0.0001,-0.0001
2023-07-18,0.0006832003524400999,0.0006832003524400999,0.0006832003524400999,0.0006832003524400999,0.0006832003524400999,0.0006832003524400999,0.0006832003524400999,0.0006832003524400999,0.0006832003524400999
2023-07-19,-0.0004891171435558,-0.0004891171435558,-0.0004891171435558,-0.0004891171435558,-0.0004891171435558,-0.0004891171435558,-0.0004891171435558,-0.0004891171435558,-0.0004891171435558
2023-07-20,-0.0001,0.0009297773427943,0.0009297773427943,0.0009297773427943,0.0009297773427943,0.0009297773427943,-0.0001,0.0009297773427943,0.0009297773427943
2023-07-21,0.0007311332746650999,0.0008311332746651,0.0008311332746651,0.0008311332746651,0.0008311332746651,0.0008311332746651,0.0007311332746650999,0.0008311332746651,0.0008311332746651
2023-07-24,-0.0001,-0.0001,-0.0001,-0.0001,-0.0001,-0.0001,-0.0001,-0.0001,-0.0001
2023-07-25,-0.005713863802782501,-0.005713863802782501,-0.005713863802782501,-0.005713863802782501,-0.005713863802782501,-0.005713863802782501,-0.005713863802782501,-0.005713863802782501,-0.005713863802782501
2023-07-26,0.0021600392734413,0.0021600392734413,0.0021600392734413,0.0021600392734413,0.0021600392734413,0.0021600392734413,0.0021600392734413,0.0021600392734413,0.0021600392734413
2023-07-27,0.0010287057901441,0.0010287057901441,0.0010287057901441,0.0010287057901441,0.0010287057901441,0.0010287057901441,0.0010287057901441,0.0010287057901441,0.0010287057901441
2023-07-28,-0.0011255199412771,-0.0011255199412771,-0.0011255199412771,-0.0011255199412771,-0.0011255199412771,-0.0011255199412771,-0.0011255199412771,-0.0011255199412771,-0.0011255199412771
2023-07-31,-0.0006858710562415,-0.0006858710562415,-0.0006858710562415,-0.0006858710562415,-0.0006858710562415,-0.0006858710562415,-0.0006858710562415,-0.0006858710562415,-0.0006858710562415
2023-08-01,0.000196097656633,0.000196097656633,0.000196097656633,0.000196097656633,0.000196097656633,0.000196097656633,0.000196097656633,0.000196097656633,0.000196097656633
2023-08-02,0.0007842368395254,0.0007842368395254,0.0007842368395254,0.0007842368395254,0.0007842368395254,0.0007842368395254,0.0007842368395254,0.0007842368395254,0.0007842368395254
2023-08-03,0.0012733862278382,0.0012733862278382,0.0012733862278382,0.0012733862278382,0.0012733862278382,0.0012733862278382,0.0012733862278382,0.0012733862278382,0.0012733862278382
2023-08-04,0.0002934846409705,0.0002934846409705,0.0002934846409705,0.0002934846409705,0.0002934846409705,0.0002934846409705,0.0002934846409705,0.0002934846409705,0.0002934846409705
2023-08-07,0.0005867970660147,0.0005867970660147,0.0005867970660147,0.0005867970660147,0.0005867970660147,0.0005867970660147,0.0005867970660147,0.0005867970660147,0.0005867970660147
2023-08-08,0.0003909686247678,0.0003909686247678,0.0003909686247678,0.0003909686247678,0.0003909686247678,0.0003909686247678,0.0003909686247678,0.0003909686247678,0.0003909686247678
2023-08-09,-0.0001465559355153,-0.0001465559355153,-0.0001465559355153,-0.0001465559355153,-0.0001465559355153,-0.0001465559355153,-0.0001465559355153,-0.0001465559355153,-0.0001465559355153
2023-08-10,-0.0003420139737136,-0.0003420139737136,-0.0003420139737136,-0.0003420139737136,-0.0003420139737136,-0.0003420139737136,-0.0003420139737136,-0.0003420139737136,-0.0003420139737136
2023-08-11,0.0005865102639297,0.0005865102639297,0.0005865102639297,0.0005865102639297,0.0005865102639297,0.0005865102639297,0.0005865102639297,0.0005865102639297,0.0005865102639297
2023-08-14,0.0008792497069167,0.0008792497069167,0.0008792497069167,0.0008792497069167,0.0008792497069167,0.0008792497069167,0.0008792497069167,0.0008792497069167,0.0008792497069167
2023-08-15,0.0024890190336748,0.0024890190336748,0.0024890190336748,0.0024890190336748,0.0024890190336748,0.0024890190336748,0.0024890190336748,0.0024890190336748,0.0024890190336748
2023-08-16,0.0010710286743584,0.0010710286743584,0.0010710286743584,0.0010710286743584,0.0010710286743584,0.0010710286743584,0.0010710286743584,0.0010710286743584,0.0010710286743584
2023-08-17,-0.0009239896902203,-0.0009239896902203,-0.0009239896902203,-0.0009239896902203,-0.0009239896902203,-0.0009239896902203,-0.0009239896902203,-0.0009239896902203,-0.0009239896902203
2023-08-18,0.0009735202492211,0.0009735202492211,0.0009735202492211,0.0009735202492211,0.0009735202492211,0.0009735202492211,0.0009735202492211,0.0009735202492211,0.0009735202492211
2023-08-21,0.0022855475588408,0.0022855475588408,0.0022855475588408,0.0022855475588408,0.0022855475588408,0.0022855475588408,0.0022855475588408,0.0022855475588408,0.0022855475588408
2023-08-23,-0.0001461062679588,-0.0001461062679588,-0.0001461062679588,-0.0001461062679588,-0.0001461062679588,-0.0001461062679588,-0.0001461062679588,-0.0001461062679588,-0.0001461062679588
2023-08-24,0.0001461276181198,0.0001461276181198,0.0001461276181198,0.0001461276181198,0.0001461276181198,0.0001461276181198,0.0001461276181198,0.0001461276181198,0.0001461276181198
2023-08-25,-0.0016071689475478,-0.0016071689475478,-0.0016071689475478,-0.0016071689475478,-0.0016071689475478,-0.0016071689475478,-0.0016071689475478,-0.0016071689475478,-0.0016071689475478
2023-08-28,-0.0001,-0.0005365853658537,-0.0005365853658537,-0.0001,-0.0005365853658537,-0.0005365853658537,-0.0001,-0.0005365853658537,-0.0005365853658537
2023-08-29,-0.0015642003026013,-0.0014642003026013,-0.0014642003026013,-0.0015642003026013,-0.0014642003026013,-0.0014642003026013,-0.0015642003026013,-0.0014642003026013,-0.0014642003026013
2023-08-30,0.0010753213744563,0.0010753213744563,0.0010753213744563,0.0010753213744563,0.0010753213744563,0.0010753213744563,0.0010753213744563,0.0010753213744563,0.0010753213744563
2023-08-31,-0.0001,9.765148186136052e-05,9.765148186136052e-05,9.765148186136052e-05,9.765148186136052e-05,9.765148186136052e-05,-0.0001,9.765148186136052e-05,9.765148186136052e-05
2023-09-01,-0.0,-0.0001,-0.0001,-0.0001,-0.0001,-0.0001,-0.0,-0.0001,-0.0001
2023-09-04,-0.0017159044168054,-0.0017159044168054,-0.0017159044168054,-0.0017159044168054,-0.0017159044168054,-0.0017159044168054,-0.0017159044168054,-0.0017159044168054,-0.0017159044168054
2023-09-05,-0.0003923684339594,-0.0003923684339594,-0.0003923684339594,-0.0001,-0.0003923684339594,-0.0003923684339594,-0.0001,-0.0003923684339594,-0.0003923684339594
2023-09-06,-0.0022079387664981,-0.0022079387664981,-0.0022079387664981,-0.0023079387664980996,-0.0022079387664981,-0.0022079387664981,-0.0023079387664980996,-0.0022079387664981,-0.0022079387664981
2023-09-07,-0.0001,-0.0001,-0.0008851298190402,-0.0008851298190402,-0.0008851298190402,-0.0008851298190402,-0.0001,-0.0001,-0.0008851298190402
2023-09-08,0.0,0.0,-0.0001,-0.0001,-0.0001,-0.0001,0.0,0.0,-0.0001
2023-09-11,0.0004900575306091999,0.0004900575306091999,0.0004900575306091999,0.0004900575306091999,0.0004900575306091999,0.0004900575306091999,0.0004900575306091999,0.0004900575306091999,0.0004900575306091999
2023-09-12,0.0004422821760283,0.0004422821760283,0.0004422821760283,0.0004422821760283,0.0004422821760283,0.0004422821760283,-0.0001,0.0004422821760283,0.0004422821760283
2023-09-13,0.0014245014245013,0.0014245014245013,0.0014245014245013,0.0014245014245013,0.0014245014245013,0.0014245014245013,0.0013245014245013,0.0014245014245013,0.0014245014245013
2023-09-14,0.0013243733751899,0.0013243733751899,0.0013243733751899,0.0013243733751899,0.0013243733751899,0.0013243733751899,0.0013243733751899,0.0013243733751899,0.0013243733751899
2023-09-15,-0.0001,-0.0001,-0.0025472714803564,-0.0001,-0.0001,-0.0025472714803564,-0.0001,-0.0001,-0.0025472714803564
2023-09-18,-0.0,-0.0,-0.0001,-0.0,-0.0,-0.0001,-0.0,-0.0,-0.0001
2023-09-19,0.00019495624815640003,0.00019495624815640003,0.00019495624815640003,0.00019495624815640003,0.00019495624815640003,0.00019495624815640003,0.00019495624815640003,0.00019495624815640003,0.00019495624815640003
2023-09-20,-0.0001965795164143,-0.0001965795164143,-0.0001965795164143,-0.0001,-0.0001,-0.0001965795164143,-0.0001,-0.0001,-0.0001965795164143
2023-09-21,0.0014746362563902,0.0014746362563902,0.0014746362563902,0.0013746362563902,0.0013746362563902,0.0014746362563902,0.0013746362563902,0.0013746362563902,0.0014746362563902
2023-09-22,-0.0025031903406302,-0.0025031903406302,-0.0025031903406302,-0.0025031903406302,-0.0025031903406302,-0.0025031903406302,-0.0001,-0.0001,-0.0025031903406302
2023-09-25,-0.0001,-0.0001,-0.00054125867244,-0.0001,-0.0001,-0.00054125867244,-0.0,-0.0,-0.00054125867244
2023-09-26,0.0,0.0,-0.0001,0.0,0.0,-0.0001,0.0,0.0,-0.0001
2023-09-27,0.0,0.0,9.68503937008e-05,0.0,0.0,9.68503937008e-05,0.0,0.0,9.68503937008e-05
2023-09-28,0.0015236961228104,0.0015236961228104,0.0016236961228104,0.0015236961228104,0.0015236961228104,0.0016236961228104,0.0015236961228104,0.0015236961228104,0.0016236961228104
2023-10-09,0.0001473694552243,0.0001473694552243,0.0001473694552243,0.0001473694552243,0.0001473694552243,0.0001473694552243,0.0001473694552243,0.0001473694552243,0.0001473694552243
2023-10-10,-0.0001,-0.0001,-0.0001,-0.0009823182711198,-0.0009823182711198,-0.0009823182711198,-0.0001,-0.0001,-0.0001
2023-10-11,-0.0,-0.0021648967551623,-0.0021648967551623,-0.0001,-0.0020648967551623,-0.0020648967551623,-0.0021648967551623,-0.0021648967551623,-0.0021648967551623
2023-10-12,0.0006389890629617999,0.0007389890629618,0.0007389890629618,0.0006389890629617999,0.0007389890629618,0.0007389890629618,0.0007389890629618,0.0007389890629618,0.0007389890629618
2023-10-13,0.0009353615910991,0.0009353615910991,0.0009353615910991,0.0009353615910991,0.0009353615910991,0.0009353615910991,0.0009353615910991,0.0009353615910991,0.0009353615910991
2023-10-16,0.0009344875073775,0.0009344875073775,0.0009344875073775,0.0009344875073775,0.0009344875073775,0.0009344875073775,0.0009344875073775,0.0009344875073775,0.0009344875073775
2023-10-17,-0.001474129035428,-0.001474129035428,-0.001474129035428,-0.001474129035428,-0.001474129035428,-0.001474129035428,-0.001474129035428,-0.001474129035428,-0.001474129035428
2023-10-18,-0.0005413119433099,-0.0005413119433099,-0.0005413119433099,-0.0005413119433099,-0.0005413119433099,-0.0005413119433099,-0.0005413119433099,-0.0005413119433099,-0.0005413119433099
2023-10-19,-0.0029542097488921,-0.0029542097488921,-0.0029542097488921,-0.0029542097488921,-0.0029542097488921,-0.0029542097488921,-0.0029542097488921,-0.0029542097488921,-0.0029542097488921
2023-10-20,-0.0001,-0.0001,0.0021728395061728,-0.0001,-0.0001,0.0021728395061728,0.0021728395061728,0.0021728395061728,0.0021728395061728
2023-10-23,0.0010826155513945,0.0010826155513945,0.0011826155513945,0.0010826155513945,0.0010826155513945,0.0011826155513945,0.0011826155513945,0.0011826155513945,0.0011826155513945
2023-10-24,-0.0010827837385569,-0.0010827837385569,-0.0010827837385569,-0.0010827837385569,-0.0010827837385569,-0.0010827837385569,-0.0010827837385569,-0.0010827837385569,-0.0010827837385569
2023-10-25,0.0023157272368938,0.0023157272368938,0.0023157272368938,0.0023157272368938,0.0023157272368938,0.0023157272368938,0.0023157272368938,0.0023157272368938,0.0023157272368938
2023-10-26,-0.0001,-0.0001,-0.0001,-0.0001,-0.0001,-0.0001,-0.0001,-0.0001,-0.0001
2023-10-27,4.7536146355799984e-05,4.7536146355799984e-05,4.7536146355799984e-05,4.7536146355799984e-05,4.7536146355799984e-05,4.7536146355799984e-05,4.7536146355799984e-05,4.7536146355799984e-05,4.7536146355799984e-05
2023-10-30,0.0003933716870727,0.0003933716870727,0.0003933716870727,-0.0001,0.0003933716870727,0.0003933716870727,-0.0001,0.0003933716870727,0.0003933716870727
2023-10-31,0.0016220201523715,0.0016220201523715,0.0016220201523715,0.0015220201523715,0.0016220201523715,0.0016220201523715,0.0015220201523715,0.0016220201523715,0.0016220201523715
2023-11-01,0.0002453626459908,0.0002453626459908,0.0002453626459908,0.0002453626459908,0.0002453626459908,0.0002453626459908,0.0002453626459908,0.0002453626459908,0.0002453626459908
2023-11-02,-0.0001,-0.0001,0.0017661776971005,-0.0001,-0.0001,0.0017661776971005,-0.0001,-0.0001,0.0017661776971005
2023-11-03,-0.0004917919584699,-0.0004917919584699,-0.0003917919584699,-0.0004917919584699,-0.0004917919584699,-0.0003917919584699,-0.0004917919584699,-0.0004917919584699,-0.0003917919584699
2023-11-06,0.0003919455195726,0.0003919455195726,0.0003919455195726,0.0003919455195726,0.0003919455195726,0.0003919455195726,0.0003919455195726,0.0003919455195726,0.0003919455195726
2023-11-07,-0.0001,-0.0001,-0.0004897399480875,-0.0001,-0.0001,-0.0004897399480875,-0.0001,-0.0001,-0.0004897399480875
2023-11-08,0.0009289578127297999,0.0009289578127297999,0.0010289578127298,0.0009289578127297999,0.0009289578127297999,0.0010289578127298,0.0009289578127297999,0.0009289578127297999,0.0010289578127298
2023-11-09,-0.0001,-0.0001,-0.000342633382281,-0.0001,-0.0001,-0.000342633382281,-0.0001,-0.0001,-0.000342633382281
2023-11-10,0.0005365372374284,0.0005365372374284,0.0006365372374284,0.0005365372374284,0.0005365372374284,0.0006365372374284,0.0005365372374284,0.0005365372374284,0.0006365372374284
2023-11-13,0.0001467997651203,0.0001467997651203,0.0001467997651203,-0.0001,-0.0001,0.0001467997651203,-0.0001,-0.0001,0.0001467997651203
2023-11-14,-0.0001,-0.0001,-0.0001,-0.0,-0.0,-0.0001,-0.0,-0.0,-0.0001
2023-11-15,-0.0,-0.0,-0.0001979575843659264,-0.0,-0.0,-0.0001979575843659264,-0.0,-0.0,-0.0001979575843659264
2023-11-16,0.0011245897624296,0.0011245897624296,0.0012245897624296,0.0,0.0,0.0012245897624296,0.0,0.0,0.0012245897624296
2023-11-17,0.0,0.0,0.0,-0.0001,-0.0001,0.0,-0.0001,-0.0001,0.0
2023-11-20,-4.8923679060730585e-05,-4.8923679060730585e-05,-4.8923679060730585e-05,-4.8923679060730585e-05,-4.8923679060730585e-05,-4.8923679060730585e-05,-0.0001,-4.8923679060730585e-05,-4.8923679060730585e-05
2023-11-21,-0.0009295953813787,-0.0009295953813787,-0.0009295953813787,-0.0009295953813787,-0.0009295953813787,-0.0009295953813787,-0.0010295953813787,-0.0009295953813787,-0.0009295953813787
2023-11-23,-0.0027476571316422,-0.0027476571316422,-0.0027476571316422,-0.0027476571316422,-0.0027476571316422,-0.0027476571316422,-0.0027476571316422,-0.0027476571316422,-0.0027476571316422
2023-11-24,0.0006888068880688,0.0006888068880688,0.0006888068880688,0.0006888068880688,0.0006888068880688,0.0006888068880688,0.0006888068880688,0.0006888068880688,0.0006888068880688
2023-11-27,-0.0010816657652785,-0.0010816657652785,-0.0010816657652785,-0.0010816657652785,-0.0010816657652785,-0.0010816657652785,-0.0010816657652785,-0.0010816657652785,-0.0010816657652785
2023-11-28,-0.0001,-0.0001,0.0023625535266034,-0.0001,-0.0001,0.0023625535266034,0.0023625535266034,0.0023625535266034,0.0023625535266034
2023-11-29,0.0005874539651362,0.0005874539651362,0.0006874539651362,0.0005874539651362,0.0005874539651362,0.0006874539651362,0.0006874539651362,0.0006874539651362,0.0006874539651362
2023-11-30,0.0001962804848127,0.0001962804848127,0.0001962804848127,0.0001962804848127,0.0001962804848127,0.0001962804848127,0.0001962804848127,0.0001962804848127,0.0001962804848127
2023-12-01,-0.0001,-0.0001,0.0005396654074472,0.0005396654074472,0.0005396654074472,0.0005396654074472,0.0005396654074472,0.0005396654074472,0.0005396654074472
2023-12-04,-0.0008355104442483001,-0.0008355104442483001,-0.0007355104442483,-0.0007355104442483,-0.0007355104442483,-0.0007355104442483,-0.0007355104442483,-0.0007355104442483,-0.0007355104442483
2023-12-05,0.0010304725452672,0.0010304725452672,0.0010304725452672,0.0010304725452672,0.0010304725452672,0.0010304725452672,0.0010304725452672,0.0010304725452672,0.0010304725452672
2023-12-06,-0.0001,-0.0001,-0.0001,-0.0001,-0.0001,-0.0001,-0.0001,-0.0001,-0.0001
2023-12-07,0.0,0.0007826125330979999,0.0007826125330979999,0.0,0.0007826125330979999,0.0007826125330979999,0.0,0.0007826125330979999,0.0007826125330979999
2023-12-08,-0.0,-0.0001,-0.0001,-0.0,-0.0001,-0.0001,-0.0,-0.0001,-0.0001
2023-12-11,0.0018107344079172,0.0018107344079172,0.0018107344079172,0.0018107344079172,0.0018107344079172,0.0018107344079172,0.0018107344079172,0.0018107344079172,0.0018107344079172
2023-12-12,-0.0003422982885085,-0.0003422982885085,-0.0003422982885085,-0.0003422982885085,-0.0003422982885085,-0.0003422982885085,-0.0003422982885085,-0.0003422982885085,-0.0003422982885085
2023-12-13,0.0025436579758351,0.0025436579758351,0.0025436579758351,0.0025436579758351,0.0025436579758351,0.0025436579758351,0.0025436579758351,0.0025436579758351,0.0025436579758351
2023-12-14,-0.0011710173212977,-0.0011710173212977,-0.0011710173212977,-0.0011710173212977,-0.0011710173212977,-0.0011710173212977,-0.0011710173212977,-0.0011710173212977,-0.0011710173212977
2023-12-15,0.0017097357237065,0.0017097357237065,0.0017097357237065,0.0017097357237065,0.0017097357237065,0.0017097357237065,0.0017097357237065,0.0017097357237065,0.0017097357237065
2023-12-18,-0.0005364283624306,-0.0005364283624306,-0.0005364283624306,-0.0005364283624306,-0.0005364283624306,-0.0005364283624306,-0.0005364283624306,-0.0005364283624306,-0.0005364283624306
2023-12-19,0.0005367162722615,0.0005367162722615,0.0005367162722615,0.0005367162722615,0.0005367162722615,0.0005367162722615,0.0005367162722615,0.0005367162722615,0.0005367162722615
2023-12-20,-0.000487662147664,-0.000487662147664,-0.000487662147664,-0.000487662147664,-0.000487662147664,-0.000487662147664,-0.000487662147664,-0.000487662147664,-0.000487662147664
2023-12-21,-0.0001,-0.0001,-0.0001,-0.0001,-0.0001,-0.0001,0.0010733801717408,0.0010733801717408,0.0010733801717408
2023-12-22,0.0006798030997172,0.0006798030997172,0.0006798030997172,0.0006798030997172,0.0006798030997172,0.0006798030997172,0.0007798030997172,0.0007798030997172,0.0007798030997172
2023-12-25,0.0018018895490405,0.0018018895490405,0.0018018895490405,0.0018018895490405,0.0018018895490405,0.0018018895490405,0.0018018895490405,0.0018018895490405,0.0018018895490405
2023-12-26,-9.7224247727401e-05,-9.7224247727401e-05,-9.7224247727401e-05,-9.7224247727401e-05,-9.7224247727401e-05,-9.7224247727401e-05,-9.7224247727401e-05,-9.7224247727401e-05,-9.7224247727401e-05
2023-12-27,-0.0001,-0.0001,-0.0001,-0.0001,-0.0001,-0.0001,-0.0001,-0.0001,-0.0001
2023-12-28,-0.0,-0.0012658974981781,-0.0012658974981781,-0.0,-0.0012658974981781,-0.0012658974981781,-0.0,-0.0012658974981781,-0.0012658974981781
2023-12-29,0.0002890861339428,0.0003890861339428,0.0003890861339428,0.0002890861339428,0.0003890861339428,0.0003890861339428,0.0002890861339428,0.0003890861339428,0.0003890861339428
2024-01-02,-0.00116680441441,-0.00116680441441,-0.00116680441441,-0.00116680441441,-0.00116680441441,-0.00116680441441,-0.00116680441441,-0.00116680441441,-0.00116680441441
2024-01-03,0.0008761255779996,0.0008761255779996,0.0008761255779996,0.0008761255779996,0.0008761255779996,0.0008761255779996,0.0008761255779996,0.0008761255779996,0.0008761255779996
2024-01-04,-0.0001,0.0,0.0,-0.0001,0.0,0.0,0.0,0.0,0.0
2024-01-05,0.0,0.0013130379808394,0.0013130379808394,0.0,0.0013130379808394,0.0013130379808394,-0.0001,0.0013130379808394,0.0013130379808394
2024-01-08,-0.0003428363283147,-0.0002428363283147,-0.0002428363283147,-0.0003428363283147,-0.0002428363283147,-0.0002428363283147,-0.0003428363283147,-0.0002428363283147,-0.0002428363283147
2024-01-09,0.0017488462472674,0.0017488462472674,0.0017488462472674,0.0017488462472674,0.0017488462472674,0.0017488462472674,0.0017488462472674,0.0017488462472674,0.0017488462472674
2024-01-10,-0.0013578390960671,-0.0013578390960671,-0.0013578390960671,-0.0013578390960671,-0.0013578390960671,-0.0013578390960671,-0.0013578390960671,-0.0013578390960671,-0.0013578390960671
2024-01-11,-0.0001,0.0002428009517796,0.0002428009517796,0.0002428009517796,0.0002428009517796,0.0002428009517796,0.0002428009517796,0.0002428009517796,0.0002428009517796
2024-01-12,-0.0022361297213321,-0.0021361297213321,-0.0021361297213321,-0.0021361297213321,-0.0021361297213321,-0.0021361297213321,-0.0021361297213321,-0.0021361297213321,-0.0021361297213321
2024-01-15,0.0005838279653596,0.0005838279653596,0.0005838279653596,0.0005838279653596,0.0005838279653596,0.0005838279653596,0.0005838279653596,0.0005838279653596,0.0005838279653596
2024-01-16,-0.0001,-0.0001,-0.0001,-0.0001,-0.0001,-0.0001,-0.0001,-0.0001,-0.0001
2024-01-17,0.0014080755010703,0.0014080755010703,0.0014080755010703,0.0014080755010703,0.0014080755010703,0.0014080755010703,0.0014080755010703,0.0014080755010703,0.0014080755010703
2024-01-18,-0.0007771894885121,-0.0007771894885121,-0.0007771894885121,-0.0007771894885121,-0.0007771894885121,-0.0007771894885121,-0.0007771894885121,-0.0007771894885121,-0.0007771894885121
2024-01-19,-0.0001,-0.0001,-0.0001,-0.0001,-0.0001,-0.0001,-0.0001,-0.0001,-0.0001
2024-01-22,0.0011621971940385,0.0011621971940385,0.0011621971940385,0.0011621971940385,0.0011621971940385,0.0011621971940385,0.0011621971940385,0.0011621971940385,0.0011621971940385
2024-01-23,-0.0010181818181818,-0.0010181818181818,-0.0010181818181818,-0.0010181818181818,-0.0010181818181818,-0.0010181818181818,-0.0010181818181818,-0.0010181818181818,-0.0010181818181818
2024-01-24,-0.0001,-0.0001,-0.0001,-0.0001,-0.0001,-0.0001,-0.0001,-0.0001,-0.0001
2024-01-25,0.0007732777023092,0.0007732777023092,0.0007732777023092,0.0007732777023092,0.0007732777023092,0.0007732777023092,0.0007732777023092,0.0007732777023092,0.0007732777023092
2024-01-26,-0.0005332040717402,-0.0005332040717402,-0.0005332040717402,-0.0001,-0.0001,-0.0001,-0.0001,-0.0001,-0.0001
2024-01-29,0.0011154760172655,0.0011154760172655,0.0011154760172655,0.0010154760172655,0.0010154760172655,0.0010154760172655,0.0010154760172655,0.0010154760172655,0.0010154760172655
2024-01-30,0.0023253560701483,0.0023253560701483,0.0023253560701483,0.0023253560701483,0.0023253560701483,0.0023253560701483,0.0023253560701483,0.0023253560701483,0.0023253560701483
2024-01-31,0.0011599806669888,0.0011599806669888,0.0011599806669888,0.0011599806669888,0.0011599806669888,0.0011599806669888,0.0011599806669888,0.0011599806669888,0.0011599806669888
2024-02-01,-0.0007241479192815,-0.0007241479192815,-0.0007241479192815,-0.0007241479192815,-0.0007241479192815,-0.0007241479192815,-0.0007241479192815,-0.0007241479192815,-0.0007241479192815
2024-02-02,0.0002898690758008,0.0002898690758008,0.0002898690758008,0.0002898690758008,0.0002898690758008,0.0002898690758008,0.0002898690758008,0.0002898690758008,0.0002898690758008
2024-02-05,-0.0001,-0.0001,-0.0001,-0.0001,-0.0001,-0.0001,0.0009176527408838,0.0009176527408838,0.0009176527408838
2024-02-06,-0.0033812198417293997,-0.0033812198417293997,-0.0033812198417293997,-0.0033812198417293997,-0.0033812198417293997,-0.0033812198417293997,-0.0032812198417294,-0.0032812198417294,-0.0032812198417294
2024-02-07,0.0012587141750579,0.0012587141750579,0.0012587141750579,0.0012587141750579,0.0012587141750579,0.0012587141750579,0.0012587141750579,0.0012587141750579,0.0012587141750579
2024-02-08,-0.0015472391451503,-0.0015472391451503,-0.0015472391451503,-0.0015472391451503,-0.0015472391451503,-0.0015472391451503,-0.0015472391451503,-0.0015472391451503,-0.0015472391451503
2024-02-19,-0.0001,0.0015980629539951,0.0015980629539951,0.0015980629539951,0.0015980629539951,0.0015980629539951,-0.0001,0.0015980629539951,0.0015980629539951
2024-02-20,0.0006735821689308999,0.0007735821689309,0.0007735821689309,0.0007735821689309,0.0007735821689309,0.0007735821689309,0.0006735821689308999,0.0007735821689309,0.0007735821689309
2024-02-22,-0.0001,-0.0001,0.0012060980316479,-0.0001,-0.0001,0.0012060980316479,-0.0001,-0.0001,0.0012060980316479
2024-02-23,-5.1814195538135626e-05,-5.1814195538135626e-05,4.818580446186438e-05,-5.1814195538135626e-05,-5.1814195538135626e-05,4.818580446186438e-05,-5.1814195538135626e-05,-5.1814195538135626e-05,4.818580446186438e-05
2024-02-26,0.0010600366194468,0.0010600366194468,0.0010600366194468,-0.0001,0.0010600366194468,0.0010600366194468,-0.0001,0.0010600366194468,0.0010600366194468
2024-02-27,-0.0001,-0.0002887947631883,-0.0002887947631883,-0.0,-0.0002887947631883,-0.0002887947631883,-0.0,-0.0002887947631883,-0.0002887947631883
2024-02-28,0.0016332691381800999,0.0017332691381801,0.0017332691381801,0.0016332691381800999,0.0017332691381801,0.0017332691381801,0.0016332691381800999,0.0017332691381801,0.0017332691381801
2024-02-29,0.0005767567047967,0.0005767567047967,0.0005767567047967,0.0005767567047967,0.0005767567047967,0.0005767567047967,0.0005767567047967,0.0005767567047967,0.0005767567047967
2024-03-01,-0.0001,-0.0043231818618503,-0.0043231818618503,-0.0043231818618503,-0.0043231818618503,-0.0043231818618503,-0.0043231818618503,-0.0043231818618503,-0.0043231818618503
2024-03-04,0.0021192203782323003,0.0022192203782323,0.0022192203782323,0.0022192203782323,0.0022192203782323,0.0022192203782323,0.0022192203782323,0.0022192203782323,0.0022192203782323
2024-03-05,0.0008664677000094,0.0008664677000094,0.0008664677000094,0.0008664677000094,0.0008664677000094,0.0008664677000094,0.0008664677000094,0.0008664677000094,0.0008664677000094
2024-03-06,0.0022604848018468,0.0022604848018468,0.0022604848018468,0.0022604848018468,0.0022604848018468,0.0022604848018468,0.0022604848018468,0.0022604848018468,0.0022604848018468
2024-03-07,-0.0006718172657036,-0.0006718172657036,-0.0006718172657036,-0.0006718172657036,-0.0006718172657036,-0.0006718172657036,-0.0006718172657036,-0.0006718172657036,-0.0006718172657036
2024-03-08,-0.000672268907563,-0.000672268907563,-0.000672268907563,-0.000672268907563,-0.000672268907563,-0.000672268907563,-0.000672268907563,-0.000672268907563,-0.000672268907563
2024-03-11,-0.0006727211570805,-0.0006727211570805,-0.0006727211570805,-0.0006727211570805,-0.0006727211570805,-0.0006727211570805,-0.0006727211570805,-0.0006727211570805,-0.0006727211570805
2024-03-12,-0.0001,-0.0001,-0.0001,-0.0001,-0.0001,-0.0001,-0.0001,-0.0001,-0.0001
2024-03-13,0.0,0.0,0.0008153097600924,0.0,0.0,0.0008153097600924,0.0,0.0,0.0008153097600924
2024-03-14,-0.0017364248929104,-0.0017364248929104,-0.0016364248929104,-0.0017364248929104,-0.0017364248929104,-0.0016364248929104,-0.0017364248929104,-0.0017364248929104,-0.0016364248929104
2024-03-15,0.0013498529624451,0.0013498529624451,0.0013498529624451,-0.0001,-0.0001,0.0013498529624451,-0.0001,-0.0001,0.0013498529624451
2024-03-18,-0.0001,0.0004814404698858,0.0004814404698858,0.0003814404698858,0.0003814404698858,0.0004814404698858,0.0,0.0003814404698858,0.0004814404698858
2024-03-19,0.0017767143063373999,0.0018767143063374,0.0018767143063374,0.0018767143063374,0.0018767143063374,0.0018767143063374,0.0017767143063373999,0.0018767143063374,0.0018767143063374
2024-03-20,-0.0016810758885686,-0.0016810758885686,-0.0016810758885686,-0.0016810758885686,-0.0016810758885686,-0.0016810758885686,-0.0016810758885686,-0.0016810758885686,-0.0016810758885686
2024-03-21,0.0013952369497232,0.0013952369497232,0.0013952369497232,0.0013952369497232,0.0013952369497232,0.0013952369497232,0.0013952369497232,0.0013952369497232,0.0013952369497232
2024-03-22,-0.0001,-0.0001,-0.0024983184395117,-0.0001,-0.0001,-0.0024983184395117,-0.0024983184395117,-0.0024983184395117,-0.0024983184395117
2024-03-25,-0.0,-0.000244494750024,-0.000144494750024,-0.0,-0.000244494750024,-0.000144494750024,-0.000144494750024,-0.000144494750024,-0.000144494750024
2024-03-26,-0.0,-0.0001,-0.0001,-0.0,-0.0001,-0.0001,-0.0001,-0.0001,-0.0001
2024-03-27,0.001297388329398,0.001297388329398,0.001297388329398,0.001297388329398,0.001297388329398,0.001297388329398,0.001297388329398,0.001297388329398,0.001297388329398
2024-03-28,-9.623712828399356e-05,-9.623712828399356e-05,-9.623712828399356e-05,-9.623712828399356e-05,-9.623712828399356e-05,-9.623712828399356e-05,-9.623712828399356e-05,-9.623712828399356e-05,-9.623712828399356e-05
2024-03-29,-0.0001,-0.0001,-0.0001,0.0020211742059672,0.0020211742059672,0.0020211742059672,-0.0001,-0.0001,-0.0001
2024-04-01,-0.0032216982038229,-0.0032216982038229,-0.0032216982038229,-0.0031216982038229,-0.0031216982038229,-0.0031216982038229,-0.0032216982038229,-0.0032216982038229,-0.0032216982038229
2024-04-02,0.0012044129691188,0.0012044129691188,0.0012044129691188,0.0012044129691188,0.0012044129691188,0.0012044129691188,0.0012044129691188,0.0012044129691188,0.0012044129691188
2024-04-03,0.0011067269752671,0.0011067269752671,0.0011067269752671,0.0011067269752671,0.0011067269752671,0.0011067269752671,0.0011067269752671,0.0011067269752671,0.0011067269752671
2024-04-08,0.0008171112713288,0.0008171112713288,0.0008171112713288,0.0008171112713288,0.0008171112713288,0.0008171112713288,0.0008171112713288,0.0008171112713288,0.0008171112713288
2024-04-09,0.0012486792815291,0.0012486792815291,0.0012486792815291,0.0012486792815291,0.0012486792815291,0.0012486792815291,0.0012486792815291,0.0012486792815291,0.0012486792815291
2024-04-10,-0.0001,-0.0009593246354565,-0.0009593246354565,-0.0001,-0.0009593246354565,-0.0009593246354565,-0.0009593246354565,-0.0009593246354565,-0.0009593246354565
2024-04-11,0.00023608603802569998,0.0003360860380257,0.0003360860380257,0.00023608603802569998,0.0003360860380257,0.0003360860380257,0.0003360860380257,0.0003360860380257,0.0003360860380257
2024-04-12,0.0021118310535157,0.0021118310535157,0.0021118310535157,0.0021118310535157,0.0021118310535157,0.0021118310535157,0.0021118310535157,0.0021118310535157,0.0021118310535157
2024-04-15,0.0001915800565162,0.0001915800565162,0.0001915800565162,0.0001915800565162,0.0001915800565162,0.0001915800565162,0.0001915800565162,0.0001915800565162,0.0001915800565162
2024-04-16,-0.0001,-0.0001,0.0004309725614135,0.0004309725614135,0.0004309725614135,0.0004309725614135,-0.0001,-0.0001,0.0004309725614135
2024-04-17,-5.21347884356981e-05,-5.21347884356981e-05,4.78652115643019e-05,4.78652115643019e-05,4.78652115643019e-05,4.78652115643019e-05,-5.21347884356981e-05,-5.21347884356981e-05,4.78652115643019e-05
2024-04-18,0.001388024697267,0.001388024697267,0.001388024697267,0.001388024697267,0.001388024697267,0.001388024697267,0.001388024697267,0.001388024697267,0.001388024697267
2024-04-19,-0.0003345760443551,-0.0003345760443551,-0.0003345760443551,-0.0003345760443551,-0.0003345760443551,-0.0003345760443551,-0.0003345760443551,-0.0003345760443551,-0.0003345760443551
2024-04-22,0.0006693760459,0.0006693760459,0.0006693760459,0.0006693760459,0.0006693760459,0.0006693760459,0.0006693760459,0.0006693760459,0.0006693760459
2024-04-23,0.0019112236609488,0.0019112236609488,0.0019112236609488,0.0019112236609488,0.0019112236609488,0.0019112236609488,0.0019112236609488,0.0019112236609488,0.0019112236609488
2024-04-24,-0.0034813295817635,-0.0034813295817635,-0.0034813295817635,-0.0034813295817635,-0.0034813295817635,-0.0034813295817635,-0.0034813295817635,-0.0034813295817635,-0.0034813295817635
2024-04-25,-9.57120980091819e-05,-9.57120980091819e-05,-9.57120980091819e-05,-9.57120980091819e-05,-9.57120980091819e-05,-9.57120980091819e-05,-9.57120980091819e-05,-9.57120980091819e-05,-9.57120980091819e-05
2024-04-26,-0.0026323346415239,-0.0026323346415239,-0.0026323346415239,-0.0026323346415239,-0.0026323346415239,-0.0026323346415239,-0.0026323346415239,-0.0026323346415239,-0.0026323346415239
2024-04-29,-0.0039349296991217,-0.0039349296991217,-0.0039349296991217,-0.0039349296991217,-0.0039349296991217,-0.0039349296991217,-0.0039349296991217,-0.0039349296991217,-0.0039349296991217
2024-04-30,0.0031796502384737,0.0031796502384737,0.0031796502384737,0.0031796502384737,0.0031796502384737,0.0031796502384737,0.0031796502384737,0.0031796502384737,0.0031796502384737
2024-05-06,0.0,0.0,0.0,0.0,0.0,0.0,0.0,0.0,0.0
2024-05-07,0.0024972386303607,0.0024972386303607,0.0024972386303607,0.0024972386303607,0.0024972386303607,0.0024972386303607,0.0024972386303607,0.0024972386303607,0.0024972386303607
2024-05-08,0.0004790419161675,0.0004790419161675,0.0004790419161675,0.0004790419161675,0.0004790419161675,0.0004790419161675,0.0004790419161675,0.0004790419161675,0.0004790419161675
2024-05-09,-0.0020110126885324,-0.0020110126885324,-0.0020110126885324,-0.0020110126885324,-0.0020110126885324,-0.0020110126885324,-0.0020110126885324,-0.0020110126885324,-0.0020110126885324
2024-05-10,0.0007676438132706,0.0007676438132706,0.0007676438132706,0.0007676438132706,0.0007676438132706,0.0007676438132706,0.0007676438132706,0.0007676438132706,0.0007676438132706
2024-05-13,-0.0001,-0.0001,0.001438228102977,-0.0001,-0.0001,0.001438228102977,0.001438228102977,0.001438228102977,0.001438228102977
2024-05-14,9.14883431473e-05,9.14883431473e-05,0.0001914883431473,9.14883431473e-05,9.14883431473e-05,0.0001914883431473,0.0001914883431473,0.0001914883431473,0.0001914883431473
2024-05-15,-0.0002393146029771,-0.0002393146029771,-0.0002393146029771,-0.0002393146029771,-0.0002393146029771,-0.0002393146029771,-0.0002393146029771,-0.0002393146029771,-0.0002393146029771
2024-05-16,-0.0016277288395251,-0.0016277288395251,-0.0016277288395251,-0.0016277288395251,-0.0016277288395251,-0.0016277288395251,-0.0016277288395251,-0.0016277288395251,-0.0016277288395251
2024-05-17,-0.0001918097247529,-0.0001918097247529,-0.0001918097247529,-0.0001918097247529,-0.0001918097247529,-0.0001918097247529,-0.0001918097247529,-0.0001918097247529,-0.0001918097247529
2024-05-21,-0.0007712696586115001,-0.0007712696586115001,-0.0007712696586115001,-0.0007712696586115001,-0.0007712696586115001,-0.0007712696586115001,-0.0007712696586115001,-0.0007712696586115001,-0.0007712696586115001
2024-05-22,0.0006237405239422,0.0006237405239422,0.0006237405239422,0.0006237405239422,0.0006237405239422,0.0006237405239422,0.0006237405239422,0.0006237405239422,0.0006237405239422
2024-05-23,0.0008151522416686,0.0008151522416686,0.0008151522416686,0.0008151522416686,0.0008151522416686,0.0008151522416686,0.0008151522416686,0.0008151522416686,0.0008151522416686
2024-05-24,-0.000527021847451,-0.000527021847451,-0.000527021847451,-0.000527021847451,-0.000527021847451,-0.000527021847451,-0.000527021847451,-0.000527021847451,-0.000527021847451
2024-05-27,-0.0001,-0.0001,-0.0001,-0.0001,-0.0001,-0.0001,-0.0001,-0.0001,-0.0001
2024-05-28,0.0,0.0,0.0010500311466768999,0.0,0.0,0.0010500311466768999,0.0,0.0,0.0010500311466768999
2024-05-29,0.00023504044416770002,0.00023504044416770002,0.0003350404441677,0.00023504044416770002,0.00023504044416770002,0.0003350404441677,0.00023504044416770002,0.00023504044416770002,0.0003350404441677
2024-05-30,-0.0001435406698564,-0.0001435406698564,-0.0001435406698564,-0.0001435406698564,-0.0001435406698564,-0.0001435406698564,-0.0001435406698564,-0.0001435406698564,-0.0001435406698564
2024-05-31,-0.0012920514906445,-0.0012920514906445,-0.0012920514906445,-0.0012920514906445,-0.0012920514906445,-0.0012920514906445,-0.0012920514906445,-0.0012920514906445,-0.0012920514906445
2024-06-03,-0.0001,-0.0001,-0.0001,-0.0001,-0.0001,-0.0001,-0.0001,-0.0001,-0.0001
2024-06-04,0.0003304984215057,0.0003304984215057,0.0003304984215057,0.0003304984215057,0.0003304984215057,0.0003304984215057,0.0003304984215057,0.0003304984215057,0.0003304984215057
2024-06-05,0.0009084389194358,0.0009084389194358,0.0009084389194358,0.0009084389194358,0.0009084389194358,0.0009084389194358,0.0009084389194358,0.0009084389194358,0.0009084389194358
2024-06-06,-0.0001,-0.0001,4.77691793254742e-05,4.77691793254742e-05,4.77691793254742e-05,4.77691793254742e-05,-0.0001,-0.0001,4.77691793254742e-05
2024-06-07,9.106759015990001e-05,9.106759015990001e-05,0.0001910675901599,0.0001910675901599,0.0001910675901599,0.0001910675901599,9.106759015990001e-05,9.106759015990001e-05,0.0001910675901599
2024-06-11,0.0006208510435075,0.0006208510435075,0.0006208510435075,-0.0001,0.0006208510435075,0.0006208510435075,0.0006208510435075,0.0006208510435075,0.0006208510435075
2024-06-12,-0.0001,-0.0001,-0.0001,-0.0,-0.0001,-0.0001,-0.0001,-0.0001,-0.0001
2024-06-13,0.00013878886288739997,0.00013878886288739997,0.00013878886288739997,0.00013878886288739997,0.00013878886288739997,0.00013878886288739997,0.00013878886288739997,0.00013878886288739997,0.00013878886288739997
2024-06-14,0.0003342245989303,0.0003342245989303,0.0003342245989303,0.0003342245989303,0.0003342245989303,0.0003342245989303,0.0003342245989303,0.0003342245989303,0.0003342245989303
2024-06-17,-0.0001,-0.0001,9.546083719169653e-05,9.546083719169653e-05,9.546083719169653e-05,9.546083719169653e-05,9.546083719169653e-05,9.546083719169653e-05,9.546083719169653e-05
2024-06-18,0.0007590655276095,0.0007590655276095,0.0008590655276095,0.0008590655276095,0.0008590655276095,0.0008590655276095,0.0008590655276095,0.0008590655276095,0.0008590655276095
2024-06-19,0.0011444375566256,0.0011444375566256,0.0011444375566256,0.0011444375566256,0.0011444375566256,0.0011444375566256,0.0011444375566256,0.0011444375566256,0.0011444375566256
2024-06-20,-0.0001,-0.0001,-0.0001,-0.0001,-0.0001,-0.0001,0.0003810431055013,0.0003810431055013,0.0003810431055013
2024-06-21,-0.0,-0.0010998571632624,-0.0010998571632624,-0.0010998571632624,-0.0010998571632624,-0.0010998571632624,-0.0009998571632624,-0.0009998571632624,-0.0009998571632624
2024-06-24,0.0012821370698694,0.0013821370698694,0.0013821370698694,0.0013821370698694,0.0013821370698694,0.0013821370698694,0.0013821370698694,0.0013821370698694,0.0013821370698694
2024-06-25,0.0009042882299747,0.0009042882299747,0.0009042882299747,0.0009042882299747,0.0009042882299747,0.0009042882299747,0.0009042882299747,0.0009042882299747,0.0009042882299747
2024-06-26,-0.0001426533523537,-0.0001426533523537,-0.0001426533523537,-0.0001426533523537,-0.0001426533523537,-0.0001426533523537,-0.0001426533523537,-0.0001426533523537,-0.0001426533523537
2024-06-27,0.0016169686593427,0.0016169686593427,0.0016169686593427,0.0016169686593427,0.0016169686593427,0.0016169686593427,0.0016169686593427,0.0016169686593427,0.0016169686593427
2024-06-28,-0.0001,-0.0001,0.0001424433787569,-0.0001,-0.0001,0.0001424433787569,0.0001424433787569,0.0001424433787569,0.0001424433787569
2024-07-01,-0.0033757311052031,-0.0033757311052031,-0.0032757311052031,-0.0033757311052031,-0.0033757311052031,-0.0032757311052031,-0.0032757311052031,-0.0032757311052031,-0.0032757311052031
2024-07-02,-0.0001,-0.0001,-0.0001,-0.0001,-0.0001,-0.0001,-0.0001,-0.0001,-0.0001
2024-07-03,0.0011352717597872,0.0011352717597872,0.0011352717597872,0.0011352717597872,0.0011352717597872,0.0011352717597872,0.0011352717597872,0.0011352717597872,0.0011352717597872
2024-07-04,-0.0009490367277213,-0.0009490367277213,-0.0009490367277213,-0.0009490367277213,-0.0009490367277213,-0.0009490367277213,-0.0009490367277213,-0.0009490367277213,-0.0009490367277213
2024-07-05,-0.0001,-0.0001,-0.0001,-0.0001,-0.0001,-0.0001,-0.0001,-0.0001,-0.0001
2024-07-08,-0.0025730108907594997,-0.0025730108907594997,-0.0025730108907594997,-0.0025730108907594997,-0.0025730108907594997,-0.0025730108907594997,-0.0025730108907594997,-0.0025730108907594997,-0.0025730108907594997
2024-07-09,0.0020023837902263,0.0020023837902263,0.0020023837902263,0.0020023837902263,0.0020023837902263,0.0020023837902263,0.0020023837902263,0.0020023837902263,0.0020023837902263
2024-07-10,0.0002379026502354,0.0002379026502354,0.0002379026502354,0.0002379026502354,0.0002379026502354,0.0002379026502354,0.0002379026502354,0.0002379026502354,0.0002379026502354
2024-07-11,0.0001902768528208,0.0001902768528208,0.0001902768528208,0.0001902768528208,0.0001902768528208,0.0001902768528208,0.0001902768528208,0.0001902768528208,0.0001902768528208
2024-07-12,0.0010938837629601,0.0010938837629601,0.0010938837629601,0.0010938837629601,0.0010938837629601,0.0010938837629601,0.0010938837629601,0.0010938837629601,0.0010938837629601
2024-07-15,0.0009026557081095,0.0009026557081095,0.0009026557081095,0.0009026557081095,0.0009026557081095,0.0009026557081095,0.0009026557081095,0.0009026557081095,0.0009026557081095
2024-07-16,-0.0001,-0.0001,0.000379722802354,-0.0001,-0.0001,0.000379722802354,-0.0001,-0.0001,0.000379722802354
2024-07-17,0.0,0.0004219206680584,0.0005219206680584,0.0,0.0004219206680584,0.0005219206680584,0.0,0.0004219206680584,0.0005219206680584
2024-07-18,-0.0013804097311139,-0.0012804097311139,-0.0012804097311139,-0.0013804097311139,-0.0012804097311139,-0.0012804097311139,-0.0013804097311139,-0.0012804097311139,-0.0012804097311139
2024-07-19,0.0015194681861347,0.0015194681861347,0.0015194681861347,0.0015194681861347,0.0015194681861347,0.0015194681861347,0.0015194681861347,0.0015194681861347,0.0015194681861347
2024-07-22,-0.0001,0.0024179783804287,0.0024179783804287,0.0024179783804287,0.0024179783804287,0.0024179783804287,-0.0001,0.0024179783804287,0.0024179783804287
2024-07-23,0.0013662063094168,0.0014662063094168,0.0014662063094168,0.0014662063094168,0.0014662063094168,0.0014662063094168,0.0013662063094168,0.0014662063094168,0.0014662063094168
2024-07-24,-9.445546424868834e-05,-9.445546424868834e-05,-9.445546424868834e-05,-9.445546424868834e-05,-9.445546424868834e-05,-9.445546424868834e-05,-9.445546424868834e-05,-9.445546424868834e-05,-9.445546424868834e-05
2024-07-25,-0.0002361609673153,-0.0002361609673153,-0.0002361609673153,-0.0002361609673153,-0.0002361609673153,-0.0002361609673153,-0.0002361609673153,-0.0002361609673153,-0.0002361609673153
2024-07-26,0.0008503803089714,0.0008503803089714,0.0008503803089714,0.0008503803089714,0.0008503803089714,0.0008503803089714,0.0008503803089714,0.0008503803089714,0.0008503803089714
2024-07-29,0.0002360160490912,0.0002360160490912,0.0002360160490912,0.0002360160490912,0.0002360160490912,0.0002360160490912,0.0002360160490912,0.0002360160490912,0.0002360160490912
2024-07-30,9.43841434637438e-05,9.43841434637438e-05,9.43841434637438e-05,9.43841434637438e-05,9.43841434637438e-05,9.43841434637438e-05,9.43841434637438e-05,9.43841434637438e-05,9.43841434637438e-05
2024-07-31,0.0014628161570404,0.0014628161570404,0.0014628161570404,0.0014628161570404,0.0014628161570404,0.0014628161570404,0.0014628161570404,0.0014628161570404,0.0014628161570404
2024-08-01,0.0014135607595533,0.0014135607595533,0.0014135607595533,0.0014135607595533,0.0014135607595533,0.0014135607595533,0.0014135607595533,0.0014135607595533,0.0014135607595533
2024-08-02,0.0004234696278173,0.0004234696278173,0.0004234696278173,0.0004234696278173,0.0004234696278173,0.0004234696278173,0.0004234696278173,0.0004234696278173,0.0004234696278173
2024-08-05,-0.0001,0.0022575486783933,0.0022575486783933,-0.0001,0.0022575486783933,0.0022575486783933,-0.0001,0.0022575486783933,0.0022575486783933
2024-08-06,-0.0023524636320974997,-0.0022524636320975,-0.0022524636320975,-0.0023524636320974997,-0.0022524636320975,-0.0022524636320975,-0.0023524636320974997,-0.0022524636320975,-0.0022524636320975
2024-08-07,0.001928322829461,0.001928322829461,0.001928322829461,0.001928322829461,0.001928322829461,0.001928322829461,0.001928322829461,0.001928322829461,0.001928322829461
2024-08-08,-0.0030512134441158,-0.0030512134441158,-0.0030512134441158,-0.0030512134441158,-0.0030512134441158,-0.0030512134441158,-0.0030512134441158,-0.0030512134441158,-0.0030512134441158
2024-08-09,-0.0023071852340145,-0.0023071852340145,-0.0023071852340145,-0.0023071852340145,-0.0023071852340145,-0.0023071852340145,-0.0023071852340145,-0.0023071852340145,-0.0023071852340145
2024-08-12,-0.0059936759639435,-0.0059936759639435,-0.0059936759639435,-0.0059936759639435,-0.0059936759639435,-0.0059936759639435,-0.0059936759639435,-0.0059936759639435,-0.0059936759639435
2024-08-13,0.00213654923559,0.00213654923559,0.00213654923559,0.00213654923559,0.00213654923559,0.00213654923559,0.00213654923559,0.00213654923559,0.00213654923559
2024-08-14,0.0014687070640071,0.0014687070640071,0.0014687070640071,0.0014687070640071,0.0014687070640071,0.0014687070640071,0.0014687070640071,0.0014687070640071,0.0014687070640071
2024-08-15,-0.0013719367962909,-0.0013719367962909,-0.0013719367962909,-0.0013719367962909,-0.0013719367962909,-0.0013719367962909,-0.0013719367962909,-0.0013719367962909,-0.0013719367962909
2024-08-16,0.001421194751054,0.001421194751054,0.001421194751054,0.001421194751054,0.001421194751054,0.001421194751054,0.001421194751054,0.001421194751054,0.001421194751054
2024-08-19,0.0009934244760869,0.0009934244760869,0.0009934244760869,0.0009934244760869,0.0009934244760869,0.0009934244760869,0.0009934244760869,0.0009934244760869,0.0009934244760869
2024-08-21,-0.0001,-0.0025994895547784,-0.0025994895547784,-0.0001,-0.0025994895547784,-0.0025994895547784,-0.0001,-0.0025994895547784,-0.0025994895547784
2024-08-22,0.0,-0.0001,0.0032696772970668,0.0,-0.0001,0.0032696772970668,0.0,-0.0001,0.0032696772970668
2024-08-23,0.0007501794823352,0.0007501794823352,0.0008501794823352,0.0007501794823352,0.0007501794823352,0.0008501794823352,0.0007501794823352,0.0007501794823352,0.0008501794823352
2024-08-26,0.0004719207173193,0.0004719207173193,0.0004719207173193,0.0004719207173193,0.0004719207173193,0.0004719207173193,0.0004719207173193,0.0004719207173193,0.0004719207173193
2024-08-27,-0.0024528301886792,-0.0024528301886792,-0.0024528301886792,-0.0024528301886792,-0.0024528301886792,-0.0024528301886792,-0.0024528301886792,-0.0024528301886792,-0.0024528301886792
2024-08-28,0.0015131454511065,0.0015131454511065,0.0015131454511065,0.0015131454511065,0.0015131454511065,0.0015131454511065,0.0015131454511065,0.0015131454511065,0.0015131454511065
2024-08-29,-0.0006610009442871,-0.0006610009442871,-0.0006610009442871,-0.0006610009442871,-0.0006610009442871,-0.0006610009442871,-0.0006610009442871,-0.0006610009442871,-0.0006610009442871
2024-08-30,-0.0007086837380705,-0.0007086837380705,-0.0007086837380705,-0.0007086837380705,-0.0007086837380705,-0.0007086837380705,-0.0007086837380705,-0.0007086837380705,-0.0007086837380705
2024-09-02,-0.0001,-0.0001,-0.0001,-0.0001,-0.0001,-0.0001,-0.0001,-0.0001,-0.0001
2024-09-03,0.0002300952560596,0.0002300952560596,0.0002300952560596,0.0002300952560596,0.0002300952560596,0.0002300952560596,0.0002300952560596,0.0002300952560596,0.0002300952560596
2024-09-04,0.0006128317541129,0.0006128317541129,0.0006128317541129,0.0006128317541129,0.0006128317541129,0.0006128317541129,0.0006128317541129,0.0006128317541129,0.0006128317541129
2024-09-05,0.0002355601620653,0.0002355601620653,0.0002355601620653,0.0002355601620653,0.0002355601620653,0.0002355601620653,0.0002355601620653,0.0002355601620653,0.0002355601620653
2024-09-06,0.0013188262446421,0.0013188262446421,0.0013188262446421,0.0013188262446421,0.0013188262446421,0.0013188262446421,0.0013188262446421,0.0013188262446421,0.0013188262446421
2024-09-09,-0.0001,-0.0001,-0.0001,-0.0001,-0.0001,-0.0001,-0.0001,-0.0001,-0.0001
2024-09-10,0.0,0.0,0.0018267822736031,0.0,0.0,0.0018267822736031,0.0,0.0,0.0018267822736031
2024-09-11,0.0,0.0,-0.0001,0.0,0.0,-0.0001,0.0,0.0,-0.0001
2024-09-12,-0.0,-0.0,-0.0,-0.0,-0.0,-0.0,-0.0,-0.0,-0.0
2024-09-13,0.0014942232850376,0.0014942232850376,0.0014942232850376,0.0,0.0,0.0,0.0,0.0,0.0
2024-09-18,0.0009362857544121,0.0009362857544121,0.0009362857544121,0.0008362857544120999,0.0008362857544120999,0.0008362857544120999,0.0008362857544120999,0.0008362857544120999,0.0008362857544120999
2024-09-19,-0.0011224919320892,-0.0011224919320892,-0.0011224919320892,-0.0011224919320892,-0.0011224919320892,-0.0011224919320892,-0.0011224919320892,-0.0011224919320892,-0.0011224919320892
2024-09-20,-0.0001,-0.0001,-0.0001,0.001685630004214,0.001685630004214,0.001685630004214,-0.0001,-0.0001,-0.0001
2024-09-23,-0.0004272098349926,-0.0004272098349926,-0.0004272098349926,-0.0003272098349926,-0.0003272098349926,-0.0003272098349926,-0.0004272098349926,-0.0004272098349926,-0.0004272098349926
2024-09-24,-0.0024314972411858,-0.0024314972411858,-0.0024314972411858,-0.0024314972411858,-0.0024314972411858,-0.0024314972411858,-0.0024314972411858,-0.0024314972411858,-0.0024314972411858
2024-09-25,-0.0001,-0.0001,-0.0001,-0.0001,-0.0001,-0.0001,-0.0001,-0.0001,-0.0001
2024-09-26,-0.0,-0.0,-0.0033258064516128,-0.0,-0.0,-0.0033258064516128,-0.0,-0.0,-0.0033258064516128
2024-09-27,-0.009152108250082,-0.009152108250082,-0.009052108250082,-0.009152108250082,-0.009152108250082,-0.009052108250082,-0.009152108250082,-0.009152108250082,-0.009052108250082
2024-09-30,-0.0001,-0.0001,-0.0001,-0.0001,-0.0001,-0.0001,-0.0001,-0.0001,-0.0001
2024-10-08,-0.0002898163526787,-0.0002898163526787,-0.0002898163526787,-0.0002898163526787,-0.0002898163526787,-0.0002898163526787,-0.0002898163526787,-0.0002898163526787,-0.0002898163526787
2024-10-09,0.0025155441644122,0.0025155441644122,0.0025155441644122,0.0025155441644122,0.0025155441644122,0.0025155441644122,0.0025155441644122,0.0025155441644122,0.0025155441644122
2024-10-10,0.0023672000757504,0.0023672000757504,0.0023672000757504,0.0023672000757504,0.0023672000757504,0.0023672000757504,0.0023672000757504,0.0023672000757504,0.0023672000757504
2024-10-11,0.0004723219346305,0.0004723219346305,0.0004723219346305,0.0004723219346305,0.0004723219346305,0.0004723219346305,0.0004723219346305,0.0004723219346305,0.0004723219346305
2024-10-14,0.0002360494759701,0.0002360494759701,0.0002360494759701,0.0002360494759701,0.0002360494759701,0.0002360494759701,0.0002360494759701,0.0002360494759701,0.0002360494759701
2024-10-15,0.0023599376976448,0.0023599376976448,0.0023599376976448,0.0023599376976448,0.0023599376976448,0.0023599376976448,0.0023599376976448,0.0023599376976448,0.0023599376976448
2024-10-16,-0.000894664971512,-0.000894664971512,-0.000894664971512,-0.000894664971512,-0.000894664971512,-0.000894664971512,-0.000894664971512,-0.000894664971512,-0.000894664971512
2024-10-17,0.002403619568291,0.002403619568291,0.002403619568291,0.002403619568291,0.002403619568291,0.002403619568291,0.002403619568291,0.002403619568291,0.002403619568291
2024-10-18,-0.0001,-0.001739621044713,-0.001739621044713,-0.0001,-0.001739621044713,-0.001739621044713,-0.001739621044713,-0.001739621044713,-0.001739621044713
2024-10-21,0.0,-0.0001,0.000894875659382,0.0,-0.0001,0.000894875659382,-0.0001,-0.0001,0.000894875659382
2024-10-22,-0.0,-0.0021704908004327996,-0.0020704908004328,-0.0,-0.0021704908004327996,-0.0020704908004328,-0.0,-0.0021704908004327996,-0.0020704908004328
2024-10-23,-0.0016560899702927,-0.0015560899702927,-0.0015560899702927,-0.0016560899702927,-0.0015560899702927,-0.0015560899702927,-0.0016560899702927,-0.0015560899702927,-0.0015560899702927
2024-10-24,-0.0001,-0.0001,-0.0001,-0.0001,-0.0001,-0.0001,-0.0001,-0.0001,-0.0001
2024-10-25,0.0,0.0001836477095446,0.0001836477095446,0.0,0.0001836477095446,0.0001836477095446,0.0,0.0001836477095446,0.0001836477095446
2024-10-28,0.00046713455267249996,0.0005671345526725,0.0005671345526725,0.0,-0.0001,-0.0001,0.0,-0.0001,-0.0001
2024-10-29,0.0009919229134192,0.0009919229134192,0.0009919229134192,0.0,0.0008919229134191999,0.0008919229134191999,0.0,0.0008919229134191999,0.0008919229134191999
2024-10-30,-0.0001887504718761,-0.0001887504718761,-0.0001887504718761,-0.0002887504718761,-0.0001887504718761,-0.0001887504718761,-0.0002887504718761,-0.0001887504718761,-0.0001887504718761
2024-10-31,9.439305267133768e-05,9.439305267133768e-05,9.439305267133768e-05,9.439305267133768e-05,9.439305267133768e-05,9.439305267133768e-05,9.439305267133768e-05,9.439305267133768e-05,9.439305267133768e-05
2024-11-01,-0.0001,0.0023124115148653,0.0023124115148653,0.0023124115148653,0.0023124115148653,0.0023124115148653,0.0023124115148653,0.0023124115148653,0.0023124115148653
2024-11-04,-0.0,-0.0001,-0.0001,-0.0001,-0.0001,-0.0001,-0.0001,-0.0001,-0.0001
2024-11-05,0.0016429809685319999,0.0016429809685319999,0.0016429809685319999,0.0,0.0016429809685319999,0.0016429809685319999,0.0,0.0016429809685319999,0.0016429809685319999
2024-11-06,-4.702562896785612e-05,-4.702562896785612e-05,-4.702562896785612e-05,-0.0,-0.0001,-4.702562896785612e-05,-0.00014702562896785613,-4.702562896785612e-05,-4.702562896785612e-05
2024-11-07,-0.0001,0.0012227238525208,0.0012227238525208,0.0011227238525208,0.0011227238525208,0.0012227238525208,-0.0001,0.0012227238525208,0.0012227238525208
2024-11-08,8.78816345701e-05,0.0001878816345701,0.0001878816345701,0.0001878816345701,0.0001878816345701,0.0001878816345701,8.78816345701e-05,0.0001878816345701,0.0001878816345701
2024-11-11,-0.0001,-0.0001,0.0001408847562693,-0.0001,-0.0001,0.0001408847562693,-0.0001,-0.0001,0.0001408847562693
2024-11-12,0.0,0.0027172982110155,0.0028172982110155,0.0027172982110155,0.0027172982110155,0.0028172982110155,0.0,0.0027172982110155,0.0028172982110155
2024-11-13,-0.0008023458350892,-0.0007023458350892,-0.0007023458350892,-0.0007023458350892,-0.0007023458350892,-0.0007023458350892,-0.0008023458350892,-0.0007023458350892,-0.0007023458350892
2024-11-14,4.68559647643918e-05,4.68559647643918e-05,4.68559647643918e-05,4.68559647643918e-05,4.68559647643918e-05,4.68559647643918e-05,4.68559647643918e-05,4.68559647643918e-05,4.68559647643918e-05
2024-11-15,-4.685376938584618e-05,-4.685376938584618e-05,-4.685376938584618e-05,-4.685376938584618e-05,-4.685376938584618e-05,-4.685376938584618e-05,-4.685376938584618e-05,-4.685376938584618e-05,-4.685376938584618e-05
2024-11-18,-0.0014993908724579,-0.0014993908724579,-0.0014993908724579,-0.0014993908724579,-0.0014993908724579,-0.0014993908724579,-0.0014993908724579,-0.0014993908724579,-0.0014993908724579
2024-11-19,-0.0001,0.001877053026748,0.001877053026748,-0.0001,0.001877053026748,0.001877053026748,0.001877053026748,0.001877053026748,0.001877053026748
2024-11-20,-0.0008494145199062001,-0.0007494145199062,-0.0007494145199062,-0.0008494145199062001,-0.0007494145199062,-0.0007494145199062,-0.0007494145199062,-0.0007494145199062,-0.0007494145199062
2024-11-21,0.0017811943376768,0.0017811943376768,0.0017811943376768,0.0017811943376768,0.0017811943376768,0.0017811943376768,0.0017811943376768,0.0017811943376768,0.0017811943376768
2024-11-25,0.0015430655569064,0.0015430655569064,0.0015430655569064,0.0015430655569064,0.0015430655569064,0.0015430655569064,0.0015430655569064,0.0015430655569064,0.0015430655569064
2024-11-26,-0.0001,-0.0001,-0.0005135627246836,-0.0001,-0.0001,-0.0005135627246836,-0.0001,-0.0001,-0.0005135627246836
2024-11-27,-0.0003802690582959,-0.0003802690582959,-0.0002802690582959,-0.0003802690582959,-0.0003802690582959,-0.0002802690582959,-0.0003802690582959,-0.0003802690582959,-0.0002802690582959
2024-11-28,0.0014951873656667,0.0014951873656667,0.0014951873656667,-0.0001,0.0014951873656667,0.0014951873656667,-0.0001,0.0014951873656667,0.0014951873656667
2024-11-29,-0.0007464775590183,-0.0007464775590183,-0.0007464775590183,-0.0008464775590183001,-0.0007464775590183,-0.0007464775590183,-0.0008464775590183001,-0.0007464775590183,-0.0007464775590183
2024-12-02,-0.0001,0.003828555420674,0.003828555420674,0.003828555420674,0.003828555420674,0.003828555420674,-0.0001,0.003828555420674,0.003828555420674
2024-12-03,-0.0019604651162791,-0.0018604651162791,-0.0018604651162791,-0.0018604651162791,-0.0018604651162791,-0.0018604651162791,-0.0019604651162791,-0.0018604651162791,-0.0018604651162791
2024-12-04,0.0026095060577819,0.0026095060577819,0.0026095060577819,0.0026095060577819,0.0026095060577819,0.0026095060577819,0.0026095060577819,0.0026095060577819,0.0026095060577819
2024-12-05,-0.0001394311210262,-0.0001394311210262,-0.0001394311210262,-0.0001394311210262,-0.0001394311210262,-0.0001394311210262,-0.0001394311210262,-0.0001394311210262,-0.0001394311210262
2024-12-06,-0.0001394505647748,-0.0001394505647748,-0.0001394505647748,-0.0001394505647748,-0.0001394505647748,-0.0001394505647748,-0.0001394505647748,-0.0001394505647748,-0.0001394505647748
2024-12-09,-0.0003254300325429,-0.0003254300325429,-0.0003254300325429,-0.0003254300325429,-0.0003254300325429,-0.0003254300325429,-0.0003254300325429,-0.0003254300325429,-0.0003254300325429
2024-12-10,-0.0001,-0.0001,0.0065107194344975,-0.0001,-0.0001,0.0065107194344975,0.0065107194344975,0.0065107194344975,0.0065107194344975
2024-12-11,-0.0009778819941782,-0.0009778819941782,-0.0008778819941782,-0.0009778819941782,-0.0009778819941782,-0.0008778819941782,-0.0008778819941782,-0.0008778819941782,-0.0008778819941782
2024-12-12,0.0014798372179058,0.0014798372179058,0.0014798372179058,0.0014798372179058,0.0014798372179058,0.0014798372179058,0.0014798372179058,0.0014798372179058,0.0014798372179058
2024-12-13,0.0019394163280384,0.0019394163280384,0.0019394163280384,0.0019394163280384,0.0019394163280384,0.0019394163280384,0.0019394163280384,0.0019394163280384,0.0019394163280384
2024-12-16,0.0020739238639506,0.0020739238639506,0.0020739238639506,0.0020739238639506,0.0020739238639506,0.0020739238639506,0.0020739238639506,0.0020739238639506,0.0020739238639506
2024-12-17,-0.0009198362691441,-0.0009198362691441,-0.0009198362691441,-0.0009198362691441,-0.0009198362691441,-0.0009198362691441,-0.0009198362691441,-0.0009198362691441,-0.0009198362691441
2024-12-18,-0.0001,-0.0013810247203424,-0.0013810247203424,-0.0001,-0.0013810247203424,-0.0013810247203424,-0.0013810247203424,-0.0013810247203424,-0.0013810247203424
2024-12-19,0.0005453694740238,0.0006453694740238,0.0006453694740238,0.0005453694740238,0.0006453694740238,0.0006453694740238,0.0006453694740238,0.0006453694740238,0.0006453694740238
2024-12-20,0.0033169023817201,0.0033169023817201,0.0033169023817201,0.0033169023817201,0.0033169023817201,0.0033169023817201,0.0033169023817201,0.0033169023817201,0.0033169023817201
2024-12-23,-0.0012856421323292,-0.0012856421323292,-0.0012856421323292,-0.0012856421323292,-0.0012856421323292,-0.0012856421323292,-0.0012856421323292,-0.0012856421323292,-0.0012856421323292
2024-12-24,-0.0005057238747643,-0.0005057238747643,-0.0005057238747643,-0.0005057238747643,-0.0005057238747643,-0.0005057238747643,-0.0005057238747643,-0.0005057238747643,-0.0005057238747643
2024-12-25,-0.000919963201472,-0.000919963201472,-0.000919963201472,-0.000919963201472,-0.000919963201472,-0.000919963201472,-0.000919963201472,-0.000919963201472,-0.000919963201472
2024-12-26,-0.0001,-0.0001,-0.0001,-0.0001,-0.0001,-0.0001,-0.0001,-0.0001,-0.0001
2024-12-27,0.0,0.0,0.0,0.0,0.0,0.0,0.0,0.0,0.0
2024-12-30,-0.0025343193092043997,-0.0025343193092043997,-0.0025343193092043997,-0.0025343193092043997,-0.0025343193092043997,-0.0025343193092043997,-0.0025343193092043997,-0.0025343193092043997,-0.0025343193092043997
2024-12-31,0.0030388139417099,0.0030388139417099,0.0030388139417099,-0.0001,-0.0001,-0.0001,-0.0001,-0.0001,-0.0001
2025-01-02,0.002341060362635,0.002341060362635,0.002341060362635,0.002241060362635,0.002241060362635,0.002241060362635,0.002241060362635,0.002241060362635,0.002241060362635
2025-01-03,0.0023813885326982,0.0023813885326982,0.0023813885326982,0.0023813885326982,0.0023813885326982,0.0023813885326982,0.0023813885326982,0.0023813885326982,0.0023813885326982
2025-01-06,0.0002741228070175,0.0002741228070175,0.0002741228070175,0.0002741228070175,0.0002741228070175,0.0002741228070175,0.0002741228070175,0.0002741228070175,0.0002741228070175
2025-01-07,-0.0008221430528911,-0.0008221430528911,-0.0008221430528911,-0.0008221430528911,-0.0008221430528911,-0.0008221430528911,-0.0008221430528911,-0.0008221430528911,-0.0008221430528911
2025-01-08,0.000411409764125,0.000411409764125,0.000411409764125,0.000411409764125,0.000411409764125,0.000411409764125,0.000411409764125,0.000411409764125,0.000411409764125
2025-01-09,-0.0001,-0.0001,-0.0021475896732922,-0.0001,-0.0001,-0.0021475896732922,-0.0021475896732922,-0.0021475896732922,-0.0021475896732922
2025-01-10,-0.00037475043502149997,-0.00037475043502149997,-0.0002747504350215,-0.00037475043502149997,-0.00037475043502149997,-0.0002747504350215,-0.0002747504350215,-0.0002747504350215,-0.0002747504350215
2025-01-13,-0.0014657383657017,-0.0014657383657017,-0.0014657383657017,-0.0001,-0.0014657383657017,-0.0014657383657017,-0.0001,-0.0014657383657017,-0.0014657383657017
2025-01-14,0.0012844036697248,0.0012844036697248,0.0012844036697248,0.0011844036697248,0.0012844036697248,0.0012844036697248,0.0011844036697248,0.0012844036697248,0.0012844036697248
2025-01-15,0.0016492578339746,0.0016492578339746,0.0016492578339746,0.0016492578339746,0.0016492578339746,0.0016492578339746,0.0016492578339746,0.0016492578339746,0.0016492578339746
2025-01-16,-9.14745700694164e-05,-9.14745700694164e-05,-9.14745700694164e-05,-9.14745700694164e-05,-9.14745700694164e-05,-9.14745700694164e-05,-9.14745700694164e-05,-9.14745700694164e-05,-9.14745700694164e-05
2025-01-17,-0.0025157808068795,-0.0025157808068795,-0.0025157808068795,-0.0025157808068795,-0.0025157808068795,-0.0025157808068795,-0.0025157808068795,-0.0025157808068795,-0.0025157808068795
2025-01-20,0.0001375705048838,0.0001375705048838,0.0001375705048838,0.0001375705048838,0.0001375705048838,0.0001375705048838,0.0001375705048838,0.0001375705048838,0.0001375705048838
2025-01-21,-0.0001,-0.0001,0.0017423200366804,-0.0001,-0.0001,0.0017423200366804,-0.0001,-0.0001,0.0017423200366804
2025-01-22,-0.0009238740388135,-0.0009238740388135,-0.0008238740388135,-0.0009238740388135,-0.0009238740388135,-0.0008238740388135,-0.0009238740388135,-0.0009238740388135,-0.0008238740388135
2025-01-23,-0.0004122766834631,-0.0004122766834631,-0.0004122766834631,-0.0004122766834631,-0.0004122766834631,-0.0004122766834631,-0.0004122766834631,-0.0004122766834631,-0.0004122766834631
2025-01-24,9.1654827917953e-05,9.1654827917953e-05,9.1654827917953e-05,9.1654827917953e-05,9.1654827917953e-05,9.1654827917953e-05,9.1654827917953e-05,9.1654827917953e-05,9.1654827917953e-05
2025-01-27,-0.0001,0.0020620446318104,0.0020620446318104,0.0020620446318104,0.0020620446318104,0.0020620446318104,-0.0001,0.0020620446318104,0.0020620446318104
2025-02-05,0.0007688494603986999,0.0008688494603987,0.0008688494603987,0.0008688494603987,0.0008688494603987,0.0008688494603987,0.0007688494603986999,0.0008688494603987,0.0008688494603987
2025-02-06,-0.0001,-0.0001,0.0009137844382509,-0.0001,-0.0001,0.0009137844382509,-0.0001,-0.0001,0.0009137844382509
2025-02-07,-0.0012868352581366,-0.0012868352581366,-0.0011868352581366,-0.0012868352581366,-0.0012868352581366,-0.0011868352581366,-0.0012868352581366,-0.0012868352581366,-0.0011868352581366
2025-02-10,-0.0001,-0.0001,-0.0001,-0.0001,-0.0001,-0.0001,-0.0001,-0.0001,-0.0001
2025-02-11,0.0,0.0,0.0,0.0,0.0,0.0,0.0,0.0,0.0
2025-02-12,-0.0015637939709987,-0.0015637939709987,-0.0015637939709987,-0.0015637939709987,-0.0015637939709987,-0.0015637939709987,-0.0015637939709987,-0.0015637939709987,-0.0015637939709987
2025-02-13,-0.0002748637134087,-0.0002748637134087,-0.0002748637134087,-0.0002748637134087,-0.0002748637134087,-0.0002748637134087,-0.0002748637134087,-0.0002748637134087,-0.0002748637134087
2025-02-14,-0.0001,-0.0023369839160518,-0.0023369839160518,-0.0023369839160518,-0.0023369839160518,-0.0023369839160518,-0.0023369839160518,-0.0023369839160518,-0.0023369839160518
2025-02-17,-0.0016157082491273,-0.0015157082491273,-0.0015157082491273,-0.0015157082491273,-0.0015157082491273,-0.0015157082491273,-0.0015157082491273,-0.0015157082491273,-0.0015157082491273
2025-02-18,-0.000920005520033,-0.000920005520033,-0.000920005520033,-0.000920005520033,-0.000920005520033,-0.000920005520033,-0.000920005520033,-0.000920005520033,-0.000920005520033
2025-02-19,0.0008287674386482,0.0008287674386482,0.0008287674386482,0.0008287674386482,0.0008287674386482,0.0008287674386482,0.0008287674386482,0.0008287674386482,0.0008287674386482
2025-02-21,-0.0001,-0.0001,-0.0023980815347722,-0.0001,-0.0001,-0.0023980815347722,-0.0023980815347722,-0.0023980815347722,-0.0023980815347722
2025-02-24,-0.0,-0.0,-0.0001,-0.0,-0.0,-0.0001,-0.0001,-0.0001,-0.0001
2025-02-25,0.0,0.0,0.0,0.0,0.0,0.0,0.0,0.0,0.0
2025-02-26,0.0009641743395177999,0.0009641743395177999,0.0009641743395177999,0.0,0.0,0.0009641743395177999,0.0,0.0,0.0009641743395177999
2025-02-27,-0.0010630430763542,-0.0010630430763542,-0.0010630430763542,-0.0011630430763542,-0.0011630430763542,-0.0010630430763542,-0.0011630430763542,-0.0011630430763542,-0.0010630430763542
2025-02-28,0.0017582010826817,0.0017582010826817,0.0017582010826817,0.0017582010826817,0.0017582010826817,0.0017582010826817,0.0017582010826817,0.0017582010826817,0.0017582010826817
2025-03-03,-0.0001,-0.0001,0.0018474897233384,0.0018474897233384,0.0018474897233384,0.0018474897233384,0.0018474897233384,0.0018474897233384,0.0018474897233384
2025-03-04,-0.0,-0.0006071227698123,-0.0005071227698123,-0.0001,-0.0005071227698123,-0.0005071227698123,-0.0005071227698123,-0.0005071227698123,-0.0005071227698123
2025-03-05,0.0009147601476013,0.0010147601476013,0.0010147601476013,0.0,-0.0001,0.0010147601476013,0.0010147601476013,0.0010147601476013,0.0010147601476013
2025-03-06,-0.0024421712284582,-0.0024421712284582,-0.0024421712284582,-0.0025421712284582,-0.0025421712284582,-0.0024421712284582,-0.0024421712284582,-0.0024421712284582,-0.0024421712284582
2025-03-07,-0.0056353642200563,-0.0056353642200563,-0.0056353642200563,-0.0056353642200563,-0.0056353642200563,-0.0056353642200563,-0.0056353642200563,-0.0056353642200563,-0.0056353642200563
2025-03-10,0.0005109862033725,0.0005109862033725,0.0005109862033725,0.0005109862033725,0.0005109862033725,0.0005109862033725,0.0005109862033725,0.0005109862033725,0.0005109862033725
2025-03-11,-0.0042250905376544,-0.0042250905376544,-0.0042250905376544,-0.0042250905376544,-0.0042250905376544,-0.0042250905376544,-0.0042250905376544,-0.0042250905376544,-0.0042250905376544
2025-03-12,-0.0001,0.004103137968014,0.004103137968014,-0.0001,0.004103137968014,0.004103137968014,-0.0001,0.004103137968014,0.004103137968014
2025-03-13,-0.0,-0.0001,-0.0001,-0.0,-0.0001,-0.0001,-0.0,-0.0001,-0.0001
2025-03-14,-0.0004716781267423,-0.0004716781267423,-0.0004716781267423,-0.0,-0.0004716781267423,-0.0004716781267423,-0.0004716781267423,-0.0004716781267423,-0.0004716781267423
2025-03-17,-0.0046941810745491,-0.0046941810745491,-0.0046941810745491,-0.0047941810745491,-0.0046941810745491,-0.0046941810745491,-0.0046941810745491,-0.0046941810745491,-0.0046941810745491
2025-03-18,0.0015409759514357,0.0015409759514357,0.0015409759514357,0.0015409759514357,0.0015409759514357,0.0015409759514357,0.0015409759514357,0.0015409759514357,0.0015409759514357
2025-03-19,-0.0001864975755314,-0.0001864975755314,-0.0001864975755314,-0.0001864975755314,-0.0001864975755314,-0.0001864975755314,-0.0001864975755314,-0.0001864975755314,-0.0001864975755314
2025-03-20,0.0028912516321581,0.0028912516321581,0.0028912516321581,0.0028912516321581,0.0028912516321581,0.0028912516321581,0.0028912516321581,0.0028912516321581,0.0028912516321581
2025-03-21,-0.0010694689853993,-0.0010694689853993,-0.0010694689853993,-0.0010694689853993,-0.0010694689853993,-0.0010694689853993,-0.0010694689853993,-0.0010694689853993,-0.0010694689853993
2025-03-24,0.0016757436112273,0.0016757436112273,0.0016757436112273,0.0016757436112273,0.0016757436112273,0.0016757436112273,0.0016757436112273,0.0016757436112273,0.0016757436112273
2025-03-25,0.0007435289743946,0.0007435289743946,0.0007435289743946,0.0007435289743946,0.0007435289743946,0.0007435289743946,0.0007435289743946,0.0007435289743946,0.0007435289743946
2025-03-26,0.0029719061992106,0.0029719061992106,0.0029719061992106,0.0029719061992106,0.0029719061992106,0.0029719061992106,0.0029719061992106,0.0029719061992106,0.0029719061992106
2025-03-27,-0.0009722672345942,-0.0009722672345942,-0.0009722672345942,-0.0009722672345942,-0.0009722672345942,-0.0009722672345942,-0.0009722672345942,-0.0009722672345942,-0.0009722672345942
2025-03-28,-0.0001390304940216,-0.0001390304940216,-0.0001390304940216,-0.0001390304940216,-0.0001390304940216,-0.0001390304940216,-0.0001390304940216,-0.0001390304940216,-0.0001390304940216
2025-03-31,-0.0001,-4.634994206254017e-05,-4.634994206254017e-05,-0.0001,-4.634994206254017e-05,-4.634994206254017e-05,-0.0001,-4.634994206254017e-05,-4.634994206254017e-05
2025-04-01,-0.0011197459905442,-0.0010197459905442,-0.0010197459905442,-0.0011197459905442,-0.0010197459905442,-0.0010197459905442,-0.0011197459905442,-0.0010197459905442,-0.0010197459905442
2025-04-02,0.0026911655530807,0.0026911655530807,0.0026911655530807,0.0026911655530807,0.0026911655530807,0.0026911655530807,0.0026911655530807,0.0026911655530807,0.0026911655530807
2025-04-03,0.0048588616381306,0.0048588616381306,0.0048588616381306,0.0048588616381306,0.0048588616381306,0.0048588616381306,0.0048588616381306,0.0048588616381306,0.0048588616381306
2025-04-07,0.0055721851254892,0.0055721851254892,0.0055721851254892,0.0055721851254892,0.0055721851254892,0.0055721851254892,0.0055721851254892,0.0055721851254892,0.0055721851254892
2025-04-08,-0.0025645722659828,-0.0025645722659828,-0.0025645722659828,-0.0025645722659828,-0.0025645722659828,-0.0025645722659828,-0.0025645722659828,-0.0025645722659828,-0.0025645722659828
2025-04-09,0.0013314967860422,0.0013314967860422,0.0013314967860422,0.0013314967860422,0.0013314967860422,0.0013314967860422,0.0013314967860422,0.0013314967860422,0.0013314967860422
2025-04-10,-9.170525929669272e-05,-9.170525929669272e-05,-9.170525929669272e-05,-9.170525929669272e-05,-9.170525929669272e-05,-9.170525929669272e-05,-9.170525929669272e-05,-9.170525929669272e-05,-9.170525929669272e-05
2025-04-11,-0.0007795661943411,-0.0007795661943411,-0.0007795661943411,-0.0007795661943411,-0.0007795661943411,-0.0007795661943411,-0.0007795661943411,-0.0007795661943411,-0.0007795661943411
2025-04-14,0.0008260670032125,0.0008260670032125,0.0008260670032125,0.0008260670032125,0.0008260670032125,0.0008260670032125,0.0008260670032125,0.0008260670032125,0.0008260670032125
2025-04-15,-0.0007336757153338,-0.0007336757153338,-0.0007336757153338,-0.0007336757153338,-0.0007336757153338,-0.0007336757153338,-0.0007336757153338,-0.0007336757153338,-0.0007336757153338
2025-04-16,0.001606093979442,0.001606093979442,0.001606093979442,0.001606093979442,0.001606093979442,0.001606093979442,0.001606093979442,0.001606093979442,0.001606093979442
2025-04-17,-0.0001,-0.0013286296788381,-0.0013286296788381,-0.0001,-0.0013286296788381,-0.0013286296788381,-0.0001,-0.0013286296788381,-0.0013286296788381
2025-04-18,0.00022113037893380002,0.0003211303789338,0.0003211303789338,0.00022113037893380002,0.0003211303789338,0.0003211303789338,0.00022113037893380002,0.0003211303789338,0.0003211303789338
2025-04-21,-0.002247191011236,-0.002247191011236,-0.002247191011236,-0.002247191011236,-0.002247191011236,-0.002247191011236,-0.002247191011236,-0.002247191011236,-0.002247191011236
2025-04-22,-0.0001,0.0017466446037874,0.0017466446037874,-0.0001,0.0017466446037874,0.0017466446037874,-0.0001,0.0017466446037874,0.0017466446037874
2025-04-23,-0.0019353675323483001,-0.0018353675323483,-0.0018353675323483,-0.0019353675323483001,-0.0018353675323483,-0.0018353675323483,-0.0019353675323483001,-0.0018353675323483,-0.0018353675323483
2025-04-24,-0.0008274340351198,-0.0008274340351198,-0.0008274340351198,-0.0008274340351198,-0.0008274340351198,-0.0008274340351198,-0.0008274340351198,-0.0008274340351198,-0.0008274340351198
2025-04-25,0.0008281192491716,0.0008281192491716,0.0008281192491716,0.0008281192491716,0.0008281192491716,0.0008281192491716,0.0008281192491716,0.0008281192491716,0.0008281192491716
2025-04-28,0.0006435598050933,0.0006435598050933,0.0006435598050933,0.0006435598050933,0.0006435598050933,0.0006435598050933,0.0006435598050933,0.0006435598050933,0.0006435598050933
2025-04-29,-0.0001,-0.0001,0.0025725836089673,-0.0001,-0.0001,0.0025725836089673,-0.0001,-0.0001,0.0025725836089673
2025-04-30,-0.001199706744868,-0.001199706744868,-0.001099706744868,-0.001199706744868,-0.001199706744868,-0.001099706744868,-0.001199706744868,-0.001199706744868,-0.001099706744868
2025-05-06,0.0004128440366972,0.0004128440366972,0.0004128440366972,0.0004128440366972,0.0004128440366972,0.0004128440366972,0.0004128440366972,0.0004128440366972,0.0004128440366972
2025-05-07,-0.0017882525562841,-0.0017882525562841,-0.0017882525562841,-0.0017882525562841,-0.0017882525562841,-0.0017882525562841,-0.0017882525562841,-0.0017882525562841,-0.0017882525562841
2025-05-08,-0.0001,-0.0001,-0.0001,-0.0001,-0.0001,-0.0001,-0.0001,-0.0001,-0.0001
2025-05-09,-0.0001,-0.0001,-0.0001,-0.0001,-0.0001,-0.0001,-0.0001,-0.0001,-0.0001
2025-05-12,-0.0048597102512378,-0.0048597102512378,-0.0048597102512378,-0.0048597102512378,-0.0048597102512378,-0.0048597102512378,-0.0048597102512378,-0.0048597102512378,-0.0048597102512378
2025-05-13,-0.0001,-0.0001,-0.0001,-0.0001,-0.0001,-0.0001,-0.0001,-0.0001,-0.0001
2025-05-14,-0.0,-0.0,-0.0017557052844594,-0.0,-0.0,-0.0017557052844594,-0.0,-0.0,-0.0017557052844594
2025-05-15,8.427235453989998e-05,8.427235453989998e-05,0.0001842723545399,8.427235453989998e-05,8.427235453989998e-05,0.0001842723545399,8.427235453989998e-05,8.427235453989998e-05,0.0001842723545399
2025-05-16,-0.0006908940168578,-0.0006908940168578,-0.0006908940168578,-0.0006908940168578,-0.0006908940168578,-0.0006908940168578,-0.0006908940168578,-0.0006908940168578,-0.0006908940168578
2025-05-19,0.0011522861356931,0.0011522861356931,0.0011522861356931,0.0011522861356931,0.0011522861356931,0.0011522861356931,0.0011522861356931,0.0011522861356931,0.0011522861356931
2025-05-21,-0.0001,-0.0001,-4.593899301741367e-05,-0.0001,-0.0001,-4.593899301741367e-05,-0.0001,-0.0001,-4.593899301741367e-05
2025-05-22,-0.0002837644140212,-0.0002837644140212,-0.0001837644140212,-0.0002837644140212,-0.0002837644140212,-0.0001837644140212,-0.0002837644140212,-0.0002837644140212,-0.0001837644140212
2025-05-23,-0.0001,-0.0001,0.0003216468317785,-0.0001,-0.0001,0.0003216468317785,-0.0001,-0.0001,0.0003216468317785
2025-05-26,-5.406522737706468e-05,-5.406522737706468e-05,4.593477262293533e-05,-5.406522737706468e-05,-5.406522737706468e-05,4.593477262293533e-05,-5.406522737706468e-05,-5.406522737706468e-05,4.593477262293533e-05
2025-05-27,-0.001102383905195,-0.001102383905195,-0.001102383905195,-0.001102383905195,-0.001102383905195,-0.001102383905195,-0.0001,-0.0001,-0.001102383905195
2025-05-28,-4.5983354025835865e-05,-4.5983354025835865e-05,-4.5983354025835865e-05,-4.5983354025835865e-05,-4.5983354025835865e-05,-4.5983354025835865e-05,-0.00014598335402583586,-0.00014598335402583586,-4.5983354025835865e-05
2025-05-29,-0.0001,-0.0001,-0.0001,-0.0001,-0.0001,-0.0001,-0.0001,-0.0001,-0.0001
2025-05-30,0.0022046784973497003,0.0022046784973497003,0.0022046784973497003,0.0022046784973497003,0.0022046784973497003,0.0022046784973497003,0.0022046784973497003,0.0022046784973497003,0.0022046784973497003
2025-06-03,-0.0003679006668199,-0.0003679006668199,-0.0003679006668199,-0.0003679006668199,-0.0003679006668199,-0.0003679006668199,-0.0003679006668199,-0.0003679006668199,-0.0003679006668199
2025-06-04,0.0007360721350693,0.0007360721350693,0.0007360721350693,0.0007360721350693,0.0007360721350693,0.0007360721350693,0.0007360721350693,0.0007360721350693,0.0007360721350693
2025-06-05,-0.0004137360364088,-0.0004137360364088,-0.0004137360364088,-0.0004137360364088,-0.0004137360364088,-0.0004137360364088,-0.0004137360364088,-0.0004137360364088,-0.0004137360364088
2025-06-06,-0.0001,-0.0001,-0.0001,-0.0001,-0.0001,-0.0001,0.0018855776306108,0.0018855776306108,0.0018855776306108
2025-06-09,0.0005885471654809,0.0005885471654809,0.0005885471654809,0.0005885471654809,0.0005885471654809,0.0005885471654809,0.0006885471654809,0.0006885471654809,0.0006885471654809
2025-06-10,-4.587155963298173e-05,-4.587155963298173e-05,-4.587155963298173e-05,-0.0001,-0.0001,-0.0001,-0.0001,-0.0001,-0.0001
2025-06-11,0.0004587366392954,0.0004587366392954,0.0004587366392954,0.0003587366392954,0.0003587366392954,0.0003587366392954,0.0003587366392954,0.0003587366392954,0.0003587366392954
2025-06-12,-0.0004585262964831,-0.0004585262964831,-0.0004585262964831,-0.0004585262964831,-0.0004585262964831,-0.0004585262964831,-0.0004585262964831,-0.0004585262964831,-0.0004585262964831
2025-06-13,-0.0001,-0.0001,-0.0001,-0.0001,-0.0001,-0.0001,-0.0001,-0.0001,-0.0001
2025-06-16,-0.0,-0.0,-0.0,-0.0,-0.0,-0.0,-0.0,-0.0,-0.0
2025-06-17,0.0012300921891480999,0.0012300921891480999,0.0012300921891480999,0.0012300921891480999,0.0012300921891480999,0.0012300921891480999,0.0012300921891480999,0.0012300921891480999,0.0012300921891480999
2025-06-18,-0.0001832172957126,-0.0001832172957126,-0.0001832172957126,-0.0001832172957126,-0.0001832172957126,-0.0001832172957126,-0.0001832172957126,-0.0001832172957126,-0.0001832172957126
2025-06-19,-4.581271761039396e-05,-4.581271761039396e-05,-4.581271761039396e-05,-4.581271761039396e-05,-4.581271761039396e-05,-4.581271761039396e-05,-4.581271761039396e-05,-4.581271761039396e-05,-4.581271761039396e-05
2025-06-20,0.000137444449535,0.000137444449535,0.000137444449535,0.000137444449535,0.000137444449535,0.000137444449535,0.000137444449535,0.000137444449535,0.000137444449535
2025-06-23,4.580852038471584e-05,4.580852038471584e-05,4.580852038471584e-05,4.580852038471584e-05,4.580852038471584e-05,4.580852038471584e-05,4.580852038471584e-05,4.580852038471584e-05,4.580852038471584e-05
2025-06-24,-0.0001,-0.0011909669735696,-0.0011909669735696,-0.0001,-0.0011909669735696,-0.0011909669735696,-0.0011909669735696,-0.0011909669735696,-0.0011909669735696
2025-06-25,-0.0,-0.0001,-0.0001,-0.0,-0.0001,-0.0001,-0.0002751662462737,-0.0002751662462737,-0.0002751662462737
2025-06-26,-0.0,-0.0,-0.0,-0.0,-0.0,-0.0,-0.0001,-0.0001,-0.0001
2025-06-27,0.0007719596145020999,0.0007719596145020999,0.0007719596145020999,0.0,0.0,0.0007719596145020999,0.0,0.0,0.0007719596145020999
2025-06-30,-0.0013755788894493,-0.0013755788894493,-0.0013755788894493,-0.0,-0.0014755788894493,-0.0013755788894493,-0.0,-0.0014755788894493,-0.0013755788894493
2025-07-01,0.0010101473896872,0.0010101473896872,0.0010101473896872,0.0009101473896871999,0.0010101473896872,0.0010101473896872,0.0009101473896871999,0.0010101473896872,0.0010101473896872
2025-07-02,0.0011467363882391,0.0011467363882391,0.0011467363882391,0.0011467363882391,0.0011467363882391,0.0011467363882391,0.0011467363882391,0.0011467363882391,0.0011467363882391
2025-07-03,-0.0001,-0.0002290845780261,-0.0002290845780261,-0.0002290845780261,-0.0002290845780261,-0.0002290845780261,-0.0001,-0.0002290845780261,-0.0002290845780261
2025-07-04,-0.0,-0.0001,-4.582741395908752e-05,-0.0001,-0.0001,-4.582741395908752e-05,-0.00014582741395908753,-4.582741395908752e-05,-4.582741395908752e-05
2025-07-07,0.0,-5.4170485792825933e-05,4.582951420717407e-05,0.0,-5.4170485792825933e-05,4.582951420717407e-05,4.582951420717407e-05,4.582951420717407e-05,4.582951420717407e-05
2025-07-08,-0.0008790660373035001,-0.0007790660373035,-0.0007790660373035,-0.0008790660373035001,-0.0007790660373035,-0.0007790660373035,-0.0007790660373035,-0.0007790660373035,-0.0007790660373035
2025-07-09,0.0002751788662631,0.0002751788662631,0.0002751788662631,0.0002751788662631,0.0002751788662631,0.0002751788662631,0.0002751788662631,0.0002751788662631,0.0002751788662631
2025-07-10,-0.0001,-0.0018798716185235,-0.0018798716185235,-0.0018798716185235,-0.0018798716185235,-0.0018798716185235,-0.0018798716185235,-0.0018798716185235,-0.0018798716185235
2025-07-11,-0.00023781064816940002,-0.0001378106481694,-0.0001378106481694,-0.0001378106481694,-0.0001378106481694,-0.0001378106481694,-0.0001378106481694,-0.0001378106481694,-0.0001378106481694
2025-07-14,-0.0001,-0.0001,-0.0001,-0.0001,-0.0001,-0.0001,-0.0001,-0.0001,-0.0001
2025-07-15,0.0013715349949413999,0.0013715349949413999,0.0013715349949413999,0.0013715349949413999,0.0013715349949413999,0.0013715349949413999,0.0013715349949413999,0.0013715349949413999,0.0013715349949413999
2025-07-16,-0.0005050968867664,-0.0005050968867664,-0.0005050968867664,-0.0005050968867664,-0.0005050968867664,-0.0005050968867664,-0.0005050968867664,-0.0005050968867664,-0.0005050968867664
2025-07-17,0.000459411035053,0.000459411035053,0.000459411035053,0.000459411035053,0.000459411035053,0.000459411035053,0.000459411035053,0.000459411035053,0.000459411035053
2025-07-18,-0.0001,-0.0001,-0.0001,-0.0008724801395968,-0.0008724801395968,-0.0008724801395968,-0.0008724801395968,-0.0008724801395968,-0.0008724801395968
2025-07-21,-0.0003757606397646,-0.0003757606397646,-0.0003757606397646,-0.0002757606397646,-0.0002757606397646,-0.0002757606397646,-0.0002757606397646,-0.0002757606397646,-0.0002757606397646
2025-07-22,-0.0011493196027951,-0.0011493196027951,-0.0011493196027951,-0.0011493196027951,-0.0011493196027951,-0.0011493196027951,-0.0011493196027951,-0.0011493196027951,-0.0011493196027951
2025-07-23,-0.0010585906936071,-0.0010585906936071,-0.0010585906936071,-0.0010585906936071,-0.0010585906936071,-0.0010585906936071,-0.0010585906936071,-0.0010585906936071,-0.0010585906936071
2025-07-24,-0.0027644673792849,-0.0027644673792849,-0.0027644673792849,-0.0027644673792849,-0.0027644673792849,-0.0027644673792849,-0.0027644673792849,-0.0027644673792849,-0.0027644673792849
2025-07-25,-0.0003696174459433,-0.0003696174459433,-0.0003696174459433,-0.0003696174459433,-0.0003696174459433,-0.0003696174459433,-0.0003696174459433,-0.0003696174459433,-0.0003696174459433
2025-07-28,-0.0001,0.0019874283601404,0.0019874283601404,-0.0001,0.0019874283601404,0.0019874283601404,-0.0001,0.0019874283601404,0.0019874283601404
2025-07-29,-0.0025447622122791,-0.0024447622122791,-0.0024447622122791,-0.0025447622122791,-0.0024447622122791,-0.0024447622122791,-0.0025447622122791,-0.0024447622122791,-0.0024447622122791
2025-07-30,0.0015721816332192,0.0015721816332192,0.0015721816332192,0.0015721816332192,0.0015721816332192,0.0015721816332192,0.0015721816332192,0.0015721816332192,0.0015721816332192
2025-07-31,0.0017082179132041,0.0017082179132041,0.0017082179132041,0.0017082179132041,0.0017082179132041,0.0017082179132041,0.0017082179132041,0.0017082179132041,0.0017082179132041
2025-08-01,-0.0004608932110429,-0.0004608932110429,-0.0004608932110429,-0.0004608932110429,-0.0004608932110429,-0.0004608932110429,-0.0004608932110429,-0.0004608932110429,-0.0004608932110429
2025-08-04,0.000322774012081,0.000322774012081,0.000322774012081,0.000322774012081,0.000322774012081,0.000322774012081,0.000322774012081,0.000322774012081,0.000322774012081
2025-08-05,0.0006453397252697,0.0006453397252697,0.0006453397252697,0.0006453397252697,0.0006453397252697,0.0006453397252697,0.0006453397252697,0.0006453397252697,0.0006453397252697
2025-08-06,0.0001381978993919,0.0001381978993919,0.0001381978993919,0.0001381978993919,0.0001381978993919,0.0001381978993919,0.0001381978993919,0.0001381978993919,0.0001381978993919
2025-08-07,0.000552715213486,0.000552715213486,0.000552715213486,0.000552715213486,0.000552715213486,0.000552715213486,0.000552715213486,0.000552715213486,0.000552715213486
2025-08-08,0.0002301707867238,0.0002301707867238,0.0002301707867238,0.0002301707867238,0.0002301707867238,0.0002301707867238,0.0002301707867238,0.0002301707867238,0.0002301707867238
2025-08-11,-0.0013346833578792,-0.0013346833578792,-0.0013346833578792,-0.0013346833578792,-0.0013346833578792,-0.0013346833578792,-0.0013346833578792,-0.0013346833578792,-0.0013346833578792
2025-08-12,-0.0006912760956726,-0.0006912760956726,-0.0006912760956726,-0.0006912760956726,-0.0006912760956726,-0.0006912760956726,-0.0006912760956726,-0.0006912760956726,-0.0006912760956726
2025-08-13,-0.0001,0.0001383508577752,0.0001383508577752,-0.0001,0.0001383508577752,0.0001383508577752,-0.0001,0.0001383508577752,0.0001383508577752
2025-08-14,-0.0011144326093973,-0.0010144326093973,-0.0010144326093973,-0.0011144326093973,-0.0010144326093973,-0.0010144326093973,-0.0011144326093973,-0.0010144326093973,-0.0010144326093973
2025-08-15,-0.0001,-0.0001,-0.0002769443803369,-0.0001,-0.0001,-0.0002769443803369,-0.0001,-0.0001,-0.0002769443803369
2025-08-18,-0.0026855302645552,-0.0026855302645552,-0.0025855302645552,-0.0026855302645552,-0.0026855302645552,-0.0025855302645552,-0.0026855302645552,-0.0026855302645552,-0.0025855302645552
2025-08-19,0.0003703189371846,0.0003703189371846,0.0003703189371846,0.0003703189371846,0.0003703189371846,0.0003703189371846,0.0003703189371846,0.0003703189371846,0.0003703189371846
2025-08-20,-0.0018509092591736,-0.0018509092591736,-0.0018509092591736,-0.0018509092591736,-0.0018509092591736,-0.0018509092591736,-0.0018509092591736,-0.0018509092591736,-0.0018509092591736
2025-08-21,0.0013443975708127,0.0013443975708127,0.0013443975708127,0.0013443975708127,0.0013443975708127,0.0013443975708127,0.0013443975708127,0.0013443975708127,0.0013443975708127
2025-08-25,0.0,0.0025936652424298,0.0026936652424298,0.0,0.0025936652424298,0.0026936652424298,0.0026936652424298,0.0026936652424298,0.0026936652424298
2025-08-26,0.0003168596572486,0.0004168596572486,0.0004168596572486,0.0003168596572486,0.0004168596572486,0.0004168596572486,0.0004168596572486,0.0004168596572486,0.0004168596572486
2025-08-27,0.0002314921987127,0.0002314921987127,0.0002314921987127,0.0002314921987127,0.0002314921987127,0.0002314921987127,0.0002314921987127,0.0002314921987127,0.0002314921987127
2025-08-28,-0.0020829476022957,-0.0020829476022957,-0.0020829476022957,-0.0020829476022957,-0.0020829476022957,-0.0020829476022957,-0.0020829476022957,-0.0020829476022957,-0.0020829476022957
2025-08-29,0.0001391530219398,0.0001391530219398,0.0001391530219398,0.0001391530219398,0.0001391530219398,0.0001391530219398,0.0001391530219398,0.0001391530219398,0.0001391530219398
2025-09-01,0.0017623597068916,0.0017623597068916,0.0017623597068916,0.0017623597068916,0.0017623597068916,0.0017623597068916,0.0017623597068916,0.0017623597068916,0.0017623597068916
2025-09-02,-0.0001,-0.0001,-0.0004166666666667,-0.0001,-0.0001,-0.0004166666666667,-0.0001,-0.0001,-0.0004166666666667
2025-09-03,0.0017989393728866999,0.0017989393728866999,0.0018989393728867,0.0017989393728866999,0.0017989393728866999,0.0018989393728867,0.0017989393728866999,0.0017989393728866999,0.0018989393728867
2025-09-04,0.0009245562130177,0.0009245562130177,0.0009245562130177,-0.0001,0.0009245562130177,0.0009245562130177,0.0009245562130177,0.0009245562130177,0.0009245562130177
2025-09-05,-0.0028634768150748,-0.0028634768150748,-0.0028634768150748,-0.0029634768150748,-0.0028634768150748,-0.0028634768150748,-0.0028634768150748,-0.0028634768150748,-0.0028634768150748
2025-09-08,-0.0007874015748031,-0.0007874015748031,-0.0007874015748031,-0.0007874015748031,-0.0007874015748031,-0.0007874015748031,-0.0007874015748031,-0.0007874015748031,-0.0007874015748031
2025-09-09,-0.0008343763037128,-0.0008343763037128,-0.0008343763037128,-0.0008343763037128,-0.0008343763037128,-0.0008343763037128,-0.0008343763037128,-0.0008343763037128,-0.0008343763037128
2025-09-10,-0.0026443980514962,-0.0026443980514962,-0.0026443980514962,-0.0026443980514962,-0.0026443980514962,-0.0026443980514962,-0.0026443980514962,-0.0026443980514962,-0.0026443980514962
2025-09-11,-0.0001,-0.0001,0.0008372871895059,-0.0001,-0.0001,0.0008372871895059,-0.0001,-0.0001,0.0008372871895059
2025-09-12,0.0,0.0,0.0012084030488939,0.0,0.0,0.0012084030488939,0.0,0.0,0.0012084030488939
2025-09-15,0.0007819979574784999,0.0007819979574784999,0.0008819979574785,0.0007819979574784999,0.0007819979574784999,0.0008819979574785,0.0007819979574784999,0.0007819979574784999,0.0008819979574785
2025-09-16,0.0018088214832334,0.0018088214832334,0.0018088214832334,0.0018088214832334,0.0018088214832334,0.0018088214832334,0.0018088214832334,0.0018088214832334,0.0018088214832334
2025-09-17,0.0014351851851852,0.0014351851851852,0.0014351851851852,0.0014351851851852,0.0014351851851852,0.0014351851851852,0.0014351851851852,0.0014351851851852,0.0014351851851852
2025-09-18,-0.0006934492164024,-0.0006934492164024,-0.0006934492164024,-0.0006934492164024,-0.0006934492164024,-0.0006934492164024,-0.0006934492164024,-0.0006934492164024,-0.0006934492164024
2025-09-19,-0.0022668393782383,-0.0022668393782383,-0.0022668393782383,-0.0022668393782383,-0.0022668393782383,-0.0022668393782383,-0.0022668393782383,-0.0022668393782383,-0.0022668393782383
2025-09-22,-0.0001,-0.0001,-0.0001,-0.0001,-0.0001,-0.0001,0.0012982797792924,0.0012982797792924,0.0012982797792924
2025-09-23,-0.0,-0.0,-0.0,-0.0,-0.0,-0.0,-0.0001,-0.0001,-0.0001
2025-09-24,-0.0007034442742421001,-0.0007034442742421001,-0.0007034442742421001,-0.0007034442742421001,-0.0007034442742421001,-0.0007034442742421001,-0.0007034442742421001,-0.0007034442742421001,-0.0007034442742421001
2025-09-25,-0.0003715745471435,-0.0003715745471435,-0.0003715745471435,-0.0003715745471435,-0.0003715745471435,-0.0003715745471435,-0.0003715745471435,-0.0003715745471435,-0.0003715745471435
2025-09-26,0.000650497165691,0.000650497165691,0.000650497165691,0.000650497165691,0.000650497165691,0.000650497165691,0.000650497165691,0.000650497165691,0.000650497165691
2025-09-29,-0.0001,-0.0001,-0.0001857355126301,-0.0001857355126301,-0.0001857355126301,-0.0001857355126301,-0.0001,-0.0001,-0.0001857355126301
2025-09-30,0.0016183726546534,0.0016183726546534,0.0017183726546534,0.0017183726546534,0.0017183726546534,0.0017183726546534,0.0016183726546534,0.0016183726546534,0.0017183726546534
2025-10-09,0.0018545134220409,0.0018545134220409,0.0018545134220409,0.0018545134220409,0.0018545134220409,0.0018545134220409,0.0018545134220409,0.0018545134220409,0.0018545134220409
2025-10-10,-0.0001,-0.0001,-0.0006016011846915,-0.0001,-0.0001,-0.0006016011846915,-0.0001,-0.0001,-0.0006016011846915
2025-10-13,0.0006871828116316999,0.0006871828116316999,0.0007871828116317,0.0006871828116316999,0.0006871828116316999,0.0007871828116317,0.0006871828116316999,0.0006871828116316999,0.0007871828116317
2025-10-14,0.0009716374404293,0.0009716374404293,0.0009716374404293,0.0009716374404293,0.0009716374404293,0.0009716374404293,0.0009716374404293,0.0009716374404293,0.0009716374404293
2025-10-15,-0.0003697882962004,-0.0003697882962004,-0.0003697882962004,-0.0003697882962004,-0.0003697882962004,-0.0003697882962004,-0.0003697882962004,-0.0003697882962004,-0.0003697882962004
2025-10-16,0.000323684453898,0.000323684453898,0.000323684453898,0.000323684453898,0.000323684453898,0.000323684453898,0.000323684453898,0.000323684453898,0.000323684453898
2025-10-17,0.0012018675172189,0.0012018675172189,0.0012018675172189,0.0012018675172189,0.0012018675172189,0.0012018675172189,0.0012018675172189,0.0012018675172189,0.0012018675172189
2025-10-20,-0.0001,-0.0001,-0.0001,-0.0001,-0.0001,-0.0001,-0.0017082967819382,-0.0017082967819382,-0.0017082967819382
2025-10-21,0.0002237443344741,0.0002237443344741,0.0002237443344741,0.0002237443344741,0.0002237443344741,0.0002237443344741,0.0003237443344741,0.0003237443344741,0.0003237443344741
2025-10-22,0.0,0.0,0.0,0.0,0.0,0.0,0.0,0.0,0.0
2025-10-23,-0.0001,-0.0001,-0.0001,-0.0001,-0.0001,-0.0001,-0.0001,-0.0001,-0.0001
2025-10-24,-0.0,-0.0,-0.0,-0.0,-0.0,-0.0,-0.0,-0.0,-0.0
2025-10-27,0.001474001203648,0.001474001203648,0.001474001203648,0.0,0.001474001203648,0.001474001203648,0.0,0.001474001203648,0.001474001203648
2025-10-28,0.0022186272244049,0.0022186272244049,0.0022186272244049,0.0021186272244049,0.0022186272244049,0.0022186272244049,0.0021186272244049,0.0022186272244049,0.0022186272244049
2025-10-29,-0.0001,-0.0001,-0.0001,0.0014296914633582,0.0014296914633582,0.0014296914633582,-0.0001,-0.0001,-0.0001
2025-10-30,0.00045263885051120004,0.00045263885051120004,0.00045263885051120004,0.0005526388505112,0.0005526388505112,0.0005526388505112,0.00045263885051120004,0.00045263885051120004,0.00045263885051120004
2025-10-31,0.0004602780079168,0.0004602780079168,0.0004602780079168,0.0004602780079168,0.0004602780079168,0.0004602780079168,0.0004602780079168,0.0004602780079168,0.0004602780079168
2025-11-03,0.0,0.0,0.0,0.0,0.0,0.0,0.0,0.0,0.0
2025-11-04,-0.000184026499816,-0.000184026499816,-0.000184026499816,-0.000184026499816,-0.000184026499816,-0.000184026499816,-0.000184026499816,-0.000184026499816,-0.000184026499816
2025-11-05,-0.0001,-0.0003681207436038,-0.0003681207436038,-0.0001,-0.0003681207436038,-0.0003681207436038,-0.0003681207436038,-0.0003681207436038,-0.0003681207436038
2025-11-06,-0.0008825446510771001,-0.0007825446510771,-0.0007825446510771,-0.0008825446510771001,-0.0007825446510771,-0.0007825446510771,-0.0007825446510771,-0.0007825446510771,-0.0007825446510771
2025-11-07,-0.0001,-0.0001,-0.00082922559543,-0.0001,-0.0001,-0.00082922559543,-0.0001,-0.0001,-0.00082922559543
2025-11-10,0.000268850569413,0.000268850569413,0.000368850569413,0.000268850569413,0.000268850569413,0.000368850569413,0.000268850569413,0.000268850569413,0.000368850569413
2025-11-11,-9.217864220867344e-05,-9.217864220867344e-05,-9.217864220867344e-05,-9.217864220867344e-05,-9.217864220867344e-05,-9.217864220867344e-05,-9.217864220867344e-05,-9.217864220867344e-05,-9.217864220867344e-05
2025-11-12,0.0004148421295229,0.0004148421295229,0.0004148421295229,0.0004148421295229,0.0004148421295229,0.0004148421295229,0.0004148421295229,0.0004148421295229,0.0004148421295229
2025-11-13,-0.0010136380390711,-0.0010136380390711,-0.0010136380390711,-0.0010136380390711,-0.0010136380390711,-0.0010136380390711,-0.0010136380390711,-0.0010136380390711,-0.0010136380390711
2025-11-14,-0.0001,-0.0001,4.612120653080254e-05,-0.0001,-0.0001,4.612120653080254e-05,-0.0001,-0.0001,4.612120653080254e-05
2025-11-17,0.0005456671124843,0.0005456671124843,0.0006456671124843,0.0005456671124843,0.0005456671124843,0.0006456671124843,0.0005456671124843,0.0005456671124843,0.0006456671124843
2025-11-18,0.0001382679633128,0.0001382679633128,0.0001382679633128,0.0001382679633128,0.0001382679633128,0.0001382679633128,0.0001382679633128,0.0001382679633128,0.0001382679633128
2025-11-19,-0.0001,-0.0006912442396314,-0.0006912442396314,-0.0006912442396314,-0.0006912442396314,-0.0006912442396314,-0.0001,-0.0006912442396314,-0.0006912442396314
2025-11-20,0.00045337791099820003,0.0005533779109982,0.0005533779109982,0.0005533779109982,0.0005533779109982,0.0005533779109982,0.00045337791099820003,0.0005533779109982,0.0005533779109982
2025-11-21,-0.0005069825321472,-0.0005069825321472,-0.0005069825321472,-0.0005069825321472,-0.0005069825321472,-0.0005069825321472,-0.0005069825321472,-0.0005069825321472,-0.0005069825321472
2025-11-24,-0.0001,0.0006916904915612,0.0006916904915612,-0.0001,0.0006916904915612,0.0006916904915612,0.0006916904915612,0.0006916904915612,0.0006916904915612
2025-11-26,-0.0034189613749769,-0.0034189613749769,-0.0034189613749769,-0.0034189613749769,-0.0034189613749769,-0.0034189613749769,-0.0034189613749769,-0.0034189613749769,-0.0034189613749769
2025-11-27,-0.0001,0.0004172461752434,0.0004172461752434,-0.0001,0.0004172461752434,0.0004172461752434,-0.0001,0.0004172461752434,0.0004172461752434
2025-11-28,0.0,-0.0001,0.0004170721534826,0.0,-0.0001,0.0004170721534826,0.0,-0.0001,0.0004170721534826
2025-12-01,0.0008264406151565,0.0008264406151565,0.0009264406151565,0.0008264406151565,0.0008264406151565,0.0009264406151565,0.0008264406151565,0.0008264406151565,0.0009264406151565
2025-12-02,-0.0001,-0.0001,-0.0001,-0.0005553498704183,-0.0005553498704183,-0.0005553498704183,-0.0001,-0.0001,-0.0001
2025-12-03,0.00045565845526950006,0.00045565845526950006,0.00045565845526950006,0.0005556584552695,0.0005556584552695,0.0005556584552695,0.00045565845526950006,0.00045565845526950006,0.00045565845526950006
2025-12-04,-0.0034246575342465,-0.0034246575342465,-0.0034246575342465,-0.0001,-0.0001,-0.0034246575342465,-0.0034246575342465,-0.0034246575342465,-0.0034246575342465
2025-12-05,-0.0001,-0.0001,-0.0001,0.0,0.0,-0.0001,-0.0001,-0.0001,-0.0001
2025-12-08,0.000270816723834,0.000270816723834,0.000270816723834,0.000270816723834,0.000270816723834,0.000270816723834,0.000270816723834,0.000270816723834,0.000270816723834
2025-12-09,0.0006486887220833,0.0006486887220833,0.0006486887220833,0.0006486887220833,0.0006486887220833,0.0006486887220833,0.0006486887220833,0.0006486887220833,0.0006486887220833
2025-12-10,0.0004630487127246,0.0004630487127246,0.0004630487127246,0.0004630487127246,0.0004630487127246,0.0004630487127246,0.0004630487127246,0.0004630487127246,0.0004630487127246
2025-12-11,0.0006479681569933,0.0006479681569933,0.0006479681569933,0.0006479681569933,0.0006479681569933,0.0006479681569933,0.0006479681569933,0.0006479681569933,0.0006479681569933
2025-12-12,-0.0001,-0.0001,-0.0001,-0.0001,-0.0001,-0.0001,-0.0010638297872339,-0.0010638297872339,-0.0010638297872339
2025-12-15,-0.0,-0.0,-0.0011649627263045001,-0.0,-0.0,-0.0011649627263045001,-0.0010649627263045,-0.0010649627263045,-0.0010649627263045
2025-12-16,0.0002244646333548,0.0002244646333548,0.0003244646333548,0.0,0.0,0.0003244646333548,-0.0001,-0.0001,0.0003244646333548
2025-12-17,-0.0001,-0.0001,-0.0001,0.0,0.0,-0.0001,0.0,0.0,-0.0001
2025-12-18,-5.370584695142391e-05,-5.370584695142391e-05,-5.370584695142391e-05,-5.370584695142391e-05,-5.370584695142391e-05,-5.370584695142391e-05,-5.370584695142391e-05,-5.370584695142391e-05,-5.370584695142391e-05
2025-12-19,0.0012961762799741,0.0012961762799741,0.0012961762799741,0.0012961762799741,0.0012961762799741,0.0012961762799741,0.0012961762799741,0.0012961762799741,0.0012961762799741
2025-12-22,-0.0015718908922792,-0.0015718908922792,-0.0015718908922792,-0.0015718908922792,-0.0015718908922792,-0.0015718908922792,-0.0015718908922792,-0.0015718908922792,-0.0015718908922792
2025-12-23,0.002222633821078,0.002222633821078,0.002222633821078,0.002222633821078,0.002222633821078,0.002222633821078,0.002222633821078,0.002222633821078,0.002222633821078
2025-12-24,-0.0001,-0.0001,-0.0001,-0.0001,-0.0001,-0.0001,-0.0001,-0.0001,-0.0001
2025-12-25,-0.0,-0.0004233853829808,-0.0004233853829808,-0.0,-0.0004233853829808,-0.0004233853829808,-0.0004233853829808,-0.0004233853829808,-0.0004233853829808
2025-12-26,0.0008704699847497,0.0009704699847497,0.0009704699847497,0.0008704699847497,0.0009704699847497,0.0009704699847497,0.0009704699847497,0.0009704699847497,0.0009704699847497
2025-12-29,-0.0001,-0.0001,-0.0001,-0.0001,-0.0001,-0.0001,-0.0001,-0.0001,-0.0001
2025-12-30,-0.0,-0.0,-0.0,-0.0,-0.0,-0.0,-0.0,-0.0,-0.0
2025-12-31,-0.0008411524921252,-0.0008411524921252,-0.0008411524921252,-0.0008411524921252,-0.0008411524921252,-0.0008411524921252,-0.0008411524921252,-0.0008411524921252,-0.0008411524921252
2026-01-05,-4.63563879101736e-05,-4.63563879101736e-05,-4.63563879101736e-05,-4.63563879101736e-05,-4.63563879101736e-05,-4.63563879101736e-05,-0.0001,-0.0001,-0.0001
2026-01-06,-0.0014371146446617,-0.0014371146446617,-0.0014371146446617,-0.0014371146446617,-0.0014371146446617,-0.0014371146446617,-0.0015371146446617001,-0.0015371146446617001,-0.0015371146446617001
2026-01-07,-0.0008356545961003,-0.0008356545961003,-0.0008356545961003,-0.0008356545961003,-0.0008356545961003,-0.0008356545961003,-0.0008356545961003,-0.0008356545961003,-0.0008356545961003
2026-01-08,0.0016727069974911,0.0016727069974911,0.0016727069974911,0.0016727069974911,0.0016727069974911,0.0016727069974911,0.0016727069974911,0.0016727069974911,0.0016727069974911
2026-01-09,-0.0002319324612672,-0.0002319324612672,-0.0002319324612672,-0.0002319324612672,-0.0002319324612672,-0.0002319324612672,-0.0002319324612672,-0.0002319324612672,-0.0002319324612672
2026-01-12,-0.0001,0.0007423560525217,0.0007423560525217,-0.0001,0.0007423560525217,0.0007423560525217,0.0007423560525217,0.0007423560525217,0.0007423560525217
2026-01-13,-5.3637164449071766e-05,4.636283555092824e-05,4.636283555092824e-05,-5.3637164449071766e-05,4.636283555092824e-05,4.636283555092824e-05,4.636283555092824e-05,4.636283555092824e-05,4.636283555092824e-05
2026-01-14,0.0007417709782104,0.0007417709782104,0.0007417709782104,0.0007417709782104,0.0007417709782104,0.0007417709782104,0.0007417709782104,0.0007417709782104,0.0007417709782104
2026-01-15,0.0009728527749466,0.0009728527749466,0.0009728527749466,0.0009728527749466,0.0009728527749466,0.0009728527749466,0.0009728527749466,0.0009728527749466,0.0009728527749466
2026-01-16,0.0002776877863654,0.0002776877863654,0.0002776877863654,0.0002776877863654,0.0002776877863654,0.0002776877863654,0.0002776877863654,0.0002776877863654,0.0002776877863654
2026-01-19,-0.0001,-0.0002313422477211,-0.0002313422477211,-0.0002313422477211,-0.0002313422477211,-0.0002313422477211,-0.0001,-0.0002313422477211,-0.0002313422477211
2026-01-20,0.0011958163643095,0.0012958163643095,0.0012958163643095,0.0012958163643095,0.0012958163643095,0.0012958163643095,0.0011958163643095,0.0012958163643095,0.0012958163643095
2026-01-21,0.0001848770567571,0.0001848770567571,0.0001848770567571,0.0001848770567571,0.0001848770567571,0.0001848770567571,0.0001848770567571,0.0001848770567571,0.0001848770567571
2026-01-22,-0.0004621072088724,-0.0004621072088724,-0.0004621072088724,-0.0004621072088724,-0.0004621072088724,-0.0004621072088724,-0.0004621072088724,-0.0004621072088724,-0.0004621072088724
2026-01-23,0.0004160887656032,0.0004160887656032,0.0004160887656032,0.0004160887656032,0.0004160887656032,0.0004160887656032,0.0004160887656032,0.0004160887656032,0.0004160887656032
2026-01-26,-0.0001386385692498,-0.0001386385692498,-0.0001386385692498,-0.0001386385692498,-0.0001386385692498,-0.0001386385692498,-0.0001386385692498,-0.0001386385692498,-0.0001386385692498
2026-01-27,-0.0001,-0.0001,4.621926418924005e-05,-0.0001,-0.0001,4.621926418924005e-05,-0.0001,-0.0001,4.621926418924005e-05
2026-01-28,0.0,0.0,0.0002310856403382,0.0,0.0,0.0002310856403382,0.0,0.0,0.0002310856403382
2026-01-29,0.0,0.0,0.0003696516033639,0.0,0.0,0.0003696516033639,0.0,0.0,0.0003696516033639
2026-01-30,0.00045427251732100003,0.00045427251732100003,0.000554272517321,0.00045427251732100003,0.00045427251732100003,0.000554272517321,0.00045427251732100003,0.00045427251732100003,0.000554272517321
2026-02-02,-0.0005539654694857,-0.0005539654694857,-0.0005539654694857,-0.0005539654694857,-0.0005539654694857,-0.0005539654694857,-0.0005539654694857,-0.0005539654694857,-0.0005539654694857
2026-02-03,9.237875288681252e-05,9.237875288681252e-05,9.237875288681252e-05,9.237875288681252e-05,9.237875288681252e-05,9.237875288681252e-05,9.237875288681252e-05,9.237875288681252e-05,9.237875288681252e-05
2026-02-04,-0.0001847404396823,-0.0001847404396823,-0.0001847404396823,-0.0001847404396823,-0.0001847404396823,-0.0001847404396823,-0.0001847404396823,-0.0001847404396823,-0.0001847404396823
2026-02-05,0.0007390983000739,0.0007390983000739,0.0007390983000739,0.0007390983000739,0.0007390983000739,0.0007390983000739,0.0007390983000739,0.0007390983000739,0.0007390983000739
2026-02-06,0.0009231905465287,0.0009231905465287,0.0009231905465287,0.0009231905465287,0.0009231905465287,0.0009231905465287,0.0009231905465287,0.0009231905465287,0.0009231905465287
2026-02-09,0.0006456373362848,0.0006456373362848,0.0006456373362848,0.0006456373362848,0.0006456373362848,0.0006456373362848,0.0006456373362848,0.0006456373362848,0.0006456373362848
2026-02-10,-4.608719697662966e-05,-4.608719697662966e-05,-4.608719697662966e-05,-4.608719697662966e-05,-4.608719697662966e-05,-4.608719697662966e-05,-4.608719697662966e-05,-4.608719697662966e-05,-4.608719697662966e-05
2026-02-11,0.0005069825321473,0.0005069825321473,0.0005069825321473,0.0005069825321473,0.0005069825321473,0.0005069825321473,0.0005069825321473,0.0005069825321473,0.0005069825321473
2026-02-12,-0.0001,0.0004145936981756,0.0004145936981756,0.0004145936981756,0.0004145936981756,0.0004145936981756,0.0004145936981756,0.0004145936981756,0.0004145936981756
2026-02-13,-0.0008367500115117,-0.0007367500115117,-0.0007367500115117,-0.0007367500115117,-0.0007367500115117,-0.0007367500115117,-0.0007367500115117,-0.0007367500115117,-0.0007367500115117
2026-02-24,-0.0001,-0.0001,-0.0001,-0.0001,-0.0001,-0.0001,-0.0001,-0.0001,-0.0001
2026-02-26,-0.00111401179941,-0.00111401179941,-0.00101401179941,-0.00111401179941,-0.00111401179941,-0.00101401179941,-0.00111401179941,-0.00111401179941,-0.00101401179941
2026-02-27,0.0002306911506873,0.0002306911506873,0.0002306911506873,0.0002306911506873,0.0002306911506873,0.0002306911506873,0.0002306911506873,0.0002306911506873,0.0002306911506873
2026-03-02,0.0012454449005951,0.0012454449005951,0.0012454449005951,0.0012454449005951,0.0012454449005951,0.0012454449005951,0.0012454449005951,0.0012454449005951,0.0012454449005951
2026-03-03,-0.0002764212660094,-0.0002764212660094,-0.0002764212660094,-0.0002764212660094,-0.0002764212660094,-0.0002764212660094,-0.0002764212660094,-0.0002764212660094,-0.0002764212660094
2026-03-04,0.0005069124423964,0.0005069124423964,0.0005069124423964,0.0005069124423964,0.0005069124423964,0.0005069124423964,0.0005069124423964,0.0005069124423964,0.0005069124423964
2026-03-05,-9.21192022477202e-05,-9.21192022477202e-05,-9.21192022477202e-05,-9.21192022477202e-05,-9.21192022477202e-05,-9.21192022477202e-05,-9.21192022477202e-05,-9.21192022477202e-05,-9.21192022477202e-05
2026-03-06,-9.212768897692848e-05,-9.212768897692848e-05,-9.212768897692848e-05,-9.212768897692848e-05,-9.212768897692848e-05,-9.212768897692848e-05,-9.212768897692848e-05,-9.212768897692848e-05,-9.212768897692848e-05
2026-03-09,-0.0001,-0.0001,-0.0001,-0.0001,-0.0001,-0.0001,-0.0001,-0.0001,-0.0001
2026-03-10,-0.0,-0.0,-0.0001923233162534176,-0.0,-0.0,-0.0001923233162534176,-0.0,-0.0,-0.0001923233162534176
2026-03-11,-0.0005154932828586,-0.0005154932828586,-0.0004154932828586,-0.0005154932828586,-0.0005154932828586,-0.0004154932828586,-0.0005154932828586,-0.0005154932828586,-0.0004154932828586
2026-03-12,0.0004618510992056,0.0004618510992056,0.0004618510992056,0.0004618510992056,0.0004618510992056,0.0004618510992056,0.0004618510992056,0.0004618510992056,0.0004618510992056
2026-03-13,-0.0008309482042286,-0.0008309482042286,-0.0008309482042286,-0.0008309482042286,-0.0008309482042286,-0.0008309482042286,-0.0008309482042286,-0.0008309482042286,-0.0008309482042286
2026-03-16,-0.0001,-0.0009240436148585,-0.0009240436148585,-0.0009240436148585,-0.0009240436148585,-0.0009240436148585,-0.0001,-0.0009240436148585,-0.0009240436148585
2026-03-17,0.0,-0.0001,0.0001849796522381,-0.0001,-0.0001,0.0001849796522381,0.0,-0.0001,0.0001849796522381
2026-03-18,0.0010559090068429,0.0010559090068429,0.0011559090068429,0.0010559090068429,0.0010559090068429,0.0011559090068429,0.0010559090068429,0.0010559090068429,0.0011559090068429
2026-03-19,0.0006003787004109,0.0006003787004109,0.0006003787004109,0.0006003787004109,0.0006003787004109,0.0006003787004109,0.0006003787004109,0.0006003787004109,0.0006003787004109
2026-03-20,-0.0006923289947383,-0.0006923289947383,-0.0006923289947383,-0.0006923289947383,-0.0006923289947383,-0.0006923289947383,-0.0006923289947383,-0.0006923289947383,-0.0006923289947383
2026-03-23,-0.001016119347836,-0.001016119347836,-0.001016119347836,-0.001016119347836,-0.001016119347836,-0.001016119347836,-0.001016119347836,-0.001016119347836,-0.001016119347836
2026-03-24,-0.0001,-0.0001,-0.0001,-0.0001,-0.0001,-0.0001,-0.0001,-0.0001,-0.0001
2026-03-25,-0.00019245134747848384,-0.00019245134747848384,-0.00019245134747848384,-0.00019245134747848384,-0.00019245134747848384,-0.00019245134747848384,-0.00019245134747848384,-0.00019245134747848384,-0.00019245134747848384
2026-03-26,0.0008321390596828,0.0008321390596828,0.0008321390596828,0.0008321390596828,0.0008321390596828,0.0008321390596828,0.0008321390596828,0.0008321390596828,0.0008321390596828
2026-03-27,-9.238302000091902e-05,-9.238302000091902e-05,-9.238302000091902e-05,-9.238302000091902e-05,-9.238302000091902e-05,-9.238302000091902e-05,-9.238302000091902e-05,-9.238302000091902e-05,-9.238302000091902e-05
2026-03-30,0.0014320691088833,0.0014320691088833,0.0014320691088833,0.0014320691088833,0.0014320691088833,0.0014320691088833,0.0014320691088833,0.0014320691088833,0.0014320691088833
2026-03-31,9.225943352708654e-05,9.225943352708654e-05,9.225943352708654e-05,9.225943352708654e-05,9.225943352708654e-05,9.225943352708654e-05,9.225943352708654e-05,9.225943352708654e-05,9.225943352708654e-05
2026-04-01,-0.0001,-0.0001,-0.0017988929889299,-0.0001,-0.0001,-0.0017988929889299,-0.0017988929889299,-0.0017988929889299,-0.0017988929889299
2026-04-02,-0.0,-0.00014620858555515194,-4.620858555515195e-05,-0.0,-0.00014620858555515194,-4.620858555515195e-05,-4.620858555515195e-05,-4.620858555515195e-05,-4.620858555515195e-05
2026-04-03,0.0,-0.0001,0.0006469500924213,0.0,-0.0001,0.0006469500924213,-0.0001,-0.0001,0.0006469500924213
2026-04-07,0.0,0.00013090422092909998,0.0002309042209291,0.0,0.00013090422092909998,0.0002309042209291,0.0,0.00013090422092909998,0.0002309042209291
2026-04-08,0.00017702109977370001,0.0002770210997737,0.0002770210997737,0.00017702109977370001,0.0002770210997737,0.0002770210997737,0.00017702109977370001,0.0002770210997737,0.0002770210997737
2026-04-09,-0.0003231017770597,-0.0003231017770597,-0.0003231017770597,-0.0003231017770597,-0.0003231017770597,-0.0003231017770597,-0.0003231017770597,-0.0003231017770597,-0.0003231017770597
2026-04-10,-0.0001,-0.0001,-0.0001,-0.0002770338904792,-0.0002770338904792,-0.0002770338904792,-0.0001,-0.0001,-0.0001
2026-04-13,0.0,0.0,0.0,-0.0001,-0.0001,-0.0001,0.0,0.0,0.0
2026-04-14,0.0010996493332719,0.0010996493332719,0.0010996493332719,0.0010996493332719,0.0010996493332719,0.0010996493332719,0.0010996493332719,0.0010996493332719,0.0010996493332719
2026-04-15,0.0007834462417621,0.0007834462417621,0.0007834462417621,0.0007834462417621,0.0007834462417621,0.0007834462417621,0.0007834462417621,0.0007834462417621,0.0007834462417621
2026-04-16,-0.0001841959845274,-0.0001841959845274,-0.0001841959845274,-0.0001841959845274,-0.0001841959845274,-0.0001841959845274,-0.0001841959845274,-0.0001841959845274,-0.0001841959845274
2026-04-17,-0.0001,-0.0001,-0.0001,0.0016120117907147,0.0016120117907147,0.0016120117907147,0.0016120117907147,0.0016120117907147,0.0016120117907147
2026-04-20,-0.00028393341610330003,-0.00028393341610330003,-0.00028393341610330003,-0.0001839334161033,-0.0001839334161033,-0.0001839334161033,-0.0001839334161033,-0.0001839334161033,-0.0001839334161033
2026-04-21,-0.0001,-0.0001,-0.0001,-0.0001,-0.0001,-0.0001,-0.0001,-0.0001,-0.0001
2026-04-22,0.0006815732609993999,0.0006815732609993999,0.0006815732609993999,0.0006815732609993999,0.0006815732609993999,0.0006815732609993999,0.0006815732609993999,0.0006815732609993999,0.0006815732609993999
2026-04-23,-0.0008269018743108,-0.0008269018743108,-0.0008269018743108,-0.0008269018743108,-0.0008269018743108,-0.0008269018743108,-0.0008269018743108,-0.0008269018743108,-0.0008269018743108
2026-04-24,-0.0002758620689655,-0.0002758620689655,-0.0002758620689655,-0.0002758620689655,-0.0002758620689655,-0.0002758620689655,-0.0002758620689655,-0.0002758620689655,-0.0002758620689655
2026-04-27,-0.0020235467255335,-0.0020235467255335,-0.0020235467255335,-0.0020235467255335,-0.0020235467255335,-0.0020235467255335,-0.0020235467255335,-0.0020235467255335,-0.0020235467255335
2026-04-28,0.0008294930875576,0.0008294930875576,0.0008294930875576,0.0008294930875576,0.0008294930875576,0.0008294930875576,0.0008294930875576,0.0008294930875576,0.0008294930875576
2026-04-29,0.0007827608435397,0.0007827608435397,0.0007827608435397,0.0007827608435397,0.0007827608435397,0.0007827608435397,0.0007827608435397,0.0007827608435397,0.0007827608435397
2026-04-30,-0.00050609615827,-0.00050609615827,-0.00050609615827,-0.00050609615827,-0.00050609615827,-0.00050609615827,-0.00050609615827,-0.00050609615827,-0.00050609615827
2026-05-06,-0.0005984164978825,-0.0005984164978825,-0.0005984164978825,-0.0005984164978825,-0.0005984164978825,-0.0005984164978825,-0.0005984164978825,-0.0005984164978825,-0.0005984164978825
2026-05-07,-0.0001,9.211920224760917e-05,9.211920224760917e-05,-0.0001,9.211920224760917e-05,9.211920224760917e-05,9.211920224760917e-05,9.211920224760917e-05,9.211920224760917e-05
2026-05-08,0.0001302767927049,0.0002302767927049,0.0002302767927049,0.0001302767927049,0.0002302767927049,0.0002302767927049,0.0002302767927049,0.0002302767927049,0.0002302767927049
2026-05-11,0.000920895110047,0.000920895110047,0.000920895110047,0.000920895110047,0.000920895110047,0.000920895110047,0.000920895110047,0.000920895110047,0.000920895110047
2026-05-12,0.0004600239212437,0.0004600239212437,0.0004600239212437,0.0004600239212437,0.0004600239212437,0.0004600239212437,0.0004600239212437,0.0004600239212437,0.0004600239212437
2026-05-13,0.0008276623137759,0.0008276623137759,0.0008276623137759,0.0008276623137759,0.0008276623137759,0.0008276623137759,0.0008276623137759,0.0008276623137759,0.0008276623137759
2026-05-14,-0.0003216024993107,-0.0003216024993107,-0.0003216024993107,-0.0003216024993107,-0.0003216024993107,-0.0003216024993107,-0.0003216024993107,-0.0003216024993107,-0.0003216024993107
2026-05-15,0.0001838319775724,0.0001838319775724,0.0001838319775724,0.0001838319775724,0.0001838319775724,0.0001838319775724,0.0001838319775724,0.0001838319775724,0.0001838319775724
2026-05-18,0.0013325368745118,0.0013325368745118,0.0013325368745118,0.0013325368745118,0.0013325368745118,0.0013325368745118,0.0013325368745118,0.0013325368745118,0.0013325368745118
2026-05-19,-0.0001,-0.0001,-0.0001,-0.0001,-0.0001,-0.0001,-0.0001,-0.0001,-0.0001
2026-05-20,-0.0001,-0.0001,-0.0001,-0.0001,-0.0001,-0.0001,-0.0001,-0.0001,-0.0001
2026-05-21,-0.0011456328475849,-0.0011456328475849,-0.0011456328475849,-0.0011456328475849,-0.0011456328475849,-0.0011456328475849,-0.0011456328475849,-0.0011456328475849,-0.0011456328475849
2026-05-22,-0.0001,-0.0005046566041198,-0.0005046566041198,-0.0005046566041198,-0.0005046566041198,-0.0005046566041198,-0.0001,-0.0005046566041198,-0.0005046566041198
2026-05-25,0.00026720829890740003,0.0003672082989074,0.0003672082989074,0.0003672082989074,0.0003672082989074,0.0003672082989074,0.00026720829890740003,0.0003672082989074,0.0003672082989074
2026-05-26,-0.0001,-0.0001,0.0001835367532347,-0.0001,-0.0001,0.0001835367532347,-0.0001,-0.0001,0.0001835367532347
2026-05-28,0.0007339112884729,0.0007339112884729,0.0007339112884729,0.0007339112884729,0.0007339112884729,0.0007339112884729,0.0007339112884729,0.0007339112884729,0.0007339112884729
2026-05-29,0.0008250446899207,0.0008250446899207,0.0008250446899207,0.0008250446899207,0.0008250446899207,0.0008250446899207,0.0008250446899207,0.0008250446899207,0.0008250446899207
2026-06-01,0.000274788184108,0.000274788184108,0.000274788184108,0.000274788184108,0.000274788184108,0.000274788184108,0.000274788184108,0.000274788184108,0.000274788184108
2026-06-02,0.0007783526395312,0.0007783526395312,0.0007783526395312,0.0007783526395312,0.0007783526395312,0.0007783526395312,0.0007783526395312,0.0007783526395312,0.0007783526395312
2026-06-03,-0.0007777472778845,-0.0007777472778845,-0.0007777472778845,-0.0007777472778845,-0.0007777472778845,-0.0007777472778845,-0.0007777472778845,-0.0007777472778845,-0.0007777472778845
2026-06-04,-0.0001,-0.0001,-0.0001,-0.0001,-0.0001,-0.0001,0.0007783526395312,0.0007783526395312,0.0007783526395312
2026-06-05,-0.0006947479183824001,-0.0006947479183824001,-0.0006947479183824001,-0.0006947479183824001,-0.0006947479183824001,-0.0006947479183824001,-0.0005947479183824,-0.0005947479183824,-0.0005947479183824
2026-06-08,-0.0010070954451819,-0.0010070954451819,-0.0010070954451819,-0.0010070954451819,-0.0010070954451819,-0.0010070954451819,-0.0010070954451819,-0.0010070954451819,-0.0010070954451819
2026-06-09,-0.0001,-0.0010539339229252,-0.0010539339229252,-0.0001,-0.0010539339229252,-0.0010539339229252,-0.0001,-0.0010539339229252,-0.0010539339229252
2026-06-10,-0.0016137614678899,-0.0015137614678899,-0.0015137614678899,-0.0016137614678899,-0.0015137614678899,-0.0015137614678899,-0.0016137614678899,-0.0015137614678899,-0.0015137614678899
2026-06-11,-0.0006431754490742,-0.0006431754490742,-0.0006431754490742,-0.0006431754490742,-0.0006431754490742,-0.0006431754490742,-0.0006431754490742,-0.0006431754490742,-0.0006431754490742
2026-06-12,-0.0001,-0.0001,0.0005056773778329,-0.0001,-0.0001,0.0005056773778329,-0.0001,-0.0001,0.0005056773778329
2026-06-15,3.784230839929999e-05,3.784230839929999e-05,0.0001378423083993,3.784230839929999e-05,3.784230839929999e-05,0.0001378423083993,3.784230839929999e-05,3.784230839929999e-05,0.0001378423083993
2026-06-16,0.0012863508981486,0.0012863508981486,0.0012863508981486,0.0012863508981486,0.0012863508981486,0.0012863508981486,0.0012863508981486,0.0012863508981486,0.0012863508981486
2026-06-17,-0.0001,0.0005964670796054,0.0005964670796054,-0.0001,0.0005964670796054,0.0005964670796054,0.0005964670796054,0.0005964670796054,0.0005964670796054
2026-06-18,0.0,-0.0001,0.000137564196625,3.756419662500001e-05,0.000137564196625,0.000137564196625,-0.0001,-0.0001,0.000137564196625
2026-06-22,-5.4151574893534975e-05,-5.4151574893534975e-05,4.584842510646503e-05,4.584842510646503e-05,4.584842510646503e-05,4.584842510646503e-05,-5.4151574893534975e-05,-5.4151574893534975e-05,4.584842510646503e-05
2026-06-23,-0.0001,-0.0001,-0.0001,-0.0001,-0.0001,-0.0001,-0.0001,-0.0001,-0.0001
2026-06-24,0.0002212335367812,0.0002212335367812,0.0002212335367812,0.0002212335367812,0.0002212335367812,0.0002212335367812,0.0002212335367812,0.0002212335367812,0.0002212335367812
2026-06-25,0.0008257638315443,0.0008257638315443,0.0008257638315443,0.0008257638315443,0.0008257638315443,0.0008257638315443,0.0008257638315443,0.0008257638315443,0.0008257638315443
2026-06-26,-0.0001,0.000962596259626,0.000962596259626,-0.0001,0.000962596259626,0.000962596259626,0.000962596259626,0.000962596259626,0.000962596259626
2026-06-29,0.0012738150844895,0.0013738150844895,0.0013738150844895,0.0012738150844895,0.0013738150844895,0.0013738150844895,0.0013738150844895,0.0013738150844895,0.0013738150844895
2026-06-30,-0.0010518132345542,-0.0010518132345542,-0.0010518132345542,-0.0010518132345542,-0.0010518132345542,-0.0010518132345542,-0.0010518132345542,-0.0010518132345542,-0.0010518132345542
2026-07-01,-0.0021516205823108,-0.0021516205823108,-0.0021516205823108,-0.0021516205823108,-0.0021516205823108,-0.0021516205823108,-0.0021516205823108,-0.0021516205823108,-0.0021516205823108
2026-07-02,0.0007799238427306,0.0007799238427306,0.0007799238427306,0.0007799238427306,0.0007799238427306,0.0007799238427306,0.0007799238427306,0.0007799238427306,0.0007799238427306
2026-07-03,-0.0003208948381773,-0.0003208948381773,-0.0003208948381773,-0.0003208948381773,-0.0003208948381773,-0.0003208948381773,-0.0003208948381773,-0.0003208948381773,-0.0003208948381773
2026-07-06,0.0012381345439538,0.0012381345439538,0.0012381345439538,0.0012381345439538,0.0012381345439538,0.0012381345439538,0.0012381345439538,0.0012381345439538,0.0012381345439538
2026-07-07,-0.0001,-0.0001,-4.5800128240292e-05,-0.0001,-0.0001,-4.5800128240292e-05,-0.0001,-0.0001,-4.5800128240292e-05
2026-07-08,0.0008160445197635,0.0008160445197635,0.0009160445197635,0.0008160445197635,0.0008160445197635,0.0009160445197635,0.0008160445197635,0.0008160445197635,0.0009160445197635
2026-07-09,-0.0004576030750926,-0.0004576030750926,-0.0004576030750926,-0.0004576030750926,-0.0004576030750926,-0.0004576030750926,-0.0004576030750926,-0.0004576030750926,-0.0004576030750926
2026-07-10,-0.00013734377146,-0.00013734377146,-0.00013734377146,-0.00013734377146,-0.00013734377146,-0.00013734377146,-0.00013734377146,-0.00013734377146,-0.00013734377146
2026-07-13,-0.0001,-0.0003663003663004,-0.0003663003663004,-0.0003663003663004,-0.0003663003663004,-0.0003663003663004,-0.0001,-0.0003663003663004,-0.0003663003663004
2026-07-14,0.0,-0.0001,0.0002748259435689,-0.0001,-0.0001,0.0002748259435689,0.0,-0.0001,0.0002748259435689
2026-07-15,-0.0,-0.0,-0.0001,-0.0,-0.0,-0.0001,-0.0,-0.0,-0.0001
2026-07-16,-0.000466367466569,-0.000466367466569,-0.000466367466569,-0.000466367466569,-0.000466367466569,-0.000466367466569,-0.000466367466569,-0.000466367466569,-0.000466367466569
2026-07-17,0.0003665017408833,0.0003665017408833,0.0003665017408833,0.0003665017408833,0.0003665017408833,0.0003665017408833,0.0003665017408833,0.0003665017408833,0.0003665017408833
2026-07-20,-0.0001,-0.0005495511998534,-0.0005495511998534,-0.0005495511998534,-0.0005495511998534,-0.0005495511998534,-0.0005495511998534,-0.0005495511998534,-0.0005495511998534
2026-07-21,0.0004498533724339,0.0005498533724339,0.0005498533724339,0.0005498533724339,0.0005498533724339,0.0005498533724339,0.0005498533724339,0.0005498533724339,0.0005498533724339
2026-07-22,0.0013280820663124,0.0013280820663124,0.0013280820663124,0.0013280820663124,0.0013280820663124,0.0013280820663124,0.0013280820663124,0.0013280820663124,0.0013280820663124
2026-07-23,-0.0010061742510861,-0.0010061742510861,-0.0010061742510861,-0.0010061742510861,-0.0010061742510861,-0.0010061742510861,-0.0010061742510861,-0.0010061742510861,-0.0010061742510861
2026-07-24,-0.0001,-0.0001,0.0006867188572998,-0.0001,-0.0001,0.0006867188572998,0.0006867188572998,0.0006867188572998,0.0006867188572998
2026-07-27,-0.0,-0.0,-0.0001,-0.0,-0.0,-0.0001,-0.0001,-0.0001,-0.0001
